fecha_scraping,tienda,categoria,subcategoria,nombre_producto,sku,precio_normal,precio_descuento,url_producto
2026-07-22 13:28:48,Soriana,lacteos-y-huevo,Leche entera,Leche UHT Santa Clara Entera 6 piezas de 750 ml c/u,11450660,147.0,,https://www.soriana.com/leche-uht-santa-clara-entera-6-piezas-de-750-ml-c-u/11450660.html
2026-07-22 13:28:48,Soriana,lacteos-y-huevo,Leche entera,Six Pack Leche Entera UHT Valley Foods,11758215,152.0,,https://www.soriana.com/six-pack-leche-entera-uht-valley-foods/11758215.html
2026-07-22 13:28:48,Soriana,lacteos-y-huevo,Leche entera,Leche Lala Entera 6 piezas de 1 Litro c/u,11400055,196.0,160.0,https://www.soriana.com/leche-lala-entera-6-piezas-de-1-litro-c-u/11400055.html
2026-07-22 13:28:48,Soriana,lacteos-y-huevo,Leche entera,Leche Lala Entera 1.5 lt,11319139,49.9,46.0,https://www.soriana.com/leche-lala-entera-1.5-lt/11319139.html
2026-07-22 13:28:48,Soriana,lacteos-y-huevo,Leche entera,Leche Alpura Clásica 1 Paquete con 4 piezas de 1 lt c/u,11585945,123.0,116.0,https://www.soriana.com/leche-alpura-clasica-1-paquete-con-4-piezas-de-1-lt-c-u/11585945.html
2026-07-22 13:28:48,Soriana,lacteos-y-huevo,Leche entera,Leche Entera Santa Clara 1.5 lt,11590766,54.9,,https://www.soriana.com/leche-entera-santa-clara-1.5-lt/11590766.html
2026-07-22 13:28:48,Soriana,lacteos-y-huevo,Leche entera,Leche Alpura Clásica Entera 1.5 L,11321591,49.9,,https://www.soriana.com/leche-alpura-clasica-entera-1.5-l/11321591.html
2026-07-22 13:28:48,Soriana,lacteos-y-huevo,Leche entera,Forti Regular 1.5 L,11321587,36.9,,https://www.soriana.com/forti-regular-1.5-l/11321587.html
2026-07-22 13:28:48,Soriana,lacteos-y-huevo,Leche entera,Producto Lácteo Combinado Boreal Plus Entera 1.5 Litro,11491679,29.5,25.0,https://www.soriana.com/producto-lacteo-combinado-boreal-plus-entera-1.5-litro/11491679.html
2026-07-22 13:28:48,Soriana,lacteos-y-huevo,Leche entera,Leche Santa Clara Entera 4 Pack,11744840,128.0,123.0,https://www.soriana.com/leche-santa-clara-entera-4-pack/11744840.html
2026-07-22 13:28:48,Soriana,lacteos-y-huevo,Leche entera,Producto lácteo combinado Precíssimo 900 ml,11746764,14.5,,https://www.soriana.com/producto-lacteo-combinado-precissimo-900-ml/11746764.html
2026-07-22 13:28:48,Soriana,lacteos-y-huevo,Leche entera,Leche UHT Entera Santa Clara 180 ml,11615124,13.6,,https://www.soriana.com/leche-uht-entera-santa-clara-180-ml/11615124.html
2026-07-22 13:28:48,Soriana,lacteos-y-huevo,Leche entera,Leche UHT Santa Clara Entera 1 L,1103466,35.9,,https://www.soriana.com/leche-uht-santa-clara-entera-1-l/1103466.html
2026-07-22 13:28:48,Soriana,lacteos-y-huevo,Leche entera,Producto Lácteo Combinado Nutri Entero 1 lt,1108938,23.9,,https://www.soriana.com/producto-lacteo-combinado-nutri-entero-1-lt/1108938.html
2026-07-22 13:28:48,Soriana,lacteos-y-huevo,Leche entera,Leche Alpura Selecta Entera 1 L,1841620,38.5,,https://www.soriana.com/leche-alpura-selecta-entera-1-l/1841620.html
2026-07-22 13:28:48,Soriana,lacteos-y-huevo,Leche entera,Leche UHT Entera Lala 180 ml,11880911,10.5,,https://www.soriana.com/leche-uht-entera-lala-180-ml/11880911.html
2026-07-22 13:28:48,Soriana,lacteos-y-huevo,Leche entera,Fórmula Láctea Más Leche UHT 1 Lt,11223277,21.9,,https://www.soriana.com/formula-lactea-mas-leche-uht-1-lt/11223277.html
2026-07-22 13:28:48,Soriana,lacteos-y-huevo,Leche entera,Producto Lácteo Forti Plus Entera 1 Litro,1083936,25.5,,https://www.soriana.com/producto-lacteo-forti-plus-entera-1-litro/1083936.html
2026-07-22 13:28:48,Soriana,lacteos-y-huevo,Leche entera,Leche Alpura Clásica Entera 1 L,377153,37.5,,https://www.soriana.com/leche-alpura-clasica-entera-1-l/377153.html
2026-07-22 13:28:48,Soriana,lacteos-y-huevo,Leche entera,Leche Lala Fresca Entera 1 lt,365947,33.9,,https://www.soriana.com/leche-lala-fresca-entera-1-lt/365947.html
2026-07-22 13:28:48,Soriana,lacteos-y-huevo,Leche entera,Producto Lácteo Combinado Precíssimo 1.5 L,11724083,29.9,,https://www.soriana.com/producto-lacteo-combinado-precissimo-1.5-l/11724083.html
2026-07-22 13:28:48,Soriana,lacteos-y-huevo,Leche entera,Leche Fresca Lala Entera 3.78 L,365851,103.0,85.0,https://www.soriana.com/leche-fresca-lala-entera-3.78-l/365851.html
2026-07-22 13:28:48,Soriana,lacteos-y-huevo,Leche entera,Producto Lácteo Combinado Boreal Plus Entera 1 Litro,11459622,25.5,,https://www.soriana.com/producto-lacteo-combinado-boreal-plus-entera-1-litro/11459622.html
2026-07-22 13:28:48,Soriana,lacteos-y-huevo,Leche entera,Leche Fresca Lala Entera 1 L de plástico,615923,34.9,,https://www.soriana.com/leche-fresca-lala-entera-1-l-de-plastico/615923.html
2026-07-22 13:28:58,Soriana,lacteos-y-huevo,Leche deslactosada,Leche Santa Clara Deslactosada 6 Piezas de 750 ml c/u,11450483,150.0,,https://www.soriana.com/leche-santa-clara-deslactosada-6-piezas-de-750-ml-c-u/11450483.html
2026-07-22 13:28:58,Soriana,lacteos-y-huevo,Leche deslactosada,Six Pack Leche Deslactosada Light UHT Valley Foods,11758216,146.5,,https://www.soriana.com/six-pack-leche-deslactosada-light-uht-valley-foods/11758216.html
2026-07-22 13:28:58,Soriana,lacteos-y-huevo,Leche deslactosada,Six Pack Leche Deslactosada UHT Valley Foods,11758218,155.0,,https://www.soriana.com/six-pack-leche-deslactosada-uht-valley-foods/11758218.html
2026-07-22 13:28:58,Soriana,lacteos-y-huevo,Leche deslactosada,Leche Lala Deslactosada Light pack de 6 pzas 1 lt c/u,11401056,199.0,186.0,https://www.soriana.com/leche-lala-deslactosada-light-pack-de-6-pzas-1-lt-c-u/11401056.html
2026-07-22 13:28:58,Soriana,lacteos-y-huevo,Leche deslactosada,Leche Lala Deslactosada 1.5 lt,11194616,50.5,47.0,https://www.soriana.com/leche-lala-deslactosada-1.5-lt/11194616.html
2026-07-22 13:28:58,Soriana,lacteos-y-huevo,Leche deslactosada,Leche Lala Deslactosada Light 1.5 lt,11319122,49.5,47.0,https://www.soriana.com/leche-lala-deslactosada-light-1.5-lt/11319122.html
2026-07-22 13:28:58,Soriana,lacteos-y-huevo,Leche deslactosada,Leche Alpura Deslactosada Light 1 Paquete con 4 piezas de 1 lt c/u,11585931,135.0,117.0,https://www.soriana.com/leche-alpura-deslactosada-light-1-paquete-con-4-piezas-de-1-lt-c-u/11585931.html
2026-07-22 13:28:58,Soriana,lacteos-y-huevo,Leche deslactosada,Leche Alpura Deslactosada 1.5 L,11321592,49.9,,https://www.soriana.com/leche-alpura-deslactosada-1.5-l/11321592.html
2026-07-22 13:28:58,Soriana,lacteos-y-huevo,Leche deslactosada,Leche Deslactosada Santa Clara 1.5 lt,11590932,55.5,,https://www.soriana.com/leche-deslactosada-santa-clara-1.5-lt/11590932.html
2026-07-22 13:28:58,Soriana,lacteos-y-huevo,Leche deslactosada,Leche Alpura Deslactosada 1 Paquete con 4 piezas de 1 lt c/u,11585944,135.0,117.0,https://www.soriana.com/leche-alpura-deslactosada-1-paquete-con-4-piezas-de-1-lt-c-u/11585944.html
2026-07-22 13:28:58,Soriana,lacteos-y-huevo,Leche deslactosada,Leche UHT Lala Deslactosada 1 Litro 6 Piezas,11400966,215.0,186.0,https://www.soriana.com/leche-uht-lala-deslactosada-1-litro-6-piezas/11400966.html
2026-07-22 13:28:58,Soriana,lacteos-y-huevo,Leche deslactosada,Leche Santa Clara Deslactosada 1 L,3062307,38.9,,https://www.soriana.com/leche-santa-clara-deslactosada-1-l/3062307.html
2026-07-22 13:28:58,Soriana,lacteos-y-huevo,Leche deslactosada,Leche UHT Santa Clara Deslactosada Light 1 L,2677316,40.9,,https://www.soriana.com/leche-uht-santa-clara-deslactosada-light-1-l/2677316.html
2026-07-22 13:28:58,Soriana,lacteos-y-huevo,Leche deslactosada,Leche Alpura Selecta Deslactosada 1 L,11302260,39.5,,https://www.soriana.com/leche-alpura-selecta-deslactosada-1-l/11302260.html
2026-07-22 13:28:58,Soriana,lacteos-y-huevo,Leche deslactosada,Leche Lala Deslactosada Semidescremada 1 lt,11740100,39.5,,https://www.soriana.com/leche-lala-deslactosada-semidescremada-1-lt/11740100.html
2026-07-22 13:28:58,Soriana,lacteos-y-huevo,Leche deslactosada,Producto Lácteo Forti Plus Deslactosada 1.5 L,11321463,35.9,,https://www.soriana.com/producto-lacteo-forti-plus-deslactosada-1.5-l/11321463.html
2026-07-22 13:28:58,Soriana,lacteos-y-huevo,Leche deslactosada,Leche Alpura Deslactosada 1 L,1050529,36.9,,https://www.soriana.com/leche-alpura-deslactosada-1-l/1050529.html
2026-07-22 13:28:58,Soriana,lacteos-y-huevo,Leche deslactosada,Producto Lácteo Nutri Deslactosado 1 lts,11129833,27.5,,https://www.soriana.com/producto-lacteo-nutri-deslactosado-1-lts/11129833.html
2026-07-22 13:28:58,Soriana,lacteos-y-huevo,Leche deslactosada,Leche Lala Entera Deslactosada 1 L,11661460,36.9,,https://www.soriana.com/leche-lala-entera-deslactosada-1-l/11661460.html
2026-07-22 13:28:58,Soriana,lacteos-y-huevo,Leche deslactosada,Leche Lala Deslactosada Light 1 Lt,1229080,36.9,,https://www.soriana.com/leche-lala-deslactosada-light-1-lt/1229080.html
2026-07-22 13:28:58,Soriana,lacteos-y-huevo,Leche deslactosada,Producto Lácteo Forti Plus Deslactosada 1 L,11174325,26.5,,https://www.soriana.com/producto-lacteo-forti-plus-deslactosada-1-l/11174325.html
2026-07-22 13:28:58,Soriana,lacteos-y-huevo,Leche deslactosada,Leche Santa Clara Deslactosada 4 Pack,11744837,131.0,123.0,https://www.soriana.com/leche-santa-clara-deslactosada-4-pack/11744837.html
2026-07-22 13:28:58,Soriana,lacteos-y-huevo,Leche deslactosada,Six Pack Leche San Marcos Deslactosada Light 1 lt,11617345,188.0,161.0,https://www.soriana.com/six-pack-leche-san-marcos-deslactosada-light-1-lt/11617345.html
2026-07-22 13:28:58,Soriana,lacteos-y-huevo,Leche deslactosada,Leche San Marcos Deslactosada 6 Pack,11617361,187.0,160.0,https://www.soriana.com/leche-san-marcos-deslactosada-6-pack/11617361.html
2026-07-22 13:29:06,Soriana,lacteos-y-huevo,Leche semi y descremada,Leche Lala Semidescremada pack de 6 pzas 1 lt c/u,11401055,199.0,160.0,https://www.soriana.com/leche-lala-semidescremada-pack-de-6-pzas-1-lt-c-u/11401055.html
2026-07-22 13:29:06,Soriana,lacteos-y-huevo,Leche semi y descremada,Leche Alpura Semidescremada 1 L,377154,36.5,,https://www.soriana.com/leche-alpura-semidescremada-1-l/377154.html
2026-07-22 13:29:06,Soriana,lacteos-y-huevo,Leche semi y descremada,Leche Santa Clara Semidescremada 1 L,11135527,38.5,,https://www.soriana.com/leche-santa-clara-semidescremada-1-l/11135527.html
2026-07-22 13:29:06,Soriana,lacteos-y-huevo,Leche semi y descremada,Leche Semidescremada UHT San Marcos 1 Lt,11194744,29.5,,https://www.soriana.com/leche-semidescremada-uht-san-marcos-1-lt/11194744.html
2026-07-22 13:29:06,Soriana,lacteos-y-huevo,Leche semi y descremada,Leche Semidescremada UHT San Marcos 1 Lt,11194742,35.9,,https://www.soriana.com/leche-semidescremada-uht-san-marcos-1-lt/11194742.html
2026-07-22 13:29:06,Soriana,lacteos-y-huevo,Leche semi y descremada,Leche Semidescremada Aguascalientes Ultra Pasteurizada 1 Lt,1083169,26.5,,https://www.soriana.com/leche-semidescremada-aguascalientes-ultra-pasteurizada-1-lt/1083169.html
2026-07-22 13:29:06,Soriana,lacteos-y-huevo,Leche semi y descremada,Leche Bove Descremada 1 Lt,2109051,45.9,,https://www.soriana.com/leche-bove-descremada-1-lt/2109051.html
2026-07-22 13:29:06,Soriana,lacteos-y-huevo,Leche semi y descremada,Leche semidescremada Valley Foods 1 L,11712183,26.9,,https://www.soriana.com/leche-semidescremada-valley-foods-1-l/11712183.html
2026-07-22 13:29:06,Soriana,lacteos-y-huevo,Leche semi y descremada,Producto Lácteo Combinado Precíssimo 1 L,11753479,14.9,,https://www.soriana.com/producto-lacteo-combinado-precissimo-1-l/11753479.html
2026-07-22 13:29:06,Soriana,lacteos-y-huevo,Leche semi y descremada,Leche Lala Semidescremada 1 lt,11740102,40.5,,https://www.soriana.com/leche-lala-semidescremada-1-lt/11740102.html
2026-07-22 13:29:06,Soriana,lacteos-y-huevo,Leche semi y descremada,Producto lácteo combinado Precíssimo 900 ml,11746764,14.5,,https://www.soriana.com/producto-lacteo-combinado-precissimo-900-ml/11746764.html
2026-07-22 13:29:06,Soriana,lacteos-y-huevo,Leche semi y descremada,Leche Sello Rojo Descremada Deslactosada 1 L,1078987,29.5,,https://www.soriana.com/leche-sello-rojo-descremada-deslactosada-1-l/1078987.html
2026-07-22 13:29:06,Soriana,lacteos-y-huevo,Leche semi y descremada,Leche Valley Foods Semidescremada 1 lt,11256815,23.5,,https://www.soriana.com/leche-valley-foods-semidescremada-1-lt/11256815.html
2026-07-22 13:29:06,Soriana,lacteos-y-huevo,Leche semi y descremada,Leche Sello Rojo Semidescremada 1 L,426279,28.9,,https://www.soriana.com/leche-sello-rojo-semidescremada-1-l/426279.html
2026-07-22 13:29:14,Soriana,lacteos-y-huevo,Leche light,Leche Alpura Light 1 L,377182,37.5,,https://www.soriana.com/leche-alpura-light-1-l/377182.html
2026-07-22 13:29:14,Soriana,lacteos-y-huevo,Leche light,Leche UHT Santa Clara Light 1 L,1139765,37.5,,https://www.soriana.com/leche-uht-santa-clara-light-1-l/1139765.html
2026-07-22 13:29:14,Soriana,lacteos-y-huevo,Leche light,Leche Lala Light 1 lt,365938,42.5,,https://www.soriana.com/leche-lala-light-1-lt/365938.html
2026-07-22 13:29:14,Soriana,lacteos-y-huevo,Leche light,Leche Deslactosada Light UHT San Marcos 1 Lt,11194745,29.9,,https://www.soriana.com/leche-deslactosada-light-uht-san-marcos-1-lt/11194745.html
2026-07-22 13:29:14,Soriana,lacteos-y-huevo,Leche light,Leche Light UHT San Marcos 1 Lt,11194743,35.9,,https://www.soriana.com/leche-light-uht-san-marcos-1-lt/11194743.html
2026-07-22 13:29:14,Soriana,lacteos-y-huevo,Leche light,Leche Lala Fresca Light 1 lt,365905,36.5,,https://www.soriana.com/leche-lala-fresca-light-1-lt/365905.html
2026-07-22 13:29:14,Soriana,lacteos-y-huevo,Leche light,Leche Borden Light 1 L,9139980,33.9,,https://www.soriana.com/leche-borden-light-1-l/9139980.html
2026-07-22 13:29:14,Soriana,lacteos-y-huevo,Leche light,Leche Light Valley Foods 1 L,11712184,28.5,,https://www.soriana.com/leche-light-valley-foods-1-l/11712184.html
2026-07-22 13:29:14,Soriana,lacteos-y-huevo,Leche light,Leche Lala Deslactosada Light pack de 6 pzas 1 lt c/u,11401056,199.0,186.0,https://www.soriana.com/leche-lala-deslactosada-light-pack-de-6-pzas-1-lt-c-u/11401056.html
2026-07-22 13:29:14,Soriana,lacteos-y-huevo,Leche light,Leche Lala Light Baja en Grasa 6 piezas de 1 lt c/u,11400054,199.0,160.0,https://www.soriana.com/leche-lala-light-baja-en-grasa-6-piezas-de-1-lt-c-u/11400054.html
2026-07-22 13:29:14,Soriana,lacteos-y-huevo,Leche light,Leche Light Aguascalientes Ultra Pasteurizada 1 Lt,1083168,26.5,,https://www.soriana.com/leche-light-aguascalientes-ultra-pasteurizada-1-lt/1083168.html
2026-07-22 13:29:14,Soriana,lacteos-y-huevo,Leche light,Six Pack Leche Deslactosada Light UHT Valley Foods,11758216,146.5,,https://www.soriana.com/six-pack-leche-deslactosada-light-uht-valley-foods/11758216.html
2026-07-22 13:29:14,Soriana,lacteos-y-huevo,Leche light,Leche Alpura Deslactosada 1 Paquete con 4 piezas de 1 lt c/u,11585944,135.0,117.0,https://www.soriana.com/leche-alpura-deslactosada-1-paquete-con-4-piezas-de-1-lt-c-u/11585944.html
2026-07-22 13:29:14,Soriana,lacteos-y-huevo,Leche light,Leche Alpura 0% 4 pack de 1 lt,11920820,140.0,117.0,https://www.soriana.com/leche-alpura-0--4-pack-de-1-lt/11920820.html
2026-07-22 13:29:14,Soriana,lacteos-y-huevo,Leche light,Leche Sello Rojo Light 1 L,426280,28.5,,https://www.soriana.com/leche-sello-rojo-light-1-l/426280.html
2026-07-22 13:29:14,Soriana,lacteos-y-huevo,Leche light,Leche Valley Foods Light 1 lt,11256836,23.5,,https://www.soriana.com/leche-valley-foods-light-1-lt/11256836.html
2026-07-22 13:29:23,Soriana,lacteos-y-huevo,Leche saborizada,Leche Santa Clara Chocolate 180 ml,11608092,13.5,,https://www.soriana.com/leche-santa-clara-chocolate-180-ml/11608092.html
2026-07-22 13:29:23,Soriana,lacteos-y-huevo,Leche saborizada,Leche Saborizada Lala Yomi Chocolate 180 ml,11856320,10.4,9.5,https://www.soriana.com/leche-saborizada-lala-yomi-chocolate-180-ml/11856320.html
2026-07-22 13:29:23,Soriana,lacteos-y-huevo,Leche saborizada,Leche Lala 100 Cacao 330 ml,11372775,28.5,28.0,https://www.soriana.com/leche-lala-100-cacao-330-ml/11372775.html
2026-07-22 13:29:23,Soriana,lacteos-y-huevo,Leche saborizada,Leche Saborizada Santa Clara Fresa 180 ml,11608090,13.5,,https://www.soriana.com/leche-saborizada-santa-clara-fresa-180-ml/11608090.html
2026-07-22 13:29:23,Soriana,lacteos-y-huevo,Leche saborizada,Leche Saborizada Santa Clara Cappuccino180 ml,11608100,13.5,,https://www.soriana.com/leche-saborizada-santa-clara-cappuccino180-ml/11608100.html
2026-07-22 13:29:23,Soriana,lacteos-y-huevo,Leche saborizada,Leche saborizada Alpura Vaquitas sabor fresa 200 ml,11609723,11.3,,https://www.soriana.com/leche-saborizada-alpura-vaquitas-sabor-fresa-200-ml/11609723.html
2026-07-22 13:29:23,Soriana,lacteos-y-huevo,Leche saborizada,Leche saborizada Alpura Vaquitas sabor vainilla 200 ml,11609724,11.3,,https://www.soriana.com/leche-saborizada-alpura-vaquitas-sabor-vainilla-200-ml/11609724.html
2026-07-22 13:29:23,Soriana,lacteos-y-huevo,Leche saborizada,Leche Saborizada Lala Yomi Vainilla 180 ml,11856326,10.4,9.5,https://www.soriana.com/leche-saborizada-lala-yomi-vainilla-180-ml/11856326.html
2026-07-22 13:29:23,Soriana,lacteos-y-huevo,Leche saborizada,Leche Saborizada Lala Yomi Vainilla 960 ml,11635789,39.5,38.0,https://www.soriana.com/leche-saborizada-lala-yomi-vainilla-960-ml/11635789.html
2026-07-22 13:29:23,Soriana,lacteos-y-huevo,Leche saborizada,Leche Saborizada Lala Yomi Chocolate 960 ml,11634851,38.9,38.0,https://www.soriana.com/leche-saborizada-lala-yomi-chocolate-960-ml/11634851.html
2026-07-22 13:29:23,Soriana,lacteos-y-huevo,Leche saborizada,Leche Saborizada Santa Clara Algodón 180 ml,11608104,13.2,,https://www.soriana.com/leche-saborizada-santa-clara-algodon-180-ml/11608104.html
2026-07-22 13:29:23,Soriana,lacteos-y-huevo,Leche saborizada,Leche Saborizada Lala Yomi Fresa 180 ml,11856321,10.4,9.5,https://www.soriana.com/leche-saborizada-lala-yomi-fresa-180-ml/11856321.html
2026-07-22 13:29:23,Soriana,lacteos-y-huevo,Leche saborizada,Café Con Lala Chocolate 330 ml,11559953,26.5,26.0,https://www.soriana.com/cafe-con-lala-chocolate-330-ml/11559953.html
2026-07-22 13:29:23,Soriana,lacteos-y-huevo,Leche saborizada,Leche Saborizada Alpura Moka 315 ml,11804524,24.5,,https://www.soriana.com/leche-saborizada-alpura-moka-315-ml/11804524.html
2026-07-22 13:29:23,Soriana,lacteos-y-huevo,Leche saborizada,Leche Saborizada Santa Clara Vainilla 180 ml,11608093,13.5,,https://www.soriana.com/leche-saborizada-santa-clara-vainilla-180-ml/11608093.html
2026-07-22 13:29:23,Soriana,lacteos-y-huevo,Leche saborizada,Leche Saborizada Lala Yomi Fresa 960 ml,11635797,38.9,38.0,https://www.soriana.com/leche-saborizada-lala-yomi-fresa-960-ml/11635797.html
2026-07-22 13:29:23,Soriana,lacteos-y-huevo,Leche saborizada,Leche Lala 100 Vainilla 330 ml,11366229,28.5,28.0,https://www.soriana.com/leche-lala-100-vainilla-330-ml/11366229.html
2026-07-22 13:29:23,Soriana,lacteos-y-huevo,Leche saborizada,Café con Leche Lala UHT Clásico 330 ml,11334064,28.9,26.0,https://www.soriana.com/cafe-con-leche-lala-uht-clasico-330-ml/11334064.html
2026-07-22 13:29:23,Soriana,lacteos-y-huevo,Leche saborizada,Café Con Lala Vainilla 330 ml,11560124,28.9,26.0,https://www.soriana.com/cafe-con-lala-vainilla-330-ml/11560124.html
2026-07-22 13:29:23,Soriana,lacteos-y-huevo,Leche saborizada,Leche Lala 100 Fresa 330 ml,11373662,28.5,28.0,https://www.soriana.com/leche-lala-100-fresa-330-ml/11373662.html
2026-07-22 13:29:23,Soriana,lacteos-y-huevo,Leche saborizada,Leche Santa Clara Sabor Helado de Chocolate 250 ml,11333370,21.5,,https://www.soriana.com/leche-santa-clara-sabor-helado-de-chocolate-250-ml/11333370.html
2026-07-22 13:29:23,Soriana,lacteos-y-huevo,Leche saborizada,Leche Santa Clara Sabor Helado de Fresa 250 ml,11333371,21.5,,https://www.soriana.com/leche-santa-clara-sabor-helado-de-fresa-250-ml/11333371.html
2026-07-22 13:29:23,Soriana,lacteos-y-huevo,Leche saborizada,Leche Saborizada Santa Clara Triple Chocolate 250 ml,11463256,21.5,,https://www.soriana.com/leche-saborizada-santa-clara-triple-chocolate-250-ml/11463256.html
2026-07-22 13:29:23,Soriana,lacteos-y-huevo,Leche saborizada,Leche Saborizada Santa Clara Helado de Menta con Chocolate 250 ml,9109771,21.5,,https://www.soriana.com/leche-saborizada-santa-clara-helado-de-menta-con-chocolate-250-ml/9109771.html
2026-07-22 13:29:34,Soriana,lacteos-y-huevo,Bebidas vegetales,Alimento Líquido Ades Almendra sin Azúcar Natural 3 piezas de 946 ml c/u,11540775,129.0,,https://www.soriana.com/alimento-liquido-ades-almendra-sin-azucar-natural-3-piezas-de-946-ml-c-u/11540775.html
2026-07-22 13:29:34,Soriana,lacteos-y-huevo,Bebidas vegetales,Bebida Vegetal Sabor Avena Silk Sin Azúcar 946 ml,11533686,55.9,,https://www.soriana.com/bebida-vegetal-sabor-avena-silk-sin-azucar-946-ml/11533686.html
2026-07-22 13:29:34,Soriana,lacteos-y-huevo,Bebidas vegetales,Bebida Vegetal Sabor Almendra Silk 946 ml,11083189,50.5,,https://www.soriana.com/bebida-vegetal-sabor-almendra-silk-946-ml/11083189.html
2026-07-22 13:29:34,Soriana,lacteos-y-huevo,Bebidas vegetales,Silk Proteina Bebida Vegetal 946 ml,11518499,62.5,,https://www.soriana.com/silk-proteina-bebida-vegetal-946-ml/11518499.html
2026-07-22 13:29:34,Soriana,lacteos-y-huevo,Bebidas vegetales,Silk Bebida Vegetal sabor Coco sin Azúcar 946 ml,9132883,55.9,,https://www.soriana.com/silk-bebida-vegetal-sabor-coco-sin-azucar-946-ml/9132883.html
2026-07-22 13:29:34,Soriana,lacteos-y-huevo,Bebidas vegetales,Bebida Vegetal Sabor Soya Silk Sin Azúcar 946 ml,11450492,55.9,,https://www.soriana.com/bebida-vegetal-sabor-soya-silk-sin-azucar-946-ml/11450492.html
2026-07-22 13:29:34,Soriana,lacteos-y-huevo,Bebidas vegetales,Bebida Vegetal Nature's Heart Avena-vainilla 946ml,11673263,48.5,,https://www.soriana.com/bebida-vegetal-natures-heart-avena-vainilla-946ml/11673263.html
2026-07-22 13:29:34,Soriana,lacteos-y-huevo,Bebidas vegetales,Bebida Vegetal Nature's Heart Sabor Almendra Sin Azúcar,11086059,48.5,,https://www.soriana.com/bebida-vegetal-natures-heart-sabor-almendra-sin-azucar/11086059.html
2026-07-22 13:29:34,Soriana,lacteos-y-huevo,Bebidas vegetales,Bebida Vegetal Nature's Heart Sabor Almendra Vainilla Sin Azúcar 946ml,11154813,48.5,,https://www.soriana.com/bebida-vegetal-natures-heart-sabor-almendra-vainilla-sin-azucar-946ml/11154813.html
2026-07-22 13:29:34,Soriana,lacteos-y-huevo,Bebidas vegetales,Bebida Vegetal Nature's Heart Con Avena Linaza 946ml,11519047,48.5,,https://www.soriana.com/bebida-vegetal-natures-heart-con-avena-linaza-946ml/11519047.html
2026-07-22 13:29:34,Soriana,lacteos-y-huevo,Bebidas vegetales,Bebida Vegetal Nature's Heart Sabor Arroz Sin Azúcar 946ml,2426087,48.5,,https://www.soriana.com/bebida-vegetal-natures-heart-sabor-arroz-sin-azucar-946ml/2426087.html
2026-07-22 13:29:34,Soriana,lacteos-y-huevo,Bebidas vegetales,Bebida Vegetal Sabor Almendra de California Silk Sin Azúcar 946mL,11680708,55.9,,https://www.soriana.com/bebida-vegetal-sabor-almendra-de-california-silk-sin-azucar-946ml/11680708.html
2026-07-22 13:29:34,Soriana,lacteos-y-huevo,Bebidas vegetales,Bebida Vegetal Sabor Almendra con Vainilla Silk Sin Azúcar 946 ml,11112350,55.9,,https://www.soriana.com/bebida-vegetal-sabor-almendra-con-vainilla-silk-sin-azucar-946-ml/11112350.html
2026-07-22 13:29:34,Soriana,lacteos-y-huevo,Bebidas vegetales,Silk Bebida Vegetal sabor Almendra sin Azúcar Endulzado con Monk fruit 946 ml,11491631,50.5,,https://www.soriana.com/silk-bebida-vegetal-sabor-almendra-sin-azucar-endulzado-con-monk-fruit--946-ml/11491631.html
2026-07-22 13:29:34,Soriana,lacteos-y-huevo,Bebidas vegetales,Silk Bebida Vegetal sabor Avena sin Azúcar Endulzado con Monk fruit 946 ml,11534516,50.5,,https://www.soriana.com/silk-bebida-vegetal-sabor-avena-sin-azucar-endulzado-con-monk-fruit-946-ml/11534516.html
2026-07-22 13:29:34,Soriana,lacteos-y-huevo,Bebidas vegetales,Bebida Tea Latte Fruto Rojo Nature's Heart 330 ml,11885575,27.5,,https://www.soriana.com/bebida-tea-latte-fruto-rojo-natures-heart-330-ml/11885575.html
2026-07-22 13:29:34,Soriana,lacteos-y-huevo,Bebidas vegetales,Bebida Tea Latte Matcha Vainilla Nature's Heart 330 ml,11885556,28.9,,https://www.soriana.com/bebida-tea-latte-matcha-vainilla-natures-heart-330-ml/11885556.html
2026-07-22 13:29:34,Soriana,lacteos-y-huevo,Bebidas vegetales,Bebida de Soya Ades Natural 946 ml,625934,40.5,,https://www.soriana.com/bebida-de-soya-ades-natural-946-ml/625934.html
2026-07-22 13:29:34,Soriana,lacteos-y-huevo,Bebidas vegetales,Alimento Líquido Ades Almendra Sin Azúcar 946 ml,9109596,52.0,,https://www.soriana.com/alimento-liquido-ades-almendra-sin-azucar-946-ml/9109596.html
2026-07-22 13:29:34,Soriana,lacteos-y-huevo,Bebidas vegetales,Néctar con 25% de coco Original A de Coco 1 Litro,11154725,56.5,,https://www.soriana.com/nectar-con-25--de-coco-original-a-de-coco-1-litro/11154725.html
2026-07-22 13:29:34,Soriana,lacteos-y-huevo,Bebidas vegetales,Bebida Vegetal Sabor Almendra con Vainilla Silk 946 ml,11083216,50.5,,https://www.soriana.com/bebida-vegetal-sabor-almendra-con-vainilla-silk-946-ml/11083216.html
2026-07-22 13:29:34,Soriana,lacteos-y-huevo,Bebidas vegetales,Leche Vegetal NotMilk Ligera 1 Litro,11680222,49.5,,https://www.soriana.com/leche-vegetal-notmilk-ligera-1-litro/11680222.html
2026-07-22 13:29:34,Soriana,lacteos-y-huevo,Bebidas vegetales,Bebida de Almendras Almond Breeze con Vainilla,11577046,64.5,,https://www.soriana.com/bebida-de-almendras-almond-breeze-con-vainilla/11577046.html
2026-07-22 13:29:34,Soriana,lacteos-y-huevo,Bebidas vegetales,Alimento de Soya GüD Orgánico 1 Lt,9068758,53.0,,https://www.soriana.com/alimento-de-soya-gud-organico-1-lt/9068758.html
2026-07-22 13:29:43,Soriana,lacteos-y-huevo,Leche especializada,Leche Lala 100 + Proteína 1 lt sin Lactosa,11211283,52.9,49.0,https://www.soriana.com/leche-lala-100-proteina-1-lt-sin-lactosa/11211283.html
2026-07-22 13:29:43,Soriana,lacteos-y-huevo,Leche especializada,Leche Lala 100 + Proteína Light 1 lt sin Lactosa,11211342,51.9,49.0,https://www.soriana.com/leche-lala-100-proteina-light-1-lt-sin-lactosa/11211342.html
2026-07-22 13:29:43,Soriana,lacteos-y-huevo,Leche especializada,Leche Lala 100 Low Carb 1 lt sin Lactosa,11211330,54.9,,https://www.soriana.com/leche-lala-100-low-carb-1-lt-sin-lactosa/11211330.html
2026-07-22 13:29:43,Soriana,lacteos-y-huevo,Leche especializada,Leche Lala Deslactosada 1.5 lt,11194616,50.5,47.0,https://www.soriana.com/leche-lala-deslactosada-1.5-lt/11194616.html
2026-07-22 13:29:43,Soriana,lacteos-y-huevo,Leche especializada,Leche Alpura Extra Proteína Deslactosada 1 L,11530849,43.5,35.5,https://www.soriana.com/leche-alpura-extra-proteina-deslactosada-1-l/11530849.html
2026-07-22 13:29:43,Soriana,lacteos-y-huevo,Leche especializada,Leche Lala 100 Vainilla 330 ml,11366229,28.5,28.0,https://www.soriana.com/leche-lala-100-vainilla-330-ml/11366229.html
2026-07-22 13:29:43,Soriana,lacteos-y-huevo,Leche especializada,Leche Lala Deslactosada Light 1.5 lt,11319122,49.5,47.0,https://www.soriana.com/leche-lala-deslactosada-light-1.5-lt/11319122.html
2026-07-22 13:29:43,Soriana,lacteos-y-huevo,Leche especializada,Leche Alpura Extra Proteína Baja en Grasa 1 Litro,11530751,43.9,35.5,https://www.soriana.com/leche-alpura-extra-proteina-baja-en-grasa-1-litro/11530751.html
2026-07-22 13:29:43,Soriana,lacteos-y-huevo,Leche especializada,Leche Lala Entera 1.5 lt,11319139,49.9,46.0,https://www.soriana.com/leche-lala-entera-1.5-lt/11319139.html
2026-07-22 13:29:43,Soriana,lacteos-y-huevo,Leche especializada,Bebida de Avena Oatly Barista 1 Litro,11840271,83.5,,https://www.soriana.com/bebida-de-avena-oatly-barista-1-litro/11840271.html
2026-07-22 13:29:43,Soriana,lacteos-y-huevo,Leche especializada,Leche Lala 100 Cacao 330 ml,11372775,28.5,28.0,https://www.soriana.com/leche-lala-100-cacao-330-ml/11372775.html
2026-07-22 13:29:43,Soriana,lacteos-y-huevo,Leche especializada,Leche Lala 100 Fresa 330 ml,11373662,28.5,28.0,https://www.soriana.com/leche-lala-100-fresa-330-ml/11373662.html
2026-07-22 13:29:53,Soriana,lacteos-y-huevo,Leche en polvo,Leche Polvo Alpura Deslactosad 460gr Bol,11389348,107.0,105.0,https://www.soriana.com/leche-polvo-alpura-deslactosad-460gr-bol/11389348.html
2026-07-22 13:29:53,Soriana,lacteos-y-huevo,Leche en polvo,Leche Evaporada Nestlé Carnation Polvo 460g,11438649,70.0,,https://www.soriana.com/leche-evaporada-nestle-carnation-polvo-460g/11438649.html
2026-07-22 13:29:53,Soriana,lacteos-y-huevo,Leche en polvo,Leche Polvo Alpura 460 Gr Pz,11389278,106.5,102.0,https://www.soriana.com/leche-polvo-alpura-460-gr-pz/11389278.html
2026-07-22 13:29:53,Soriana,lacteos-y-huevo,Leche en polvo,Producto Lácteo Combinado con Grasa Vegetal Nutri Rindes 460g,11124603,65.0,59.0,https://www.soriana.com/producto-lacteo-combinado-con-grasa-vegetal-nutri-rindes-460g/11124603.html
2026-07-22 13:29:53,Soriana,lacteos-y-huevo,Leche en polvo,Producto Lácteo Combinado con Grasa Vegetal Nutri Rindes 2kg,9107226,255.0,,https://www.soriana.com/producto-lacteo-combinado-con-grasa-vegetal-nutri-rindes-2kg/9107226.html
2026-07-22 13:29:53,Soriana,lacteos-y-huevo,Leche en polvo,Leche Evaporada Nestlé Carnation Polvo 120g,11438648,20.5,,https://www.soriana.com/leche-evaporada-nestle-carnation-polvo-120g/11438648.html
2026-07-22 13:29:53,Soriana,lacteos-y-huevo,Leche en polvo,Alimento Lacteo Kids Valley Foods 800 g,11709425,145.9,,https://www.soriana.com/alimento-lacteo-kids-valley-foods--800-g/11709425.html
2026-07-22 13:29:53,Soriana,lacteos-y-huevo,Leche en polvo,Nido Kinder de 1.4 kg + Nido Kinder de 360 g,11886896,299.0,,https://www.soriana.com/nido-kinder-de-1.4-kg-nido-kinder-de-360-g/11886896.html
2026-07-22 13:29:53,Soriana,lacteos-y-huevo,Leche en polvo,Saborizante Choco Choco Ibarra 300g,11831086,42.5,,https://www.soriana.com/saborizante-choco-choco-ibarra-300g/11831086.html
2026-07-22 13:29:53,Soriana,lacteos-y-huevo,Leche en polvo,Leche en Polvo Precíssimo 460 g,11926126,54.9,,https://www.soriana.com/leche-en-polvo-precissimo-460-g/11926126.html
2026-07-22 13:29:53,Soriana,lacteos-y-huevo,Leche en polvo,Leche en Polvo Valley Foods 120 g,11926036,23.9,,https://www.soriana.com/leche-en-polvo-valley-foods-120-g/11926036.html
2026-07-22 13:29:53,Soriana,lacteos-y-huevo,Leche en polvo,Leche en Polvo Precíssimo 120 g,11926133,14.9,,https://www.soriana.com/leche-en-polvo-precissimo-120-g/11926133.html
2026-07-22 13:29:53,Soriana,lacteos-y-huevo,Leche en polvo,Leche en Polvo Valley Foods 460 g,11926117,79.9,,https://www.soriana.com/leche-en-polvo-valley-foods-460-g/11926117.html
2026-07-22 13:29:53,Soriana,lacteos-y-huevo,Leche en polvo,Leche en Polvo Precíssimo 1.5 kg,11926068,139.9,,https://www.soriana.com/leche-en-polvo-precissimo-1.5-kg/11926068.html
2026-07-22 13:29:53,Soriana,lacteos-y-huevo,Leche en polvo,Alimento para niños de corta edad Nido Kínder 1 + lata de 1.4 kg + lata de 360 g,11723418,295.0,,https://www.soriana.com/alimento-para-ninos-de-corta-edad-nido-kinder-1-lata-de-1.4-kg-lata-de-360-g/11723418.html
2026-07-22 13:29:53,Soriana,lacteos-y-huevo,Leche en polvo,Producto Lacteo en Polvo Dulce Día 460 g,11904252,59.0,,https://www.soriana.com/producto-lacteo-en-polvo-dulce-dia-460-g/11904252.html
2026-07-22 13:29:53,Soriana,lacteos-y-huevo,Leche en polvo,Leche Entera en Polvo Dulce DÍa 460 g,11918294,86.5,,https://www.soriana.com/leche-entera-en-polvo-dulce-dia-460-g/11918294.html
2026-07-22 13:30:02,Soriana,lacteos-y-huevo,Leche fresca,Leche Fresca Lala Entera 1.8 lts,11145991,56.9,45.0,https://www.soriana.com/leche-fresca-lala-entera-1.8-lts/11145991.html
2026-07-22 13:30:02,Soriana,lacteos-y-huevo,Leche fresca,Leche Fresca Lala Entera 3.78 L,365851,103.0,85.0,https://www.soriana.com/leche-fresca-lala-entera-3.78-l/365851.html
2026-07-22 13:30:02,Soriana,lacteos-y-huevo,Leche fresca,Leche Lala 100 + Proteína Light 1 lt sin Lactosa,11178616,52.9,49.0,https://www.soriana.com/leche-lala-100-proteina-light-1-lt-sin-lactosa/11178616.html
2026-07-22 13:30:02,Soriana,lacteos-y-huevo,Leche fresca,Leche Lala 100 Low Carb 1 lt sin Lactosa,11177718,54.5,49.0,https://www.soriana.com/leche-lala-100-low-carb-1-lt-sin-lactosa/11177718.html
2026-07-22 13:30:02,Soriana,lacteos-y-huevo,Leche fresca,Leche Lala Fresca Light 1 lt,365905,36.5,,https://www.soriana.com/leche-lala-fresca-light-1-lt/365905.html
2026-07-22 13:30:02,Soriana,lacteos-y-huevo,Leche fresca,Leche Fresca Lala Deslactosada 1.8 L,11157855,60.5,,https://www.soriana.com/leche-fresca-lala-deslactosada--1.8-l/11157855.html
2026-07-22 13:30:02,Soriana,lacteos-y-huevo,Leche fresca,Leche Lala Fresca Entera 1 lt,365947,33.9,,https://www.soriana.com/leche-lala-fresca-entera-1-lt/365947.html
2026-07-22 13:30:02,Soriana,lacteos-y-huevo,Leche fresca,Leche Fresca Lala Entera 1 L de plástico,615923,34.9,,https://www.soriana.com/leche-fresca-lala-entera-1-l-de-plastico/615923.html
2026-07-22 13:30:02,Soriana,lacteos-y-huevo,Leche fresca,Producto Lácteo Nutri Fresco Entero 1.8 lts,11670438,48.5,36.0,https://www.soriana.com/producto-lacteo-nutri-fresco-entero-1.8-lts/11670438.html
2026-07-22 13:30:02,Soriana,lacteos-y-huevo,Leche fresca,Leche Lala 100 + Proteína 1 lt sin Lactosa,11176534,52.9,49.0,https://www.soriana.com/leche-lala-100-proteina-1-lt-sin-lactosa/11176534.html
2026-07-22 13:30:02,Soriana,lacteos-y-huevo,Leche fresca,Leche Fresca Queen Entera 1.8L,11670398,51.0,49.0,https://www.soriana.com/leche-fresca-queen-entera-1.8l/11670398.html
2026-07-22 13:30:02,Soriana,lacteos-y-huevo,Leche fresca,Leche Fresca Lala Light 1.8 L,11146058,59.9,,https://www.soriana.com/leche-fresca-lala-light-1.8-l/11146058.html
2026-07-22 13:30:02,Soriana,lacteos-y-huevo,Leche fresca,Producto Lácteo Boiré 1.86 L,11140036,39.5,,https://www.soriana.com/producto-lacteo-boire-1.86-l/11140036.html
2026-07-22 13:30:02,Soriana,lacteos-y-huevo,Leche fresca,Leche Fresca Monarca Entera 1.8L,11670417,45.0,,https://www.soriana.com/leche-fresca-monarca-entera-1.8l/11670417.html
2026-07-22 13:30:02,Soriana,lacteos-y-huevo,Leche fresca,Producto Lácteo Nutri Fresco Entero 950 ml,11509375,25.9,,https://www.soriana.com/producto-lacteo-nutri-fresco-entero-950-ml/11509375.html
2026-07-22 13:30:11,Soriana,lacteos-y-huevo,Leche orgánica,Leche Bove Entera 1 Lt,2108908,46.5,,https://www.soriana.com/leche-bove-entera-1-lt/2108908.html
2026-07-22 13:30:11,Soriana,lacteos-y-huevo,Leche orgánica,Kéfir Bové Deslactosado Natural 250 ml,11889326,33.9,,https://www.soriana.com/kefir-bove-deslactosado-natural-250-ml/11889326.html
2026-07-22 13:30:11,Soriana,lacteos-y-huevo,Leche orgánica,Kéfir Bové Deslactosado Sabor Fresa 250 ml,11889333,31.9,,https://www.soriana.com/kefir-bove-deslactosado-sabor-fresa-250-ml/11889333.html
2026-07-22 13:30:11,Soriana,lacteos-y-huevo,Leche orgánica,Leche de Avena sabor Vainilla Barista Califia Farms 946 ml,11888307,122.49,,https://www.soriana.com/leche-de-avena-sabor-vainilla-barista-califia-farms-946-ml/11888307.html
2026-07-22 13:30:11,Soriana,lacteos-y-huevo,Leche orgánica,Leche de Almendras sin Azúcar Califia Farms 946 ml,11888300,83.9,,https://www.soriana.com/leche-de-almendras-sin-azucar-califia-farms-946-ml/11888300.html
2026-07-22 13:30:11,Soriana,lacteos-y-huevo,Leche orgánica,Leche UHT Orgánica Entera Bove 330 ml,11932900,19.1,,https://www.soriana.com/leche-uht-organica-entera-bove-330-ml/11932900.html
2026-07-22 13:30:25,Soriana,lacteos-y-huevo,Huevo blanco,Huevo Blanco Bachoco 12 pzas,650025,39.9,32.0,https://www.soriana.com/huevo-blanco-bachoco-12-pzas/650025.html
2026-07-22 13:30:25,Soriana,lacteos-y-huevo,Huevo blanco,Huevo Blanco San Juan 30 Piezas,1054247,64.9,60.0,https://www.soriana.com/huevo-blanco-san-juan-30-piezas/1054247.html
2026-07-22 13:30:25,Soriana,lacteos-y-huevo,Huevo blanco,Huevo Blanco San Juan 12 Piezas,1053256,27.9,,https://www.soriana.com/huevo-blanco-san-juan-12-piezas/1053256.html
2026-07-22 13:30:25,Soriana,lacteos-y-huevo,Huevo blanco,Huevo Blanco Calvario 12 piezas,602753,28.0,,https://www.soriana.com/huevo-blanco-calvario-12-piezas/602753.html
2026-07-22 13:30:25,Soriana,lacteos-y-huevo,Huevo blanco,Huevo Blanco Precíssimo 30 Piezas,11834017,69.9,54.5,https://www.soriana.com/huevo-blanco-precissimo-30-piezas/11834017.html
2026-07-22 13:30:25,Soriana,lacteos-y-huevo,Huevo blanco,Huevo Blanco Bachoco 30 pzas,650026,84.9,65.0,https://www.soriana.com/huevo-blanco-bachoco-30-pzas/650026.html
2026-07-22 13:30:25,Soriana,lacteos-y-huevo,Huevo blanco,Huevo Blanco Bachoco 18 pzas,390418,46.9,46.0,https://www.soriana.com/huevo-blanco-bachoco-18-pzas/390418.html
2026-07-22 13:30:25,Soriana,lacteos-y-huevo,Huevo blanco,Huevo Blanco San Juan 18 Piezas,1053255,51.9,43.0,https://www.soriana.com/huevo-blanco-san-juan-18-piezas/1053255.html
2026-07-22 13:30:25,Soriana,lacteos-y-huevo,Huevo blanco,Huevo Blanco Calvario 30 piezas,1500390,67.9,65.0,https://www.soriana.com/huevo-blanco-calvario-30-piezas/1500390.html
2026-07-22 13:30:25,Soriana,lacteos-y-huevo,Huevo blanco,Huevo Blanco Calvario 18 piezas,602754,39.9,38.0,https://www.soriana.com/huevo-blanco-calvario-18-piezas/602754.html
2026-07-22 13:30:25,Soriana,lacteos-y-huevo,Huevo blanco,Huevo Blanco de Libre Pastoreo 12 piezas,11529781,69.9,,https://www.soriana.com/huevo-blanco-de-libre-pastoreo-12-piezas/11529781.html
2026-07-22 13:30:25,Soriana,lacteos-y-huevo,Huevo blanco,Huevo Blanco gallina libre Bachoco 12 pzas,11191813,64.9,40.0,https://www.soriana.com/huevo-blanco-gallina-libre-bachoco-12-pzas/11191813.html
2026-07-22 13:30:25,Soriana,lacteos-y-huevo,Huevo blanco,Huevo Blanco Precíssimo 12 Piezas,11842346,33.9,27.0,https://www.soriana.com/huevo-blanco-precissimo-12-piezas/11842346.html
2026-07-22 13:30:25,Soriana,lacteos-y-huevo,Huevo blanco,Huevo Blanco Libre de Pastoreo Valley Foods Fresh 12 Piezas,11835039,72.9,,https://www.soriana.com/huevo-blanco-libre-de-pastoreo-valley-foods-fresh-12-piezas/11835039.html
2026-07-22 13:30:25,Soriana,lacteos-y-huevo,Huevo blanco,Huevo Real Blanco Libre Pastoreo 12 Pzs,11681840,72.0,,https://www.soriana.com/huevo-real-blanco-libre-pastoreo-12-pzs/11681840.html
2026-07-22 13:30:25,Soriana,lacteos-y-huevo,Huevo blanco,Huevo de Codorniz San Andrés 24 piezas,11191589,104.9,,https://www.soriana.com/huevo-de-codorniz-san-andres-24-piezas/11191589.html
2026-07-22 13:30:33,Soriana,lacteos-y-huevo,Huevo rojo,Huevo Rojo Bachoco 30 pzas,650024,119.9,85.0,https://www.soriana.com/huevo-rojo-bachoco-30-pzas/650024.html
2026-07-22 13:30:33,Soriana,lacteos-y-huevo,Huevo rojo,Huevo Rojo Bachoco 18 pzas,390416,76.9,57.0,https://www.soriana.com/huevo-rojo-bachoco-18-pzas/390416.html
2026-07-22 13:30:33,Soriana,lacteos-y-huevo,Huevo rojo,Huevo Rojo Bachoco 12 pzas,390417,54.9,41.0,https://www.soriana.com/huevo-rojo-bachoco-12-pzas/390417.html
2026-07-22 13:30:33,Soriana,lacteos-y-huevo,Huevo rojo,Huevo Rojo Libre de Pastoreo Valley Foods Fresh 12 Piezas,11835040,72.9,,https://www.soriana.com/huevo-rojo-libre-de-pastoreo-valley-foods-fresh-12-piezas/11835040.html
2026-07-22 13:30:33,Soriana,lacteos-y-huevo,Huevo rojo,Huevo Rojo San Andrés de Rancho 12 Piezas,11487538,98.9,,https://www.soriana.com/huevo-rojo-san-andres-de-rancho-12-piezas/11487538.html
2026-07-22 13:30:41,Soriana,lacteos-y-huevo,Claras de huevo,Claras de Huevo San Juan 1 kg,2191899,46.5,,https://www.soriana.com/claras-de-huevo-san-juan-1-kg/2191899.html
2026-07-22 13:30:41,Soriana,lacteos-y-huevo,Claras de huevo,Claras de Huevo San Juan 500 g,2506718,27.5,,https://www.soriana.com/claras-de-huevo-san-juan-500-g/2506718.html
2026-07-22 13:30:49,Soriana,lacteos-y-huevo,Huevo orgánico,Huevo Blanco Aires de Campo Orgánico 12 piezas,9127027,80.5,,https://www.soriana.com/huevo-blanco-aires-de-campo-organico-12-piezas/9127027.html
2026-07-22 13:30:49,Soriana,lacteos-y-huevo,Huevo orgánico,Huevo Rojo San Andrés Libres de Jaula 12 Piezas,11409202,104.9,,https://www.soriana.com/huevo-rojo-san-andres-libres-de-jaula-12-piezas/11409202.html
2026-07-22 13:30:49,Soriana,lacteos-y-huevo,Huevo orgánico,Huevo Rojo Aires de Campo Orgánico 12 piezas,9127028,84.9,,https://www.soriana.com/huevo-rojo-aires-de-campo-organico-12-piezas/9127028.html
2026-07-22 13:30:49,Soriana,lacteos-y-huevo,Huevo orgánico,Huevo de Libre de Pastoreo Nutricampo 12 Piezas,11417203,81.9,,https://www.soriana.com/huevo-de-libre-de-pastoreo-nutricampo-12-piezas/11417203.html
2026-07-22 13:30:49,Soriana,lacteos-y-huevo,Huevo orgánico,Huevo Campo Vivo Orgánico 12 piezas,11475439,88.5,,https://www.soriana.com/huevo-campo-vivo-organico-12-piezas/11475439.html
2026-07-22 13:30:49,Soriana,lacteos-y-huevo,Huevo orgánico,Huevo Rojo San Andrés de Libre Pastoreo 12 Piezas,11409159,119.9,,https://www.soriana.com/huevo-rojo-san-andres-de-libre-pastoreo-12-piezas/11409159.html
2026-07-22 13:31:05,Soriana,lacteos-y-huevo,Yoghurt natural,Yoghurt Batido Yoplait Griego Sin Azúcar Natural 1 kg,11264314,95.5,95.0,https://www.soriana.com/yoghurt-batido-yoplait-griego-sin-azucar-natural-1-kg/11264314.html
2026-07-22 13:31:05,Soriana,lacteos-y-huevo,Yoghurt natural,Yogurt Griego Oikos Selecto Natural 12 g de Proteína Sin Azúcar Añadida 900 g,11477920,124.0,95.0,https://www.soriana.com/yogurt-griego-oikos-selecto-natural-12-g-de-proteina-sin-azucar-anadida-900-g/11477920.html
2026-07-22 13:31:05,Soriana,lacteos-y-huevo,Yoghurt natural,Yoghurt Yoplait Natural 1 kg,373362,56.9,,https://www.soriana.com/yoghurt-yoplait-natural-1-kg/373362.html
2026-07-22 13:31:05,Soriana,lacteos-y-huevo,Yoghurt natural,Yoghurt Batido Yoplait Doble Cero Natural 1 kg,1043229,62.5,,https://www.soriana.com/yoghurt-batido-yoplait-doble-cero-natural-1-kg/1043229.html
2026-07-22 13:31:05,Soriana,lacteos-y-huevo,Yoghurt natural,Yoghurt Griego Oikos Sin Endulzar Natural 900 g,11588223,117.0,,https://www.soriana.com/yoghurt-griego-oikos-sin-endulzar-natural-900-g/11588223.html
2026-07-22 13:31:05,Soriana,lacteos-y-huevo,Yoghurt natural,Yogurt Griego Oikos Selecto Endulzado 11 g de Proteína Monk Fruit 900 g,11588214,122.0,,https://www.soriana.com/yogurt-griego-oikos-selecto-endulzado-11-g-de-proteina-monk-fruit-900-g/11588214.html
2026-07-22 13:31:05,Soriana,lacteos-y-huevo,Yoghurt natural,Yoghurt Griego Oikos Natural 900 g,11312403,90.5,,https://www.soriana.com/yoghurt-griego-oikos-natural-900-g/11312403.html
2026-07-22 13:31:05,Soriana,lacteos-y-huevo,Yoghurt natural,Yoghurt Danone sabor Natural sin Azúcar 900g,11312887,49.5,,https://www.soriana.com/yoghurt-danone-sabor-natural-sin-azucar-900g/11312887.html
2026-07-22 13:31:05,Soriana,lacteos-y-huevo,Yoghurt natural,Yoghurt Alpura Natural 1 kg,377171,52.5,,https://www.soriana.com/yoghurt-alpura-natural-1-kg/377171.html
2026-07-22 13:31:05,Soriana,lacteos-y-huevo,Yoghurt natural,Yoghurt Lala Bio 4 Natural 100 g 5 pz,11558920,47.5,,https://www.soriana.com/yoghurt--lala-bio-4-natural-100-g-5-pz/11558920.html
2026-07-22 13:31:05,Soriana,lacteos-y-huevo,Yoghurt natural,Yoghurt Danone sabor Natural con Fermentos Naturales 900 g,11312886,43.9,,https://www.soriana.com/yoghurt-danone-sabor-natural-con-fermentos-naturales-900-g/11312886.html
2026-07-22 13:31:05,Soriana,lacteos-y-huevo,Yoghurt natural,Yoghurt Batido Yoplait Griego Natural 442 gr,2608082,54.5,,https://www.soriana.com/yoghurt-batido-yoplait-griego-natural-442-gr/2608082.html
2026-07-22 13:31:05,Soriana,lacteos-y-huevo,Yoghurt natural,Yoghurt Batido Yoplait Doble Cero Natural 125 g,1378863,11.4,,https://www.soriana.com/yoghurt-batido-yoplait-doble-cero-natural-125-g/1378863.html
2026-07-22 13:31:05,Soriana,lacteos-y-huevo,Yoghurt natural,Yoghurt Batido Yoplait Griego Natural 1 kg,11118903,106.0,,https://www.soriana.com/yoghurt-batido-yoplait-griego-natural-1-kg/11118903.html
2026-07-22 13:31:05,Soriana,lacteos-y-huevo,Yoghurt natural,Yoghurt Batido Yoplait Griego Natural 145 gr,2494574,19.9,,https://www.soriana.com/yoghurt-batido-yoplait-griego-natural-145-gr/2494574.html
2026-07-22 13:31:05,Soriana,lacteos-y-huevo,Yoghurt natural,Yoghurt Batido Yoplait Griego Sin Azúcar Natural 145 gr,11296308,21.9,,https://www.soriana.com/yoghurt-batido-yoplait-griego-sin-azucar-natural-145-gr/11296308.html
2026-07-22 13:31:05,Soriana,lacteos-y-huevo,Yoghurt natural,Yoghurt Batido Lala Natural 900 g,2124394,56.9,,https://www.soriana.com/yoghurt-batido-lala-natural-900-g/2124394.html
2026-07-22 13:31:05,Soriana,lacteos-y-huevo,Yoghurt natural,Yoghurt Batido Lala Natural Endulzado 120 g,11503583,10.2,,https://www.soriana.com/yoghurt-batido-lala-natural-endulzado-120-g/11503583.html
2026-07-22 13:31:05,Soriana,lacteos-y-huevo,Yoghurt natural,Yoghurt Griego Natural sin Azúcar Alpura 750 g,11895257,76.9,,https://www.soriana.com/yoghurt-griego-natural-sin-azucar-alpura-750-g/11895257.html
2026-07-22 13:31:05,Soriana,lacteos-y-huevo,Yoghurt natural,Yoghurt Yoplait Natural 125 gr,1378323,8.9,,https://www.soriana.com/yoghurt-yoplait-natural-125-gr/1378323.html
2026-07-22 13:31:05,Soriana,lacteos-y-huevo,Yoghurt natural,Yoghurt Batido Yoplait Natural Con Granola 125 gr,1530713,9.7,,https://www.soriana.com/yoghurt-batido-yoplait-natural-con-granola-125-gr/1530713.html
2026-07-22 13:31:05,Soriana,lacteos-y-huevo,Yoghurt natural,Yoghurt Griego Natural sin Azúcar Lala 120 g,11659118,17.1,,https://www.soriana.com/yoghurt-griego-natural-sin-azucar-lala-120-g/11659118.html
2026-07-22 13:31:05,Soriana,lacteos-y-huevo,Yoghurt natural,Yoghurt Danone Natural Endulzado 650 g,11924886,38.0,,https://www.soriana.com/yoghurt-danone-natural-endulzado-650-g/11924886.html
2026-07-22 13:31:05,Soriana,lacteos-y-huevo,Yoghurt natural,Yoghurt Batido Lala con Cereales 900 g,11504275,41.5,,https://www.soriana.com/yoghurt-batido-lala-con-cereales-900-g/11504275.html
2026-07-22 13:31:15,Soriana,lacteos-y-huevo,Yoghurt bebible,Yoghurt Bebible Yoplait Mini Sabor Fresa Paquete 6 Piezas,11558779,58.9,,https://www.soriana.com/yoghurt-bebible-yoplait-mini-sabor-fresa-paquete-6-piezas/11558779.html
2026-07-22 13:31:15,Soriana,lacteos-y-huevo,Yoghurt bebible,Yoghurt Bebible Yoplait Light Fresa 242 g,1378849,19.9,,https://www.soriana.com/yoghurt-bebible-yoplait-light-fresa-242-g/1378849.html
2026-07-22 13:31:15,Soriana,lacteos-y-huevo,Yoghurt bebible,Yoghurt Danone Bebible con Fresa 6 piezas de 220 gr c/u,11321446,64.5,,https://www.soriana.com/yoghurt-danone-bebible-con-fresa-6-piezas-de-220-gr-c-u/11321446.html
2026-07-22 13:31:15,Soriana,lacteos-y-huevo,Yoghurt bebible,Yoghurt Bebible Lala Fresa 6 Pack 220 g c/u,11492362,63.5,,https://www.soriana.com/yoghurt-bebible-lala-fresa-6-pack-220-g-c-u/11492362.html
2026-07-22 13:31:15,Soriana,lacteos-y-huevo,Yoghurt bebible,Yoghurt Bebible Lala Surtido 6 de 220 g c/u,11492447,63.5,,https://www.soriana.com/yoghurt-bebible-lala-surtido-6-de-220-g-c-u/11492447.html
2026-07-22 13:31:15,Soriana,lacteos-y-huevo,Yoghurt bebible,Yoghurt Danone Bebible con Fresa y Manzana 6 piezas de 220 gr c/u,11321462,64.5,,https://www.soriana.com/yoghurt-danone-bebible-con-fresa-y-manzana-6-piezas-de-220-gr-c-u/11321462.html
2026-07-22 13:31:15,Soriana,lacteos-y-huevo,Yoghurt bebible,Activia Alimento Lácteo Fermentado Sabor Ciruela Pasa 6 piezas de 225 gr c/u,11270381,101.0,,https://www.soriana.com/activia-alimento-lacteo-fermentado-sabor-ciruela-pasa-6-piezas-de-225-gr-c-u/11270381.html
2026-07-22 13:31:15,Soriana,lacteos-y-huevo,Yoghurt bebible,Yoghurt Danone Bebible con Fresa y Moras 6 piezas de 220 gr c/u,11404197,75.9,,https://www.soriana.com/yoghurt-danone-bebible-con-fresa-y-moras-6-piezas-de-220-gr-c-u/11404197.html
2026-07-22 13:31:15,Soriana,lacteos-y-huevo,Yoghurt bebible,Danup Alimento Lácteo Fermentado Fresa 6 x 220g,11321380,83.5,,https://www.soriana.com/danup-alimento-lacteo-fermentado-fresa-6-x-220g/11321380.html
2026-07-22 13:31:15,Soriana,lacteos-y-huevo,Yoghurt bebible,Danup Alimento Lácteo Bebible sabor Piña Coco más Fresa 6 pack de 220 g,11321390,90.5,,https://www.soriana.com/danup-alimento-lacteo-bebible-sabor-pina-coco-mas-fresa-6-pack-de-220-g/11321390.html
2026-07-22 13:31:15,Soriana,lacteos-y-huevo,Yoghurt bebible,Yoghurt Bebible Fresa Alpura 6 Pack,11634102,69.9,,https://www.soriana.com/yoghurt-bebible-fresa-alpura-6-pack/11634102.html
2026-07-22 13:31:15,Soriana,lacteos-y-huevo,Yoghurt bebible,Yoghurt Nutri Bebible Fresa 6 piezas 210 g,11693429,50.9,,https://www.soriana.com/yoghurt-nutri-bebible-fresa-6-piezas-210-g/11693429.html
2026-07-22 13:31:15,Soriana,lacteos-y-huevo,Yoghurt bebible,Yoghurt Bebible Lala Surtido 6 de 220 g c/u,11616631,79.9,,https://www.soriana.com/yoghurt-bebible-lala-surtido-6-de-220-g-c-u/11616631.html
2026-07-22 13:31:15,Soriana,lacteos-y-huevo,Yoghurt bebible,Yoghurt Bebible Fresa-Mora Alpura 6 Pack,11672010,69.9,,https://www.soriana.com/yoghurt-bebible-fresa-mora-alpura-6-pack/11672010.html
2026-07-22 13:31:15,Soriana,lacteos-y-huevo,Yoghurt bebible,Activia Alimento Lácteo Bebible Fresa y Piña Apio Nopal 6 pack de 225 g,11505185,104.0,,https://www.soriana.com/activia-alimento-lacteo-bebible-fresa-y-pina-apio-nopal-6-pack-de-225-g/11505185.html
2026-07-22 13:31:15,Soriana,lacteos-y-huevo,Yoghurt bebible,"Activia Alimento Lácteo Bebible Ciruela Pasa, Papaya y Cereales 6 pack de 225 g",11270380,101.0,,https://www.soriana.com/activia-alimento-lacteo-bebible-ciruela-pasa-papaya-y-cereales-6-pack-de-225-g/11270380.html
2026-07-22 13:31:15,Soriana,lacteos-y-huevo,Yoghurt bebible,Danonino Alimento Lácteo Bebible sabor Fresa 6 pack de 90 g,11076147,50.9,,https://www.soriana.com/danonino-alimento-lacteo-bebible-sabor-fresa-6-pack-de-90-g/11076147.html
2026-07-22 13:31:15,Soriana,lacteos-y-huevo,Yoghurt bebible,Yoghurt Bebible Lala Surtido 6 de 220 g c/u,11838004,77.5,,https://www.soriana.com/yoghurt-bebible-lala-surtido-6-de-220-g-c-u/11838004.html
2026-07-22 13:31:15,Soriana,lacteos-y-huevo,Yoghurt bebible,Activia Alimento Lácteo Bebible Fresa Y Ciruela Pasa sin Azucar 6 pack de 225 g,11506330,99.5,,https://www.soriana.com/activia-alimento-lacteo-bebible-fresa-y-ciruela-pasa-sin-azucar-6-pack-de-225-g/11506330.html
2026-07-22 13:31:15,Soriana,lacteos-y-huevo,Yoghurt bebible,Yoghurt Bebible Yoplait 6 Pack de 220 gr c/u,1799505,62.5,,https://www.soriana.com/yoghurt-bebible-yoplait-6-pack-de-220-gr-c-u/1799505.html
2026-07-22 13:31:15,Soriana,lacteos-y-huevo,Yoghurt bebible,Yoghurt Bebible Alpura Fresa Deslactosado 6 Pack,11671398,84.5,,https://www.soriana.com/yoghurt-bebible-alpura-fresa-deslactosado-6-pack/11671398.html
2026-07-22 13:31:15,Soriana,lacteos-y-huevo,Yoghurt bebible,Yoghurt Bebible Yoplait Fresa y Piña Coco 6 piezas de 220 gr c/u,1401195,62.5,,https://www.soriana.com/yoghurt-bebible-yoplait-fresa-y-pina-coco-6-piezas-de-220-gr-c-u/1401195.html
2026-07-22 13:31:15,Soriana,lacteos-y-huevo,Yoghurt bebible,Yogurt Bebible Nutri Durazno 210 Gr,11693409,13.3,,https://www.soriana.com/yogurt-bebible-nutri-durazno-210-gr/11693409.html
2026-07-22 13:31:15,Soriana,lacteos-y-huevo,Yoghurt bebible,Yoghurt Bebible Yoplait Mini Con Fresa 800 g,2577298,58.5,,https://www.soriana.com/yoghurt-bebible-yoplait-mini-con-fresa-800-g/2577298.html
2026-07-22 13:31:24,Soriana,lacteos-y-huevo,Yoghurt saborizado,Yoghurt Batido Yoplait Griego Natural 1 kg,11118903,106.0,,https://www.soriana.com/yoghurt-batido-yoplait-griego-natural-1-kg/11118903.html
2026-07-22 13:31:24,Soriana,lacteos-y-huevo,Yoghurt saborizado,Yoghurt Batido Yoplait Con Cereales y Frutas 1 kg,373376,61.5,,https://www.soriana.com/yoghurt-batido-yoplait-con-cereales-y-frutas-1-kg/373376.html
2026-07-22 13:31:24,Soriana,lacteos-y-huevo,Yoghurt saborizado,Yoghurt Batido Yoplait Con Piña Coco 1 kg,11116851,53.5,,https://www.soriana.com/yoghurt-batido-yoplait-con-pina-coco-1-kg/11116851.html
2026-07-22 13:31:24,Soriana,lacteos-y-huevo,Yoghurt saborizado,Yoghurt Batido Yoplait Con Frutas Rojas 1 kg,373375,52.9,,https://www.soriana.com/yoghurt-batido-yoplait-con-frutas-rojas-1-kg/373375.html
2026-07-22 13:31:24,Soriana,lacteos-y-huevo,Yoghurt saborizado,Yoghurt Batido Yoplait Con Cereales y Fresa 1 kg,1012704,62.9,,https://www.soriana.com/yoghurt-batido-yoplait-con-cereales-y-fresa-1-kg/1012704.html
2026-07-22 13:31:24,Soriana,lacteos-y-huevo,Yoghurt saborizado,Yoghurt Batido Yoplait Con Durazno 1 kg,373369,53.5,,https://www.soriana.com/yoghurt-batido-yoplait-con-durazno-1-kg/373369.html
2026-07-22 13:31:24,Soriana,lacteos-y-huevo,Yoghurt saborizado,Yoghurt Batido Yoplait Con Manzana 1 kg,373372,52.9,,https://www.soriana.com/yoghurt-batido-yoplait-con-manzana-1-kg/373372.html
2026-07-22 13:31:24,Soriana,lacteos-y-huevo,Yoghurt saborizado,Yoghurt Batido Yoplait Con Cereales y Durazno 1 kg,1012709,66.5,,https://www.soriana.com/yoghurt-batido-yoplait-con-cereales-y-durazno-1-kg/1012709.html
2026-07-22 13:31:24,Soriana,lacteos-y-huevo,Yoghurt saborizado,Yoghurt Batido Yoplait Con Cereales y Moras 1 kg,1012737,62.5,,https://www.soriana.com/yoghurt-batido-yoplait-con-cereales-y-moras-1-kg/1012737.html
2026-07-22 13:31:24,Soriana,lacteos-y-huevo,Yoghurt saborizado,Yoghurt Batido Yoplait Con Fresa 1 kg,373368,52.9,,https://www.soriana.com/yoghurt-batido-yoplait-con-fresa-1-kg/373368.html
2026-07-22 13:31:24,Soriana,lacteos-y-huevo,Yoghurt saborizado,Yoghurt Alpura Batido Sabor Fresa 900 g,11538201,48.5,,https://www.soriana.com/yoghurt-alpura-batido-sabor-fresa-900-g/11538201.html
2026-07-22 13:31:24,Soriana,lacteos-y-huevo,Yoghurt saborizado,Yoghurt Batido Alpura Natural con Cereales 900 g,11650159,57.9,,https://www.soriana.com/yoghurt-batido-alpura-natural-con-cereales-900-g/11650159.html
2026-07-22 13:31:24,Soriana,lacteos-y-huevo,Yoghurt saborizado,Yoghurt Batido Lala Natural Endulzado 900 g,11504274,49.5,,https://www.soriana.com/yoghurt-batido-lala-natural-endulzado-900-g/11504274.html
2026-07-22 13:31:24,Soriana,lacteos-y-huevo,Yoghurt saborizado,Yoghurt Batido Lala con Fresa 900 g,11503584,42.9,,https://www.soriana.com/yoghurt-batido-lala-con-fresa-900-g/11503584.html
2026-07-22 13:31:24,Soriana,lacteos-y-huevo,Yoghurt saborizado,Yoghurt Batido Lala con Mango 900 g,11504273,44.5,,https://www.soriana.com/yoghurt-batido-lala-con-mango-900-g/11504273.html
2026-07-22 13:31:24,Soriana,lacteos-y-huevo,Yoghurt saborizado,Yoghurt Batido Chobani Fresa 900 gr,11533862,160.0,,https://www.soriana.com/yoghurt-batido-chobani-fresa-900-gr/11533862.html
2026-07-22 13:31:24,Soriana,lacteos-y-huevo,Yoghurt saborizado,Yoghurt Batido Lala con Durazno 900 g,11504258,40.5,,https://www.soriana.com/yoghurt-batido-lala-con-durazno-900-g/11504258.html
2026-07-22 13:31:24,Soriana,lacteos-y-huevo,Yoghurt saborizado,Yoghurt Batido Lala con Manzana 900 g,11503585,39.9,,https://www.soriana.com/yoghurt-batido-lala-con-manzana-900-g/11503585.html
2026-07-22 13:31:24,Soriana,lacteos-y-huevo,Yoghurt saborizado,Yoghurt Batido Lala Fresa y Cereales 900 g,11504323,47.5,,https://www.soriana.com/yoghurt-batido-lala-fresa-y-cereales-900-g/11504323.html
2026-07-22 13:31:24,Soriana,lacteos-y-huevo,Yoghurt saborizado,Yoghurt Batido Lala Natural 900 g,2124394,56.9,,https://www.soriana.com/yoghurt-batido-lala-natural-900-g/2124394.html
2026-07-22 13:31:24,Soriana,lacteos-y-huevo,Yoghurt saborizado,Yoghurt Batido Yoplait Placer Sabor Cookies & Cream 150 gr,2336166,19.9,,https://www.soriana.com/yoghurt-batido-yoplait-placer-sabor-cookies-cream-150-gr/2336166.html
2026-07-22 13:31:24,Soriana,lacteos-y-huevo,Yoghurt saborizado,Yoghurt Bebible Yoplait Placer Cookies & Cream 220 gr,11439126,24.5,,https://www.soriana.com/yoghurt-bebible-yoplait-placer-cookies-cream-220-gr/11439126.html
2026-07-22 13:31:24,Soriana,lacteos-y-huevo,Yoghurt saborizado,Yoghurt Nestlé Licuado Nuez Cereal 500 g,11527023,36.9,,https://www.soriana.com/yoghurt-nestle-licuado-nuez-cereal-500-g/11527023.html
2026-07-22 13:31:24,Soriana,lacteos-y-huevo,Yoghurt saborizado,Yoghurt Batido Alpura Con Durazno 125 gr,11432652,10.1,,https://www.soriana.com/yoghurt-batido-alpura-con-durazno-125-gr/11432652.html
2026-07-22 13:31:34,Soriana,lacteos-y-huevo,Yoghurt light,Yoghurt Batido Yoplait Doble Cero Fresa 1 kg,1043231,64.5,,https://www.soriana.com/yoghurt-batido-yoplait-doble-cero-fresa-1-kg/1043231.html
2026-07-22 13:31:34,Soriana,lacteos-y-huevo,Yoghurt light,Yoghurt Yoplait Batido de Fresa Sin Azúcar 950 gr,11534176,64.5,,https://www.soriana.com/yoghurt-yoplait-batido-de-fresa-sin-azucar-950-gr/11534176.html
2026-07-22 13:31:34,Soriana,lacteos-y-huevo,Yoghurt light,Yoghurt Batido Yoplait Doble Cero Natural 1 kg,1043229,62.5,,https://www.soriana.com/yoghurt-batido-yoplait-doble-cero-natural-1-kg/1043229.html
2026-07-22 13:31:34,Soriana,lacteos-y-huevo,Yoghurt light,Yoghurt Griego Oikos Sin Endulzar Natural 900 g,11588223,117.0,,https://www.soriana.com/yoghurt-griego-oikos-sin-endulzar-natural-900-g/11588223.html
2026-07-22 13:31:34,Soriana,lacteos-y-huevo,Yoghurt light,Yogurt Griego Oikos Selecto Endulzado 11 g de Proteína Monk Fruit 900 g,11588214,122.0,,https://www.soriana.com/yogurt-griego-oikos-selecto-endulzado-11-g-de-proteina-monk-fruit-900-g/11588214.html
2026-07-22 13:31:34,Soriana,lacteos-y-huevo,Yoghurt light,Yoghurt Danone sabor Natural sin Azúcar 900g,11312887,49.5,,https://www.soriana.com/yoghurt-danone-sabor-natural-sin-azucar-900g/11312887.html
2026-07-22 13:31:34,Soriana,lacteos-y-huevo,Yoghurt light,Yoghurt Batido Yoplait Griego Sin Azúcar Natural 145 gr,11296308,21.9,,https://www.soriana.com/yoghurt-batido-yoplait-griego-sin-azucar-natural-145-gr/11296308.html
2026-07-22 13:31:34,Soriana,lacteos-y-huevo,Yoghurt light,Yoghurt Batido Yoplait Doble Cero Fresa 125 g,1378865,11.4,,https://www.soriana.com/yoghurt-batido-yoplait-doble-cero-fresa-125-g/1378865.html
2026-07-22 13:31:34,Soriana,lacteos-y-huevo,Yoghurt light,Yoghurt Batido Lala Natural 900 g,2124394,56.9,,https://www.soriana.com/yoghurt-batido-lala-natural-900-g/2124394.html
2026-07-22 13:31:34,Soriana,lacteos-y-huevo,Yoghurt light,Yoghurt Lala Batido Griego Natural Sin Azúcar 900 g,11616950,104.0,,https://www.soriana.com/yoghurt-lala-batido-griego-natural-sin-azucar-900-g/11616950.html
2026-07-22 13:31:34,Soriana,lacteos-y-huevo,Yoghurt light,Yoghurt Griego Natural sin Azúcar Lala 120 g,11659118,17.1,,https://www.soriana.com/yoghurt-griego-natural-sin-azucar-lala-120-g/11659118.html
2026-07-22 13:31:34,Soriana,lacteos-y-huevo,Yoghurt light,Yoghurt Chobani Zero Sugar Black Cherry 150 g,11929412,35.9,,https://www.soriana.com/yoghurt-chobani-zero-sugar-black-cherry-150-g/11929412.html
2026-07-22 13:31:43,Soriana,lacteos-y-huevo,Yoghurt griego,Yoghurt Griego Oikos Natural 900 g,11312403,90.5,,https://www.soriana.com/yoghurt-griego-oikos-natural-900-g/11312403.html
2026-07-22 13:31:43,Soriana,lacteos-y-huevo,Yoghurt griego,Yoghurt Griego Oikos Con Fresa 900 g,11477811,92.5,,https://www.soriana.com/yoghurt-griego-oikos-con-fresa-900-g/11477811.html
2026-07-22 13:31:43,Soriana,lacteos-y-huevo,Yoghurt griego,Yogurt Griego Danone Natural sin Azúcar 650 g,11693461,64.9,,https://www.soriana.com/yogurt-griego-danone-natural-sin-azucar-650-g/11693461.html
2026-07-22 13:31:43,Soriana,lacteos-y-huevo,Yoghurt griego,Yogurt Griego Danone Endulzado 650 g,11693462,66.5,,https://www.soriana.com/yogurt-griego-danone-endulzado-650-g/11693462.html
2026-07-22 13:31:43,Soriana,lacteos-y-huevo,Yoghurt griego,Yogurt Griego Oikos Selecto Natural 12 g de Proteína Sin Azúcar Añadida 900 g,11477920,124.0,95.0,https://www.soriana.com/yogurt-griego-oikos-selecto-natural-12-g-de-proteina-sin-azucar-anadida-900-g/11477920.html
2026-07-22 13:31:43,Soriana,lacteos-y-huevo,Yoghurt griego,Yoghurt Yoplait Griego Mango Sin Azúcar 145 gr,9107269,21.9,,https://www.soriana.com/yoghurt-yoplait-griego-mango-sin-azucar-145-gr/9107269.html
2026-07-22 13:31:43,Soriana,lacteos-y-huevo,Yoghurt griego,Yoghurt Batido Yoplait Griego Natural 145 gr,2494574,19.9,,https://www.soriana.com/yoghurt-batido-yoplait-griego-natural-145-gr/2494574.html
2026-07-22 13:31:43,Soriana,lacteos-y-huevo,Yoghurt griego,Yoghurt Estilo Griego Yoplait Con Moras 145 gr,2494570,20.5,,https://www.soriana.com/yoghurt-estilo-griego-yoplait-con-moras-145-gr/2494570.html
2026-07-22 13:31:43,Soriana,lacteos-y-huevo,Yoghurt griego,Yoghurt Yoplait Griego Fresa Sin Azúcar 145 gr,9107266,22.5,,https://www.soriana.com/yoghurt-yoplait-griego-fresa-sin-azucar-145-gr/9107266.html
2026-07-22 13:31:43,Soriana,lacteos-y-huevo,Yoghurt griego,Yoghurt Yoplait Griego Coco Sin Azúcar 145 gr,9107270,22.5,,https://www.soriana.com/yoghurt-yoplait-griego-coco-sin-azucar-145-gr/9107270.html
2026-07-22 13:31:43,Soriana,lacteos-y-huevo,Yoghurt griego,Yoghurt Estilo Griego Yoplait Con Fresas 145 gr,2494571,20.5,,https://www.soriana.com/yoghurt-estilo-griego-yoplait-con-fresas-145-gr/2494571.html
2026-07-22 13:31:43,Soriana,lacteos-y-huevo,Yoghurt griego,Yoghurt Batido Yoplait Griego Sin Azúcar Natural 145 gr,11296308,21.9,,https://www.soriana.com/yoghurt-batido-yoplait-griego-sin-azucar-natural-145-gr/11296308.html
2026-07-22 13:31:43,Soriana,lacteos-y-huevo,Yoghurt griego,Yoghurt Lala Batido Griego Natural Sin Azúcar 900 g,11616950,104.0,,https://www.soriana.com/yoghurt-lala-batido-griego-natural-sin-azucar-900-g/11616950.html
2026-07-22 13:31:43,Soriana,lacteos-y-huevo,Yoghurt griego,Yoghurt Lala Griego Frutos Rojos 900 g,11548017,98.5,,https://www.soriana.com/yoghurt-lala-griego-frutos-rojos-900-g/11548017.html
2026-07-22 13:31:43,Soriana,lacteos-y-huevo,Yoghurt griego,Yoghurt Lala Griego Natural 900 g,11522551,84.5,,https://www.soriana.com/yoghurt-lala-griego-natural-900-g/11522551.html
2026-07-22 13:31:43,Soriana,lacteos-y-huevo,Yoghurt griego,Yoghurt Lala Griego Zero Frutos Rojos 120 g,11503720,16.0,,https://www.soriana.com/yoghurt-lala-griego-zero-frutos-rojos-120-g/11503720.html
2026-07-22 13:31:43,Soriana,lacteos-y-huevo,Yoghurt griego,Yoghurt Lala Griego Frutos Rojos 120 g,11430495,12.7,,https://www.soriana.com/yoghurt-lala-griego-frutos-rojos-120-g/11430495.html
2026-07-22 13:31:43,Soriana,lacteos-y-huevo,Yoghurt griego,Yoghurt Lala Griego Natural 120 gr,11430496,18.1,,https://www.soriana.com/yoghurt-lala-griego-natural-120-gr/11430496.html
2026-07-22 13:31:43,Soriana,lacteos-y-huevo,Yoghurt griego,Yoghurt Lala Griego Frutos Amarillos 120 gr,11429562,12.7,,https://www.soriana.com/yoghurt-lala-griego-frutos-amarillos-120-gr/11429562.html
2026-07-22 13:31:43,Soriana,lacteos-y-huevo,Yoghurt griego,Yoghurt Griego Natural sin Azúcar Lala 120 g,11659118,17.1,,https://www.soriana.com/yoghurt-griego-natural-sin-azucar-lala-120-g/11659118.html
2026-07-22 13:31:43,Soriana,lacteos-y-huevo,Yoghurt griego,Yoghurt Griego S/Azucar Natural 442gr,11617450,54.5,,https://www.soriana.com/yoghurt-griego-s-azucar-natural-442gr/11617450.html
2026-07-22 13:31:43,Soriana,lacteos-y-huevo,Yoghurt griego,Yoghurt Batido Yoplait Griego Natural 442 gr,2608082,54.5,,https://www.soriana.com/yoghurt-batido-yoplait-griego-natural-442-gr/2608082.html
2026-07-22 13:31:43,Soriana,lacteos-y-huevo,Yoghurt griego,Yoghurt Griego Batido Natural Tipo Skyr Yoplait 750 gr,11544735,117.0,,https://www.soriana.com/yoghurt-griego-batido-natural-tipo-skyr-yoplait-750-gr/11544735.html
2026-07-22 13:31:43,Soriana,lacteos-y-huevo,Yoghurt griego,Yoghurt Griego Yoplait Sin Azúcar Coco 1 kg,11426758,119.0,,https://www.soriana.com/yoghurt-griego-yoplait-sin-azucar-coco-1-kg/11426758.html
2026-07-22 13:31:53,Soriana,lacteos-y-huevo,Yoghurt probiótico,Activia Alimento Lácteo Fermentado Sabor Ciruela Pasa 6 piezas de 225 gr c/u,11270381,101.0,,https://www.soriana.com/activia-alimento-lacteo-fermentado-sabor-ciruela-pasa-6-piezas-de-225-gr-c-u/11270381.html
2026-07-22 13:31:53,Soriana,lacteos-y-huevo,Yoghurt probiótico,Activia Alimento Lácteo Fermentado Sabor Ciruela Pasa 225g,11246033,20.9,,https://www.soriana.com/activia-alimento-lacteo-fermentado-sabor-ciruela-pasa-225g/11246033.html
2026-07-22 13:31:53,Soriana,lacteos-y-huevo,Yoghurt probiótico,Bebida Láctea Fermentada Yakult 5 Piezas de 80 ml c/u,369199,40.0,,https://www.soriana.com/bebida-lactea-fermentada-yakult-5-piezas-de-80-ml-c-u/369199.html
2026-07-22 13:31:53,Soriana,lacteos-y-huevo,Yoghurt probiótico,Activia Alimento Lácteo Fermentado Sabor Ciruela Pasa sin Azúcar 225g,11262087,21.5,,https://www.soriana.com/activia-alimento-lacteo-fermentado-sabor-ciruela-pasa-sin-azucar-225g/11262087.html
2026-07-22 13:31:53,Soriana,lacteos-y-huevo,Yoghurt probiótico,Activia Fibra Alimento Lácteo Fermentado Sabor Papaya con Cereales 225g,11245297,21.5,,https://www.soriana.com/activia-fibra-alimento-lacteo-fermentado-sabor-papaya-con-cereales-225g/11245297.html
2026-07-22 13:31:53,Soriana,lacteos-y-huevo,Yoghurt probiótico,Activia Alimento Lácteo Fermentado Sabor Fresa 225g,11261937,21.5,,https://www.soriana.com/activia-alimento-lacteo-fermentado-sabor-fresa-225g/11261937.html
2026-07-22 13:31:53,Soriana,lacteos-y-huevo,Yoghurt probiótico,Activia Alimento Lácteo Fermentado Sabor Piña Apio y Nopal 225g,11259075,22.5,,https://www.soriana.com/activia-alimento-lacteo-fermentado-sabor-pina-apio-y-nopal-225g/11259075.html
2026-07-22 13:31:53,Soriana,lacteos-y-huevo,Yoghurt probiótico,Activia Fibra Alimento Lácteo Fermentado Sabor Fresa y Plátano con Cereales 225g,11262113,21.5,,https://www.soriana.com/activia-fibra-alimento-lacteo-fermentado-sabor-fresa-y-platano-con-cereales-225g/11262113.html
2026-07-22 13:31:53,Soriana,lacteos-y-huevo,Yoghurt probiótico,Activia Alimento Lácteo Fermentado Sabor Piña Coco sin Azúcar 225g,11526722,20.5,,https://www.soriana.com/activia-alimento-lacteo-fermentado-sabor-pina-coco-sin-azucar-225g/11526722.html
2026-07-22 13:31:53,Soriana,lacteos-y-huevo,Yoghurt probiótico,Yoghurt Lala Bio 4 Fresa 100 g 5 pz,11559032,49.9,,https://www.soriana.com/yoghurt-lala-bio-4-fresa-100-g-5-pz/11559032.html
2026-07-22 13:31:53,Soriana,lacteos-y-huevo,Yoghurt probiótico,Bebida Láctea Fermentada Yakult 10 pzas de 80 ml,11929129,78.0,,https://www.soriana.com/bebida-lactea-fermentada-yakult-10-pzas-de-80-ml/11929129.html
2026-07-22 13:31:53,Soriana,lacteos-y-huevo,Yoghurt probiótico,Bebida Láctea Fermentada Yakult Natural 5 Piezas de 80 ml c/u,11696828,44.0,,https://www.soriana.com/bebida-lactea-fermentada-yakult-natural-5-piezas-de-80-ml-c-u/11696828.html
2026-07-22 13:31:53,Soriana,lacteos-y-huevo,Yoghurt probiótico,Activia Alimento Lácteo Bebible Fresa Y Ciruela Pasa sin Azucar 6 pack de 225 g,11506330,99.5,,https://www.soriana.com/activia-alimento-lacteo-bebible-fresa-y-ciruela-pasa-sin-azucar-6-pack-de-225-g/11506330.html
2026-07-22 13:31:53,Soriana,lacteos-y-huevo,Yoghurt probiótico,Yakult Leche Fermentada Sabor Uva Verde con 5 piezas de 80 ml,11889958,40.0,,https://www.soriana.com/yakult-leche-fermentada-sabor-uva-verde-con-5-piezas-de-80-ml/11889958.html
2026-07-22 13:31:53,Soriana,lacteos-y-huevo,Yoghurt probiótico,Alimento Lácteo Fermentado Yakult Sofúl LT Manzana 106 Gr,2528585,9.8,,https://www.soriana.com/alimento-lacteo-fermentado-yakult-soful-lt-manzana-106-gr/2528585.html
2026-07-22 13:31:53,Soriana,lacteos-y-huevo,Yoghurt probiótico,Alimento Lácteo Fermentado Activia Frutos Rojos con Chía Deslactosado 220 g,11477810,21.5,,https://www.soriana.com/alimento-lacteo-fermentado-activia-frutos-rojos-con-chia-deslactosado-220-g/11477810.html
2026-07-22 13:31:53,Soriana,lacteos-y-huevo,Yoghurt probiótico,Yoghurt Lala Bio 4 Natural 100 g 5 pz,11558920,47.5,,https://www.soriana.com/yoghurt--lala-bio-4-natural-100-g-5-pz/11558920.html
2026-07-22 13:31:53,Soriana,lacteos-y-huevo,Yoghurt probiótico,"Activia Alimento Lácteo Bebible Ciruela Pasa, Papaya y Cereales 6 pack de 225 g",11270380,101.0,,https://www.soriana.com/activia-alimento-lacteo-bebible-ciruela-pasa-papaya-y-cereales-6-pack-de-225-g/11270380.html
2026-07-22 13:31:53,Soriana,lacteos-y-huevo,Yoghurt probiótico,Yoghurt Nestlé Gastro Protect Fresa 110 g 5 pz,1638800,61.9,,https://www.soriana.com/yoghurt-nestle-gastro-protect-fresa-110-g-5-pz/1638800.html
2026-07-22 13:31:53,Soriana,lacteos-y-huevo,Yoghurt probiótico,Kefir sabor Mango Lifeway 946 ml,11901780,118.0,,https://www.soriana.com/kefir-sabor-mango-lifeway-946-ml/11901780.html
2026-07-22 13:31:53,Soriana,lacteos-y-huevo,Yoghurt probiótico,Alimento Lácteo Fermentado Activia Frutas Ciruela Pasa 900 g,11312870,75.9,,https://www.soriana.com/alimento-lacteo-fermentado-activia-frutas-ciruela-pasa-900-g/11312870.html
2026-07-22 13:31:53,Soriana,lacteos-y-huevo,Yoghurt probiótico,Activia Alimento Lácteo Bebible Fresa y Piña Apio Nopal 6 pack de 225 g,11505185,104.0,,https://www.soriana.com/activia-alimento-lacteo-bebible-fresa-y-pina-apio-nopal-6-pack-de-225-g/11505185.html
2026-07-22 13:31:53,Soriana,lacteos-y-huevo,Yoghurt probiótico,Kéfir de Avellana Marusia 210 ml,11932940,37.5,,https://www.soriana.com/kefir-de-avellana-marusia-210-ml/11932940.html
2026-07-22 13:31:53,Soriana,lacteos-y-huevo,Yoghurt probiótico,Kéfir Natural Marusia 210 ml,11932897,37.5,,https://www.soriana.com/kefir-natural-marusia-210-ml/11932897.html
2026-07-22 13:32:01,Soriana,lacteos-y-huevo,Yoghurt digestivo,Bebida Láctea Fermentada Yakult 5 Piezas de 80 ml c/u,369199,40.0,,https://www.soriana.com/bebida-lactea-fermentada-yakult-5-piezas-de-80-ml-c-u/369199.html
2026-07-22 13:32:01,Soriana,lacteos-y-huevo,Yoghurt digestivo,Yoghurt BeneG Sabor Natural con Aliv 240g,11563678,20.5,,https://www.soriana.com/yoghurt-beneg-sabor-natural-con-aliv-240g/11563678.html
2026-07-22 13:32:01,Soriana,lacteos-y-huevo,Yoghurt digestivo,Yoghurt BeneG Sabor Natural con Aliv 6x90g,11562468,67.9,,https://www.soriana.com/yoghurt-beneg-sabor-natural-con-aliv-6x90g/11562468.html
2026-07-22 13:32:01,Soriana,lacteos-y-huevo,Yoghurt digestivo,Yoghurt Yoplait Cero+Fibra Ciruela 750 g,11618039,46.9,,https://www.soriana.com/yoghurt-yoplait-cerofibra-ciruela-750-g/11618039.html
2026-07-22 13:32:10,Soriana,lacteos-y-huevo,Yoghurt especializado,Kéfir Lifeway Sabor Natural 236 ml,11243372,37.9,,https://www.soriana.com/kefir-lifeway-sabor-natural-236-ml/11243372.html
2026-07-22 13:32:10,Soriana,lacteos-y-huevo,Yoghurt especializado,Kéfir Lifeway Sabor Blueberry 236 ml,11243375,37.9,,https://www.soriana.com/kefir-lifeway-sabor-blueberry-236-ml/11243375.html
2026-07-22 13:32:10,Soriana,lacteos-y-huevo,Yoghurt especializado,Kéfir Lifeway Sabor Frambuesa 236 ml,11243374,37.9,,https://www.soriana.com/kefir-lifeway-sabor-frambuesa-236-ml/11243374.html
2026-07-22 13:32:10,Soriana,lacteos-y-huevo,Yoghurt especializado,Kéfir Lifeway Sabor Fresa 236 ml,11243373,37.9,,https://www.soriana.com/kefir-lifeway-sabor-fresa-236-ml/11243373.html
2026-07-22 13:32:18,Soriana,lacteos-y-huevo,Yoghurt vegano,Yoghurt Sin Lácteos Forager Vainilla 150 gr,9136875,74.5,,https://www.soriana.com/yoghurt-sin-lacteos-forager-vainilla-150-gr/9136875.html
2026-07-22 13:32:18,Soriana,lacteos-y-huevo,Yoghurt vegano,Yoghurt Sin Lácteos Forager Blueberry 150 gr,9136873,74.5,,https://www.soriana.com/yoghurt-sin-lacteos-forager-blueberry-150-gr/9136873.html
2026-07-22 13:32:26,Soriana,lacteos-y-huevo,Yoghurt infantil,Danonino Queso Petit Suisse con Fresa 8 piezas de 42 gr c/u,3073192,48.0,,https://www.soriana.com/danonino-queso-petit-suisse-con-fresa-8-piezas-de-42-gr-c-u/3073192.html
2026-07-22 13:32:26,Soriana,lacteos-y-huevo,Yoghurt infantil,Danonino Alimento Lácteo Bebible sabor Fresa 90 g,11076117,9.6,,https://www.soriana.com/danonino-alimento-lacteo-bebible-sabor-fresa-90-g/11076117.html
2026-07-22 13:32:26,Soriana,lacteos-y-huevo,Yoghurt infantil,Yoghurt Bebible Yoplait Mini Sabor Fresa Paquete 6 Piezas,11558779,58.9,,https://www.soriana.com/yoghurt-bebible-yoplait-mini-sabor-fresa-paquete-6-piezas/11558779.html
2026-07-22 13:32:26,Soriana,lacteos-y-huevo,Yoghurt infantil,Danonino Lunch Queso Petit Suisse con Fresa 70g,11262086,18.5,,https://www.soriana.com/danonino-lunch-queso-petit-suisse-con-fresa-70g/11262086.html
2026-07-22 13:32:26,Soriana,lacteos-y-huevo,Yoghurt infantil,Yoghurt DanMix sabor Vainilla con M&M's 110 g,11905706,26.9,,https://www.soriana.com/yoghurt-danmix-sabor-vainilla-con-m-ms-110-g/11905706.html
2026-07-22 13:32:26,Soriana,lacteos-y-huevo,Yoghurt infantil,Queso Petit Suisse Lala Yomi Mora Azul 42 g con 8 pzas,11925702,36.9,,https://www.soriana.com/queso-petit-suisse-lala-yomi-mora-azul-42-g-con-8-pzas/11925702.html
2026-07-22 13:32:26,Soriana,lacteos-y-huevo,Yoghurt infantil,Danonino Alimento Lácteo Bebible sabor Fresa 6 pack de 90 g,11076147,50.9,,https://www.soriana.com/danonino-alimento-lacteo-bebible-sabor-fresa-6-pack-de-90-g/11076147.html
2026-07-22 13:32:26,Soriana,lacteos-y-huevo,Yoghurt infantil,Danonino Queso Petit Suisse Sabores Fresa Uva y Durazno 6 piezas de 42 gr c/u,2375404,38.9,,https://www.soriana.com/danonino-queso-petit-suisse-sabores-fresa-uva-y-durazno-6-piezas-de-42-gr-c-u/2375404.html
2026-07-22 13:32:26,Soriana,lacteos-y-huevo,Yoghurt infantil,Danonino Queso Petit Suisse con Fresa 4 piezas de 84 gr c/u,2057660,52.5,,https://www.soriana.com/danonino-queso-petit-suisse-con-fresa-4-piezas-de-84-gr-c-u/2057660.html
2026-07-22 13:32:26,Soriana,lacteos-y-huevo,Yoghurt infantil,Danonino Alimento Lácteo Griego Natural Pouch 70 g,11924826,17.5,,https://www.soriana.com/danonino-alimento-lacteo-griego-natural-pouch-70-g/11924826.html
2026-07-22 13:32:26,Soriana,lacteos-y-huevo,Yoghurt infantil,Yoghurt Yoplait Mini Con Fresa 270 g,2387768,29.9,,https://www.soriana.com/yoghurt-yoplait-mini-con-fresa-270-g/2387768.html
2026-07-22 13:32:26,Soriana,lacteos-y-huevo,Yoghurt infantil,Danonino Queso Petit Suisse Con Fresa 6X84g,11705927,68.5,,https://www.soriana.com/danonino-queso-petit-suisse-con-fresa-6x84g/11705927.html
2026-07-22 13:32:26,Soriana,lacteos-y-huevo,Yoghurt infantil,Danonino Queso Petit Suisse con Fresa 4 piezas de 42 gr c/u,11215344,26.9,,https://www.soriana.com/danonino-queso-petit-suisse-con-fresa-4-piezas-de-42-gr-c-u/11215344.html
2026-07-22 13:32:26,Soriana,lacteos-y-huevo,Yoghurt infantil,Danonino Lunch Queso Petit Suisse con Durazno 70g,11451018,19.1,,https://www.soriana.com/danonino-lunch-queso-petit-suisse-con-durazno-70g/11451018.html
2026-07-22 13:32:26,Soriana,lacteos-y-huevo,Yoghurt infantil,Yoghurt Danmix Vainilla con Oreo 3 pzas de 110 g,11931278,81.0,,https://www.soriana.com/yoghurt-danmix-vainilla-con-oreo-3-pzas-de-110-g/11931278.html
2026-07-22 13:32:26,Soriana,lacteos-y-huevo,Yoghurt infantil,Yoghurt Batido Saborizado Fresa Toys 125 g,11835634,29.9,,https://www.soriana.com/yoghurt-batido-saborizado-fresa-toys-125-g/11835634.html
2026-07-22 13:32:26,Soriana,lacteos-y-huevo,Yoghurt infantil,Yoghurt Danmix Vainilla con M&Ms 3 pzas de 110 g,11931345,81.0,,https://www.soriana.com/yoghurt-danmix-vainilla-con-m-ms-3-pzas-de-110-g/11931345.html
2026-07-22 13:32:26,Soriana,lacteos-y-huevo,Yoghurt infantil,Danonino Alimento Lácteo Griego Natural 4 x 84 g,11924941,54.0,,https://www.soriana.com/danonino-alimento-lacteo-griego-natural-4-x-84-g/11924941.html
2026-07-22 13:32:26,Soriana,lacteos-y-huevo,Yoghurt infantil,Yoghurt Chamyto Natural 5 piezas 80 g,11530711,41.9,,https://www.soriana.com/yoghurt-chamyto-natural-5-piezas-80-g/11530711.html
2026-07-22 13:32:26,Soriana,lacteos-y-huevo,Yoghurt infantil,Yoghurt Batido Yoplait Kids Cereales 6 Pack,11842911,31.9,,https://www.soriana.com/yoghurt-batido-yoplait-kids-cereales-6-pack/11842911.html
2026-07-22 13:32:26,Soriana,lacteos-y-huevo,Yoghurt infantil,Danonino Queso Petit Suisse de Fresa con Juguete 110 g,11925767,32.5,,https://www.soriana.com/danonino-queso-petit-suisse-de-fresa-con-juguete-110-g/11925767.html
2026-07-22 13:32:38,Soriana,lacteos-y-huevo,Crema ácida,Crema Ácida Lala Entera 200 ml,1325769,26.5,,https://www.soriana.com/crema-acida-lala-entera-200-ml/1325769.html
2026-07-22 13:32:38,Soriana,lacteos-y-huevo,Crema ácida,Crema Ácida Lala Entera 900 ml,503817,97.9,,https://www.soriana.com/crema-acida-lala-entera-900-ml/503817.html
2026-07-22 13:32:38,Soriana,lacteos-y-huevo,Crema ácida,Crema ácida Alpura 426 ml,11654240,37.9,,https://www.soriana.com/crema-acida-alpura-426-ml/11654240.html
2026-07-22 13:32:38,Soriana,lacteos-y-huevo,Crema ácida,Crema Ácida Lala Entera 426 ml,11494189,49.9,,https://www.soriana.com/crema-acida-lala-entera-426-ml/11494189.html
2026-07-22 13:32:38,Soriana,lacteos-y-huevo,Crema ácida,Media Crema Lala Entera 250 ml,1095293,22.5,,https://www.soriana.com/media-crema-lala-entera-250-ml/1095293.html
2026-07-22 13:32:38,Soriana,lacteos-y-huevo,Crema ácida,Crema Deslactosada Alpura 426 ml,11650165,51.47,,https://www.soriana.com/crema-deslactosada-alpura-426-ml/11650165.html
2026-07-22 13:32:38,Soriana,lacteos-y-huevo,Crema ácida,Crema Ácida Alpura 900 gr,11233711,89.5,,https://www.soriana.com/crema-acida-alpura-900-gr/11233711.html
2026-07-22 13:32:38,Soriana,lacteos-y-huevo,Crema ácida,Crema Lala Light 426 ml,11494217,48.5,,https://www.soriana.com/crema--lala-light-426-ml/11494217.html
2026-07-22 13:32:38,Soriana,lacteos-y-huevo,Crema ácida,Crema Lala Deslactosada Light 426 ml,11494129,55.5,,https://www.soriana.com/crema-lala-deslactosada-light-426-ml/11494129.html
2026-07-22 13:32:38,Soriana,lacteos-y-huevo,Crema ácida,Media Crema Lala 480 ml,11555639,41.5,,https://www.soriana.com/media-crema-lala-480-ml/11555639.html
2026-07-22 13:32:38,Soriana,lacteos-y-huevo,Crema ácida,Crema Ácida Alpura Reducida Grasa 900 ml,1179439,97.9,,https://www.soriana.com/crema-acida-alpura-reducida-grasa-900-ml/1179439.html
2026-07-22 13:32:38,Soriana,lacteos-y-huevo,Crema ácida,Crema Ácida Alpura Selecta 900 ml,11233647,99.5,,https://www.soriana.com/crema-acida-alpura-selecta-900-ml/11233647.html
2026-07-22 13:32:38,Soriana,lacteos-y-huevo,Crema ácida,Crema Lala Light 200 ml,1437695,26.5,,https://www.soriana.com/crema-lala-light-200-ml/1437695.html
2026-07-22 13:32:38,Soriana,lacteos-y-huevo,Crema ácida,Crema Lala Light 900 ml,1437697,101.0,,https://www.soriana.com/crema-lala-light-900-ml/1437697.html
2026-07-22 13:32:38,Soriana,lacteos-y-huevo,Crema ácida,Crema Ácida Aguascalientes 480 gr,428398,48.9,,https://www.soriana.com/crema-acida-aguascalientes-480-gr/428398.html
2026-07-22 13:32:38,Soriana,lacteos-y-huevo,Crema ácida,Crema baja en grasa Alpura 426 ml,11650486,50.9,,https://www.soriana.com/crema-baja-en-grasa-alpura-426-ml/11650486.html
2026-07-22 13:32:38,Soriana,lacteos-y-huevo,Crema ácida,Crema Ácida Deslactosada Alpura 190 ml,11928726,27.5,,https://www.soriana.com/crema-acida-deslactosada-alpura-190-ml/11928726.html
2026-07-22 13:32:38,Soriana,lacteos-y-huevo,Crema ácida,Crema Ácida Deslactosada Ligera Alpura 426 ml,11928559,52.9,,https://www.soriana.com/crema-acida-deslactosada-ligera-alpura-426-ml/11928559.html
2026-07-22 13:32:38,Soriana,lacteos-y-huevo,Crema ácida,Crema Ácida Santa Clara 800 g,9117431,97.5,,https://www.soriana.com/crema-acida-santa-clara-800-g/9117431.html
2026-07-22 13:32:38,Soriana,lacteos-y-huevo,Crema ácida,Crema Acida Alpura Deslactosada 900 ml,11666747,96.9,,https://www.soriana.com/crema-acida-alpura-deslactosada-900-ml/11666747.html
2026-07-22 13:32:38,Soriana,lacteos-y-huevo,Crema ácida,Crema Ácida Santa Clara 420 ml,11572867,53.5,,https://www.soriana.com/crema-acida-santa-clara-420-ml/11572867.html
2026-07-22 13:32:38,Soriana,lacteos-y-huevo,Crema ácida,Crema Ácida Alpura 190 ml,11928745,26.9,,https://www.soriana.com/crema-acida-alpura-190-ml/11928745.html
2026-07-22 13:32:38,Soriana,lacteos-y-huevo,Crema ácida,Crema Selecta Alpura 426 ml,11657731,55.9,,https://www.soriana.com/crema-selecta-alpura-426-ml/11657731.html
2026-07-22 13:32:38,Soriana,lacteos-y-huevo,Crema ácida,Crema Ácida Aguascalientes 240 ml,428397,25.5,,https://www.soriana.com/crema-acida-aguascalientes-240-ml/428397.html
2026-07-22 13:32:48,Soriana,lacteos-y-huevo,Crema reducida en grasa,Crema Ácida Alpura Reducida Grasa 900 ml,1179439,97.9,,https://www.soriana.com/crema-acida-alpura-reducida-grasa-900-ml/1179439.html
2026-07-22 13:32:48,Soriana,lacteos-y-huevo,Crema reducida en grasa,Crema Lala Deslactosada Light 426 ml,11494129,55.5,,https://www.soriana.com/crema-lala-deslactosada-light-426-ml/11494129.html
2026-07-22 13:32:48,Soriana,lacteos-y-huevo,Crema reducida en grasa,Crema Lala Light 200 ml,1437695,26.5,,https://www.soriana.com/crema-lala-light-200-ml/1437695.html
2026-07-22 13:32:48,Soriana,lacteos-y-huevo,Crema reducida en grasa,Crema Lala Light 900 ml,1437697,101.0,,https://www.soriana.com/crema-lala-light-900-ml/1437697.html
2026-07-22 13:32:48,Soriana,lacteos-y-huevo,Crema reducida en grasa,Crema Lala Light 426 ml,11494217,48.5,,https://www.soriana.com/crema--lala-light-426-ml/11494217.html
2026-07-22 13:32:48,Soriana,lacteos-y-huevo,Crema reducida en grasa,Crema Reducida en Grasa Santa Clara 225 g,11716657,23.5,,https://www.soriana.com/crema-reducida-en-grasa-santa-clara-225-g/11716657.html
2026-07-22 13:32:48,Soriana,lacteos-y-huevo,Crema reducida en grasa,Crema Reducida en Grasa Santa Clara 420 g,11716658,45.9,,https://www.soriana.com/crema-reducida-en-grasa-santa-clara-420-g/11716658.html
2026-07-22 13:32:56,Soriana,lacteos-y-huevo,Crema líquida,Crema Botanera Norteñita 280 g,11935420,38.9,,https://www.soriana.com/crema-botanera-nortenita-280-g/11935420.html
2026-07-22 13:32:56,Soriana,lacteos-y-huevo,Crema líquida,Crema Natural Campo Menonita 426 g,11898543,51.0,33.0,https://www.soriana.com/crema-natural-campo-menonita-426-g/11898543.html
2026-07-22 13:33:06,Soriana,lacteos-y-huevo,Crema para batir,Crema Tipo Chantilly Chanty Wip 200 gr,390008,72.9,,https://www.soriana.com/crema-tipo-chantilly-chanty-wip-200-gr/390008.html
2026-07-22 13:33:06,Soriana,lacteos-y-huevo,Crema para batir,Crema Batida Vegetal Chantilly 1 Litro,669695,64.5,,https://www.soriana.com/crema-batida-vegetal-chantilly-1-litro/669695.html
2026-07-22 13:33:06,Soriana,lacteos-y-huevo,Crema para batir,Crema Batida Vegetal Chantilly 500 ml,672026,31.5,,https://www.soriana.com/crema-batida-vegetal-chantilly-500-ml/672026.html
2026-07-22 13:33:06,Soriana,lacteos-y-huevo,Crema para batir,Crema para Batir Vainilla Chantilly 460 gr,11524791,53.5,,https://www.soriana.com/crema-para-batir-vainilla-chantilly-460-gr/11524791.html
2026-07-22 13:33:06,Soriana,lacteos-y-huevo,Crema para batir,Cobertura y Relleno para Pastelería Top Cream Vainilla 910 ml,2608323,104.0,,https://www.soriana.com/cobertura-y-relleno-para-pasteleria-top-cream-vainilla-910-ml/2608323.html
2026-07-22 13:33:06,Soriana,lacteos-y-huevo,Crema para batir,Crema Para Batir Lyncott 500 ml,488309,72.5,,https://www.soriana.com/crema-para-batir-lyncott-500-ml/488309.html
2026-07-22 13:33:06,Soriana,lacteos-y-huevo,Crema para batir,Crema Para Batir Lyncott 980 ml,388672,132.0,,https://www.soriana.com/crema-para-batir-lyncott-980-ml/388672.html
2026-07-22 13:33:06,Soriana,lacteos-y-huevo,Crema para batir,Crema Batida Lyncott 184 Gr,3055178,89.5,,https://www.soriana.com/crema-batida-lyncott-184-gr/3055178.html
2026-07-22 13:33:06,Soriana,lacteos-y-huevo,Crema para batir,Crema para Batir sabor Nata Crem Olé 1 kg,11898643,81.9,,https://www.soriana.com/crema-para-batir-sabor-nata-crem-ole-1-kg/11898643.html
2026-07-22 13:33:06,Soriana,lacteos-y-huevo,Crema para batir,Crema Batida Congelada Cool Whip 453 g,11900741,144.9,,https://www.soriana.com/crema-batida-congelada-cool-whip-453-g/11900741.html
2026-07-22 13:33:06,Soriana,lacteos-y-huevo,Crema para batir,Crema para Batir sabor Vainilla Crem Olé 1 kg,11898677,81.9,,https://www.soriana.com/crema-para-batir-sabor-vainilla-crem-ole-1-kg/11898677.html
2026-07-22 13:33:06,Soriana,lacteos-y-huevo,Crema para batir,Crema Batida Congelada Cool Whip 204 g,11900463,94.9,,https://www.soriana.com/crema-batida-congelada-cool-whip-204-g/11900463.html
2026-07-22 13:33:06,Soriana,lacteos-y-huevo,Crema para batir,Crema Batida en Aerosol Reddi Wip 425 g,11900768,169.9,,https://www.soriana.com/crema-batida-en-aerosol-reddi-wip-425-g/11900768.html
2026-07-22 13:33:15,Soriana,lacteos-y-huevo,Jocoque y hummus,Hummus Original Libanius 280G,3052849,110.0,,https://www.soriana.com/hummus-original-libanius-280g/3052849.html
2026-07-22 13:33:15,Soriana,lacteos-y-huevo,Jocoque y hummus,Jocoque Seco Natural Libanius 250 g,1139742,108.0,,https://www.soriana.com/jocoque-seco-natural-libanius-250-g/1139742.html
2026-07-22 13:33:15,Soriana,lacteos-y-huevo,Jocoque y hummus,Jocoque con Ajo y Hierbas Finas Libanius 250G,11212748,108.0,,https://www.soriana.com/jocoque-con-ajo-y-hierbas-finas-libanius-250g/11212748.html
2026-07-22 13:33:15,Soriana,lacteos-y-huevo,Jocoque y hummus,Jocoque Seco Cero Grasa Libanius 250G,11113350,104.0,,https://www.soriana.com/jocoque-seco-cero-grasa-libanius-250g/11113350.html
2026-07-22 13:33:15,Soriana,lacteos-y-huevo,Jocoque y hummus,Jocoque Fresco Natural Del Cielo 380G,2374901,73.5,,https://www.soriana.com/jocoque-fresco-natural-del-cielo-380g/2374901.html
2026-07-22 13:33:15,Soriana,lacteos-y-huevo,Jocoque y hummus,Hummus de Garbanzo con Ajonjolí y Chipotle Libanius 280 g,11897511,85.0,,https://www.soriana.com/hummus-de-garbanzo-con-ajonjoli-y-chipotle-libanius-280-g/11897511.html
2026-07-22 13:33:15,Soriana,lacteos-y-huevo,Jocoque y hummus,Jocoque Fresco Natural Del Cielo 230G,2374902,51.9,,https://www.soriana.com/jocoque-fresco-natural-del-cielo-230g/2374902.html
2026-07-22 13:33:15,Soriana,lacteos-y-huevo,Jocoque y hummus,Jocoque Seco con Chipotle Libanius 473 g,11897410,144.9,,https://www.soriana.com/jocoque-seco-con-chipotle-libanius-473-g/11897410.html
2026-07-22 13:33:15,Soriana,lacteos-y-huevo,Jocoque y hummus,Hummus Pimiento Rojo Libanius 280G,3052850,110.0,,https://www.soriana.com/hummus-pimiento-rojo-libanius-280g/3052850.html
2026-07-22 13:33:15,Soriana,lacteos-y-huevo,Jocoque y hummus,Tzatziki Dip de Yoghurt Griego con Pepino Libanius 380 g,11897442,95.0,,https://www.soriana.com/tzatziki-dip-de-yoghurt-griego-con-pepino-libanius-380-g/11897442.html
2026-07-22 13:33:15,Soriana,lacteos-y-huevo,Jocoque y hummus,Jocoque Chilchota 650 g,11714705,100.0,78.9,https://www.soriana.com/jocoque-chilchota-650-g/11714705.html
2026-07-22 13:33:15,Soriana,lacteos-y-huevo,Jocoque y hummus,Jocoque Rosy Chipotle 500 g,1176585,99.9,,https://www.soriana.com/jocoque-rosy-chipotle-500-g/1176585.html
2026-07-22 13:33:15,Soriana,lacteos-y-huevo,Jocoque y hummus,Hummus Clásico Anessa 200 gr,9045095,61.0,,https://www.soriana.com/hummus-clasico-anessa-200-gr/9045095.html
2026-07-22 13:33:15,Soriana,lacteos-y-huevo,Jocoque y hummus,Jocoque Anessa Chipotle 200 gr,9052354,72.9,,https://www.soriana.com/jocoque-anessa-chipotle-200-gr/9052354.html
2026-07-22 13:33:15,Soriana,lacteos-y-huevo,Jocoque y hummus,Jocoque Anessa Natural 200 gr,9052356,94.9,,https://www.soriana.com/jocoque-anessa-natural-200-gr/9052356.html
2026-07-22 13:33:15,Soriana,lacteos-y-huevo,Jocoque y hummus,Dip sabor 5 Chiles Verde Fuerte 180 g,11898635,78.0,,https://www.soriana.com/dip-sabor-5-chiles-verde-fuerte-180-g/11898635.html
2026-07-22 13:33:29,Soriana,lacteos-y-huevo,Margarina,Margarina Sin Sal Iberia 4 en 1 Contenido 225 gr,11500590,38.9,29.9,https://www.soriana.com/margarina-sin-sal-iberia-4-en-1-contenido-225-gr/11500590.html
2026-07-22 13:33:29,Soriana,lacteos-y-huevo,Margarina,Margarina Sin Sal Primavera Chantilly 190 gr,11500565,46.78,,https://www.soriana.com/margarina-sin-sal-primavera-chantilly-190-gr/11500565.html
2026-07-22 13:33:29,Soriana,lacteos-y-huevo,Margarina,Margarina Con Sal Primavera Chantilly 190 gr,11500533,46.7,,https://www.soriana.com/margarina-con-sal-primavera-chantilly-190-gr/11500533.html
2026-07-22 13:33:29,Soriana,lacteos-y-huevo,Margarina,Margarina sin Sal Primavera 4 barras de 90 gr c/u,11520127,76.9,,https://www.soriana.com/margarina-sin-sal-primavera-4-barras-de-90-gr-c-u/11520127.html
2026-07-22 13:33:29,Soriana,lacteos-y-huevo,Margarina,Margarina Primavera Sin Sal 110 g,11669513,32.9,,https://www.soriana.com/margarina-primavera-sin-sal-110-g/11669513.html
2026-07-22 13:33:29,Soriana,lacteos-y-huevo,Margarina,Margarina Sin Sal Primavera Light 400 gr,11500572,92.9,,https://www.soriana.com/margarina-sin-sal-primavera-light-400-gr/11500572.html
2026-07-22 13:33:29,Soriana,lacteos-y-huevo,Margarina,Margarina Con Sal Primavera Cocina Barra de 90 gr,11500501,25.5,,https://www.soriana.com/margarina-con-sal-primavera-cocina-barra-de-90-gr/11500501.html
2026-07-22 13:33:29,Soriana,lacteos-y-huevo,Margarina,Margarina Con Sal Iberia Untable 1300 gr,11500607,142.0,,https://www.soriana.com/margarina-con-sal-iberia-untable-1300-gr/11500607.html
2026-07-22 13:33:29,Soriana,lacteos-y-huevo,Margarina,Margarina Primavera Mini Con Sal 110 g,11669512,32.9,,https://www.soriana.com/margarina-primavera-mini-con-sal-110-g/11669512.html
2026-07-22 13:33:29,Soriana,lacteos-y-huevo,Margarina,Margarina Sin Sal Primavera Cocina 90 gr,11500637,25.5,,https://www.soriana.com/margarina-sin-sal-primavera-cocina-90-gr/11500637.html
2026-07-22 13:33:29,Soriana,lacteos-y-huevo,Margarina,Margarina I Cant Believe Its Not Butter con Sal 250 g,11556005,79.9,,https://www.soriana.com/margarina-i-cant-believe-its-not-butter-con-sal-250-g/11556005.html
2026-07-22 13:33:29,Soriana,lacteos-y-huevo,Margarina,Margarina Sin Sal Iberia 4 en 1 Contenido 500 gr,11500564,79.5,,https://www.soriana.com/margarina-sin-sal-iberia-4-en-1-contenido-500-gr/11500564.html
2026-07-22 13:33:29,Soriana,lacteos-y-huevo,Margarina,Margarina Con Sal Iberia Barra de 90 gr,11500566,17.5,,https://www.soriana.com/margarina-con-sal-iberia-barra-de-90-gr/11500566.html
2026-07-22 13:33:29,Soriana,lacteos-y-huevo,Margarina,Margarina sin Sal Iberia 170 g,11669601,27.9,,https://www.soriana.com/margarina-sin-sal-iberia-170-g/11669601.html
2026-07-22 13:33:29,Soriana,lacteos-y-huevo,Margarina,Margarina Sin Sal Iberia 4 en 1 Contenido 1 Kg,11500652,149.9,,https://www.soriana.com/margarina-sin-sal-iberia-4-en-1-contenido-1-kg/11500652.html
2026-07-22 13:33:29,Soriana,lacteos-y-huevo,Margarina,Margarina Primavera Cocina con Sal 4 piezas de 90 g c/u,11500638,76.9,,https://www.soriana.com/margarina-primavera-cocina-con-sal-4-piezas-de-90-g-c-u/11500638.html
2026-07-22 13:33:29,Soriana,lacteos-y-huevo,Margarina,Margarina Con Sal Primavera Cocina 775 gr,11500576,156.0,,https://www.soriana.com/margarina-con-sal-primavera-cocina-775-gr/11500576.html
2026-07-22 13:33:29,Soriana,lacteos-y-huevo,Margarina,Margarina Sin Sal Primavera Cocina 775 gr,11500600,159.0,,https://www.soriana.com/margarina-sin-sal-primavera-cocina-775-gr/11500600.html
2026-07-22 13:33:29,Soriana,lacteos-y-huevo,Margarina,Margarina Con Sal I Can'T Believe It'S Not Butter 454 gr,11499546,116.0,,https://www.soriana.com/margarina-con-sal-i-cant-believe-its-not-butter-454-gr/11499546.html
2026-07-22 13:33:29,Soriana,lacteos-y-huevo,Margarina,Margarina Sin Sal La Villita Barra de 90 gr,1597318,12.8,12.0,https://www.soriana.com/margarina-sin-sal-la-villita-barra-de-90-gr/1597318.html
2026-07-22 13:33:29,Soriana,lacteos-y-huevo,Margarina,Margarina Sin Sal Iberia 4 en 1 Contenido 90 gr,11500589,19.9,13.5,https://www.soriana.com/margarina-sin-sal-iberia-4-en-1-contenido-90-gr/11500589.html
2026-07-22 13:33:29,Soriana,lacteos-y-huevo,Margarina,Mantequilla Barra Aguascalientes 1 kg,11243144,186.0,,https://www.soriana.com/mantequilla-barra-aguascalientes-1-kg/11243144.html
2026-07-22 13:33:29,Soriana,lacteos-y-huevo,Margarina,Margarina Sin Sal Primavera Chantilly 400 gr,11500495,87.5,64.9,https://www.soriana.com/margarina-sin-sal-primavera-chantilly-400-gr/11500495.html
2026-07-22 13:33:29,Soriana,lacteos-y-huevo,Margarina,Margarina Suave con Sal La Villita 400 g,11744879,35.5,,https://www.soriana.com/margarina-suave-con-sal-la-villita-400-g/11744879.html
2026-07-22 13:33:38,Soriana,lacteos-y-huevo,Mantequilla,Mantequilla Lala Barra Sin Sal 4 pz 90 g,2231613,101.0,,https://www.soriana.com/mantequilla-lala-barra-sin-sal-4-pz-90-g/2231613.html
2026-07-22 13:33:38,Soriana,lacteos-y-huevo,Mantequilla,Mantequilla Lala Barra sin Sal 90 g,2231612,27.9,,https://www.soriana.com/mantequilla-lala-barra-sin-sal-90-g/2231612.html
2026-07-22 13:33:38,Soriana,lacteos-y-huevo,Mantequilla,Mantequilla Sin Sal Gloria Barra de 90 gr,363913,30.5,,https://www.soriana.com/mantequilla-sin-sal-gloria-barra-de-90-gr/363913.html
2026-07-22 13:33:38,Soriana,lacteos-y-huevo,Mantequilla,Mantequilla Sin Sal Gloria Barra de 225 gr,1036160,70.07,,https://www.soriana.com/mantequilla-sin-sal-gloria-barra-de-225-gr/1036160.html
2026-07-22 13:33:38,Soriana,lacteos-y-huevo,Mantequilla,Mantequilla Lala sin sal en barra 225 g,11724712,65.5,,https://www.soriana.com/mantequilla-lala-sin-sal-en-barra-225-g/11724712.html
2026-07-22 13:33:38,Soriana,lacteos-y-huevo,Mantequilla,Mantequilla Con Sal Gloria Barra de 90 gr,363912,31.5,,https://www.soriana.com/mantequilla-con-sal-gloria-barra-de-90-gr/363912.html
2026-07-22 13:33:38,Soriana,lacteos-y-huevo,Mantequilla,Mantequilla Sin Sal Gloria Pack 4 Barras de 90 gr c/u,363915,124.0,,https://www.soriana.com/mantequilla-sin-sal-gloria-pack-4-barras-de-90-gr-c-u/363915.html
2026-07-22 13:33:38,Soriana,lacteos-y-huevo,Mantequilla,Mantequilla Gloria sin Sal 500 gr,11246120,164.0,,https://www.soriana.com/mantequilla-gloria-sin-sal-500-gr/11246120.html
2026-07-22 13:33:38,Soriana,lacteos-y-huevo,Mantequilla,Mantequilla Aguascalientes sin Sal 220 gr,428401,53.5,,https://www.soriana.com/mantequilla-aguascalientes-sin-sal-220-gr/428401.html
2026-07-22 13:33:38,Soriana,lacteos-y-huevo,Mantequilla,Mantequilla Con Sal Gloria Barra de 225 gr,363917,73.5,,https://www.soriana.com/mantequilla-con-sal-gloria-barra-de-225-gr/363917.html
2026-07-22 13:33:38,Soriana,lacteos-y-huevo,Mantequilla,Mantequilla Alpura 90 g,11522947,24.05,,https://www.soriana.com/mantequilla-alpura-90-g/11522947.html
2026-07-22 13:33:38,Soriana,lacteos-y-huevo,Mantequilla,Mantequilla Sin Sal Gloria Sólida 1 kg,363916,305.0,,https://www.soriana.com/mantequilla-sin-sal-gloria-solida-1-kg/363916.html
2026-07-22 13:33:38,Soriana,lacteos-y-huevo,Mantequilla,Mantequilla Gloria Reducida en Grasa 250 gr,9041746,119.0,,https://www.soriana.com/mantequilla-gloria-reducida-en-grasa-250-gr/9041746.html
2026-07-22 13:33:38,Soriana,lacteos-y-huevo,Mantequilla,Mantequilla Con Sal Président Barra 200 gr,1251897,128.0,,https://www.soriana.com/mantequilla-con-sal-president-barra-200-gr/1251897.html
2026-07-22 13:33:38,Soriana,lacteos-y-huevo,Mantequilla,Mantequilla Chipilo Sin Sal 500 g,370873,151.0,,https://www.soriana.com/mantequilla-chipilo-sin-sal-500-g/370873.html
2026-07-22 13:33:38,Soriana,lacteos-y-huevo,Mantequilla,Mantequilla Sin Sal Gloria Untable 250 gr,2057344,128.0,,https://www.soriana.com/mantequilla-sin-sal-gloria-untable-250-gr/2057344.html
2026-07-22 13:33:38,Soriana,lacteos-y-huevo,Mantequilla,Mantequilla Alpura 220 g,11522819,54.82,,https://www.soriana.com/mantequilla-alpura-220-g/11522819.html
2026-07-22 13:33:38,Soriana,lacteos-y-huevo,Mantequilla,Mantequilla Chipilo Sin Sal 90 g,370871,28.5,22.0,https://www.soriana.com/mantequilla-chipilo-sin-sal-90-g/370871.html
2026-07-22 13:33:38,Soriana,lacteos-y-huevo,Mantequilla,Mantequilla Aguascalientes con Sal 90 gr,428400,21.5,,https://www.soriana.com/mantequilla-aguascalientes-con-sal-90-gr/428400.html
2026-07-22 13:33:38,Soriana,lacteos-y-huevo,Mantequilla,Mantequilla Lurpak con Sal 250 g,11095682,114.0,,https://www.soriana.com/mantequilla-lurpak-con-sal-250-g/11095682.html
2026-07-22 13:33:38,Soriana,lacteos-y-huevo,Mantequilla,Mantequilla Noche Buena Sin Sal 90 g,11531910,24.9,,https://www.soriana.com/mantequilla-noche-buena-sin-sal-90-g/11531910.html
2026-07-22 13:33:38,Soriana,lacteos-y-huevo,Mantequilla,Mantequilla Con Sal Gloria Pack 4 Barras de 90 gr c/u,363914,130.0,,https://www.soriana.com/mantequilla-con-sal-gloria-pack-4-barras-de-90-gr-c-u/363914.html
2026-07-22 13:33:38,Soriana,lacteos-y-huevo,Mantequilla,Mantequilla Sin Sal Lyncott Barra de 225 gr,9072911,67.5,,https://www.soriana.com/mantequilla-sin-sal-lyncott-barra-de-225-gr/9072911.html
2026-07-22 13:33:38,Soriana,lacteos-y-huevo,Mantequilla,Mantequilla Noche Buena Sin Sal 360 gr,11590959,101.0,,https://www.soriana.com/mantequilla-noche-buena-sin-sal-360-gr/11590959.html
2026-07-22 13:33:52,Soriana,lacteos-y-huevo,Flanes y natillas,Flan de Vainilla Lala 6 pzas x 100 g,503782,47.0,46.5,https://www.soriana.com/flan-de-vainilla-lala-6-pzas-x-100-g/503782.html
2026-07-22 13:33:52,Soriana,lacteos-y-huevo,Flanes y natillas,Natilla Lala sabor Vainilla 125 g,1444055,11.4,,https://www.soriana.com/natilla-lala-sabor-vainilla-125-g/1444055.html
2026-07-22 13:33:52,Soriana,lacteos-y-huevo,Flanes y natillas,Flan de Vainilla Lala 2 pzas 100 g,1408563,18.5,,https://www.soriana.com/flan-de-vainilla-lala-2-pzas-100-g/1408563.html
2026-07-22 13:33:52,Soriana,lacteos-y-huevo,Flanes y natillas,Flan Danette Sabor Vainilla con Caramelo 2 piezas de 100 gr c/u,1028526,19.7,,https://www.soriana.com/flan-danette-sabor-vainilla-con-caramelo-2-piezas-de-100-gr-c-u/1028526.html
2026-07-22 13:33:52,Soriana,lacteos-y-huevo,Flanes y natillas,Flan Tipo Casero Yoplait Pack con 2 Piezas de 110 gr c/u,1174171,30.5,,https://www.soriana.com/flan-tipo-casero-yoplait-pack-con-2-piezas-de-110-gr-c-u/1174171.html
2026-07-22 13:33:52,Soriana,lacteos-y-huevo,Flanes y natillas,Nata de Leche de Vaca Mi Capricho 250 gr,9069939,85.0,,https://www.soriana.com/nata-de-leche-de-vaca-mi-capricho-250-gr/9069939.html
2026-07-22 13:33:52,Soriana,lacteos-y-huevo,Flanes y natillas,Flan Yoplait Sabor Vainilla 400 gr,1378341,31.9,,https://www.soriana.com/flan-yoplait-sabor-vainilla-400-gr/1378341.html
2026-07-22 13:33:52,Soriana,lacteos-y-huevo,Flanes y natillas,Flan Art sabor Vainilla 240 g Textura Cremosa,1017063,21.5,,https://www.soriana.com/flan-art-sabor-vainilla-240-g-textura-cremosa/1017063.html
2026-07-22 13:33:52,Soriana,lacteos-y-huevo,Flanes y natillas,Flan Napolitano Tia Sara 120 gr,1735183,31.9,,https://www.soriana.com/flan-napolitano-tia-sara-120-gr/1735183.html
2026-07-22 13:33:52,Soriana,lacteos-y-huevo,Flanes y natillas,Flan Danette sabor Vainilla con Caramelo 6 pack de 100g,1213658,48.9,,https://www.soriana.com/flan-danette-sabor-vainilla-con-caramelo-6-pack-de-100g/1213658.html
2026-07-22 13:33:52,Soriana,lacteos-y-huevo,Flanes y natillas,Arroz con Leche Lala 4 pzas de 125 g,2517169,47.0,46.5,https://www.soriana.com/arroz-con-leche-lala-4-pzas-de-125-g/2517169.html
2026-07-22 13:33:52,Soriana,lacteos-y-huevo,Flanes y natillas,Arroz con Leche Lala 125 g,1444063,12.1,,https://www.soriana.com/arroz-con-leche-lala-125-g/1444063.html
2026-07-22 13:33:52,Soriana,lacteos-y-huevo,Flanes y natillas,Natilla Lala sabor Chocolate x 125 g,1444053,11.4,,https://www.soriana.com/natilla-lala-sabor-chocolate-x-125-g/1444053.html
2026-07-22 13:33:52,Soriana,lacteos-y-huevo,Flanes y natillas,Natilla Danette Sabor Vainilla 100g,2028074,12.1,,https://www.soriana.com/natilla-danette-sabor-vainilla-100g/2028074.html
2026-07-22 13:33:52,Soriana,lacteos-y-huevo,Flanes y natillas,Natilla Danette Sabor Chocolate 100g,1787342,12.1,,https://www.soriana.com/natilla-danette-sabor-chocolate-100g/1787342.html
2026-07-22 13:33:52,Soriana,lacteos-y-huevo,Flanes y natillas,Arroz Con Leche Tia Sara Con Canela 200 gr,1735182,31.5,,https://www.soriana.com/arroz-con-leche-tia-sara-con-canela-200-gr/1735182.html
2026-07-22 13:33:52,Soriana,lacteos-y-huevo,Flanes y natillas,Postre Pay De Queso Yoplait 200g 2 Pack,11646491,36.5,,https://www.soriana.com/postre-pay-de-queso-yoplait-200g-2-pack/11646491.html
2026-07-22 13:33:52,Soriana,lacteos-y-huevo,Flanes y natillas,Dulce de Leche,9046604,169.9,,https://www.soriana.com/dulce-de-leche/9046604.html
2026-07-22 13:33:52,Soriana,lacteos-y-huevo,Flanes y natillas,Pudin Jello Cook N Cream Oreo Impor 119g,2169666,75.0,,https://www.soriana.com/pudin-jello-cook-n-cream-oreo-impor-119g/2169666.html
2026-07-22 13:33:52,Soriana,lacteos-y-huevo,Flanes y natillas,Nata Natural Don Javier 250 ml,11243088,74.9,,https://www.soriana.com/nata-natural-don-javier-250-ml/11243088.html
2026-07-22 13:33:52,Soriana,lacteos-y-huevo,Flanes y natillas,Dulce de Leche Mi Passion 250 gr,9073829,54.9,,https://www.soriana.com/dulce-de-leche-mi-passion-250-gr/9073829.html
2026-07-22 13:34:03,Soriana,lacteos-y-huevo,Gelatina de agua,Gelatina Lala Yomi Surtido 20 pz 40 g,11330254,45.9,44.0,https://www.soriana.com/gelatina-lala-yomi-surtido-20-pz-40-g/11330254.html
2026-07-22 13:34:03,Soriana,lacteos-y-huevo,Gelatina de agua,Gelatina Lala Yomi Surtido 6 Pz 100 g,11571909,30.0,27.9,https://www.soriana.com/gelatina-lala-yomi-surtido-6-pz-100-g/11571909.html
2026-07-22 13:34:03,Soriana,lacteos-y-huevo,Gelatina de agua,Gelatina Sabor Fresa y Limón Dany 6 / 125 gr,3072951,32.9,,https://www.soriana.com/gelatina-sabor-fresa-y-limon-dany-6-125-gr/3072951.html
2026-07-22 13:34:03,Soriana,lacteos-y-huevo,Gelatina de agua,Gelatina Lala Yomi Fresa 100 g,11573075,6.4,,https://www.soriana.com/gelatina-lala-yomi-fresa-100-g/11573075.html
2026-07-22 13:34:03,Soriana,lacteos-y-huevo,Gelatina de agua,Gelatina Lala Yomi Uva 100 g,11573267,6.4,,https://www.soriana.com/gelatina-lala-yomi-uva-100-g/11573267.html
2026-07-22 13:34:03,Soriana,lacteos-y-huevo,Gelatina de agua,Gelatina Lala Yomi Limón 100 g,11573246,5.3,,https://www.soriana.com/gelatina-lala-yomi-limon-100-g/11573246.html
2026-07-22 13:34:03,Soriana,lacteos-y-huevo,Gelatina de agua,Dany Gelatina Sabor Uva 125 g,1536670,8.4,,https://www.soriana.com/dany-gelatina-sabor-uva-125-g/1536670.html
2026-07-22 13:34:03,Soriana,lacteos-y-huevo,Gelatina de agua,Gelatina Lala Yomi 4 pack sabor Fresa 100 g,11936076,25.5,22.9,https://www.soriana.com/gelatina-lala-yomi-4-pack-sabor-fresa-100-g/11936076.html
2026-07-22 13:34:03,Soriana,lacteos-y-huevo,Gelatina de agua,Gelatina de Agua Art sin Azúcar 4 pzas 100 g,11573261,27.9,26.9,https://www.soriana.com/gelatina-de-agua-art-sin-azucar-4-pzas-100-g/11573261.html
2026-07-22 13:34:03,Soriana,lacteos-y-huevo,Gelatina de agua,Dany Gelatina Sabor Limón 125g,245890,8.5,,https://www.soriana.com/dany-gelatina-sabor-limon-125g/245890.html
2026-07-22 13:34:03,Soriana,lacteos-y-huevo,Gelatina de agua,Dany Gelatina Sabor Fresa 125g,245888,8.4,,https://www.soriana.com/dany-gelatina-sabor-fresa-125g/245888.html
2026-07-22 13:34:03,Soriana,lacteos-y-huevo,Gelatina de agua,Gelatina de Agua Art sin Azúcar 4 pzas 100 g,11572776,31.5,26.9,https://www.soriana.com/gelatina-de-agua-art-sin-azucar-4-pzas-100-g/11572776.html
2026-07-22 13:34:03,Soriana,lacteos-y-huevo,Gelatina de agua,Dany Gelatina Sabor Mandarina 125g,1536671,8.5,,https://www.soriana.com/dany-gelatina-sabor-mandarina-125g/1536671.html
2026-07-22 13:34:03,Soriana,lacteos-y-huevo,Gelatina de agua,Dany Gelatina sin Azúcar sabor Fresa 125 g,11924845,9.0,,https://www.soriana.com/dany-gelatina-sin-azucar-sabor-fresa-125-g/11924845.html
2026-07-22 13:34:03,Soriana,lacteos-y-huevo,Gelatina de agua,Gelatina de Agua Art Surtidos 20 pzas 40 g,376278,39.5,,https://www.soriana.com/gelatina-de-agua-art-surtidos-20-pzas-40-g/376278.html
2026-07-22 13:34:03,Soriana,lacteos-y-huevo,Gelatina de agua,Dany Gelatina sin Azúcar sabor Limón 125 g,11924887,9.1,,https://www.soriana.com/dany-gelatina-sin-azucar-sabor-limon-125-g/11924887.html
2026-07-22 13:34:03,Soriana,lacteos-y-huevo,Gelatina de agua,Dany Gelatina Sabor Piña 125g,245889,8.5,,https://www.soriana.com/dany-gelatina-sabor-pina-125g/245889.html
2026-07-22 13:34:03,Soriana,lacteos-y-huevo,Gelatina de agua,Gelatina de Agua Dany En Pouch Sabor Fresa 125 g,11422007,18.0,,https://www.soriana.com/gelatina-de-agua-dany-en-pouch-sabor-fresa-125-g/11422007.html
2026-07-22 13:34:03,Soriana,lacteos-y-huevo,Gelatina de agua,Gelatina Bambi de Agua Surtido 850 gr,1241331,33.5,,https://www.soriana.com/gelatina-bambi-de-agua-surtido-850-gr/1241331.html
2026-07-22 13:34:03,Soriana,lacteos-y-huevo,Gelatina de agua,Gelatina Bambi de Agua Sabor Fresa 220 gr,1542860,19.9,,https://www.soriana.com/gelatina-bambi-de-agua-sabor-fresa-220-gr/1542860.html
2026-07-22 13:34:03,Soriana,lacteos-y-huevo,Gelatina de agua,Gelatina Lala Yomi sabor Piña 100 g,11936077,6.4,,https://www.soriana.com/gelatina-lala-yomi-sabor-pina-100-g/11936077.html
2026-07-22 13:34:03,Soriana,lacteos-y-huevo,Gelatina de agua,Gelatina Bambi de Agua Sabor Limón 220 gr,1937377,19.9,,https://www.soriana.com/gelatina-bambi-de-agua-sabor-limon-220-gr/1937377.html
2026-07-22 13:34:03,Soriana,lacteos-y-huevo,Gelatina de agua,Gelatina de Agua Art Surtidos 8 pzas 100 g,11573287,41.0,,https://www.soriana.com/gelatina-de-agua-art-surtidos-8-pzas-100-g/11573287.html
2026-07-22 13:34:11,Soriana,lacteos-y-huevo,Gelatina de leche,Gelatina Mosaico Tia Sara 180 Gr,1988448,24.0,,https://www.soriana.com/gelatina-mosaico-tia-sara-180-gr/1988448.html
2026-07-22 13:34:11,Soriana,lacteos-y-huevo,Gelatina de leche,Gelatina Danette a Base de Leche Sabor Coco 100g,2379288,11.7,,https://www.soriana.com/gelatina-danette-a-base-de-leche-sabor-coco-100g/2379288.html
2026-07-22 13:34:11,Soriana,lacteos-y-huevo,Gelatina de leche,Gelatina Danette a Base de Leche Sabor Vainilla 100g,2191783,11.4,,https://www.soriana.com/gelatina-danette-a-base-de-leche-sabor-vainilla-100g/2191783.html
2026-07-22 13:34:11,Soriana,lacteos-y-huevo,Gelatina de leche,Gelatina Danette a Base de Leche Sabor Fresa 100g,2191780,14.3,,https://www.soriana.com/gelatina-danette-a-base-de-leche-sabor-fresa-100g/2191780.html
2026-07-22 13:34:26,Soriana,lacteos-y-huevo,Ofertas,Leche Deslactosada Light Santa Clara 1.5 lt,11881970,58.5,,https://www.soriana.com/leche-deslactosada-light-santa-clara-1.5-lt/11881970.html
2026-07-22 13:34:26,Soriana,lacteos-y-huevo,Ofertas,Leche Deslactosada Santa Clara 1.5 lt,11590932,55.5,,https://www.soriana.com/leche-deslactosada-santa-clara-1.5-lt/11590932.html
2026-07-22 13:34:26,Soriana,lacteos-y-huevo,Ofertas,Leche Entera Santa Clara 1.5 lt,11590766,54.9,,https://www.soriana.com/leche-entera-santa-clara-1.5-lt/11590766.html
2026-07-22 13:34:26,Soriana,lacteos-y-huevo,Ofertas,Leche Alpura Deslactosada 1.5 L,11321592,49.9,,https://www.soriana.com/leche-alpura-deslactosada-1.5-l/11321592.html
2026-07-22 13:34:26,Soriana,lacteos-y-huevo,Ofertas,Leche Alpura Clásica Entera 1.5 L,11321591,49.9,,https://www.soriana.com/leche-alpura-clasica-entera-1.5-l/11321591.html
2026-07-22 13:34:26,Soriana,lacteos-y-huevo,Ofertas,Leche sabor Melón Binggrae 200 ml,11922314,39.9,,https://www.soriana.com/leche-sabor-melon-binggrae-200-ml/11922314.html
2026-07-22 13:34:26,Soriana,lacteos-y-huevo,Ofertas,Leche sabor Fresa Binggrae 200 ml,11922324,39.9,,https://www.soriana.com/leche-sabor-fresa-binggrae-200-ml/11922324.html
2026-07-22 13:34:26,Soriana,lacteos-y-huevo,Ofertas,Leche sabor Café Binggrae 200 ml,11922294,39.9,,https://www.soriana.com/leche-sabor-cafe-binggrae-200-ml/11922294.html
2026-07-22 13:34:26,Soriana,lacteos-y-huevo,Ofertas,Leche sabor Plátano Binggrae 200 ml,11922259,39.9,,https://www.soriana.com/leche-sabor-platano-binggrae-200-ml/11922259.html
2026-07-22 13:34:26,Soriana,lacteos-y-huevo,Ofertas,Leche Alpura Selecta Deslactosada 1 L,11302260,39.5,,https://www.soriana.com/leche-alpura-selecta-deslactosada-1-l/11302260.html
2026-07-22 13:34:26,Soriana,lacteos-y-huevo,Ofertas,Leche Alpura Selecta Entera 1 L,1841620,38.5,,https://www.soriana.com/leche-alpura-selecta-entera-1-l/1841620.html
2026-07-22 13:34:26,Soriana,lacteos-y-huevo,Ofertas,Leche sabor Taro Binggrae 200 ml,11922260,37.9,,https://www.soriana.com/leche-sabor-taro-binggrae-200-ml/11922260.html
2026-07-22 13:34:26,Soriana,lacteos-y-huevo,Ofertas,Leche Alpura Deslactosada Light 1 L,1181414,37.9,,https://www.soriana.com/leche-alpura-deslactosada-light-1-l/1181414.html
2026-07-22 13:34:26,Soriana,lacteos-y-huevo,Ofertas,Leche Alpura Clásica Entera 1 L,377153,37.5,,https://www.soriana.com/leche-alpura-clasica-entera-1-l/377153.html
2026-07-22 13:34:26,Soriana,lacteos-y-huevo,Ofertas,Leche Alpura Light 1 L,377182,37.5,,https://www.soriana.com/leche-alpura-light-1-l/377182.html
2026-07-22 13:34:26,Soriana,lacteos-y-huevo,Ofertas,Leche Alpura Deslactosada 1 L,1050529,36.9,,https://www.soriana.com/leche-alpura-deslactosada-1-l/1050529.html
2026-07-22 13:34:26,Soriana,lacteos-y-huevo,Ofertas,Forti Regular 1.5 L,11321587,36.9,,https://www.soriana.com/forti-regular-1.5-l/11321587.html
2026-07-22 13:34:26,Soriana,lacteos-y-huevo,Ofertas,Leche Alpura Semidescremada 1 L,377154,36.5,,https://www.soriana.com/leche-alpura-semidescremada-1-l/377154.html
2026-07-22 13:34:26,Soriana,lacteos-y-huevo,Ofertas,Leche Entera UHT San Marcos 1 Lt,11194741,36.5,,https://www.soriana.com/leche-entera-uht-san-marcos-1-lt/11194741.html
2026-07-22 13:34:26,Soriana,lacteos-y-huevo,Ofertas,Producto Lácteo Forti Plus Deslactosada 1.5 L,11321463,35.9,,https://www.soriana.com/producto-lacteo-forti-plus-deslactosada-1.5-l/11321463.html
2026-07-22 13:34:26,Soriana,lacteos-y-huevo,Ofertas,Leche Semidescremada UHT San Marcos 1 Lt,11194742,35.9,,https://www.soriana.com/leche-semidescremada-uht-san-marcos-1-lt/11194742.html
2026-07-22 13:34:26,Soriana,lacteos-y-huevo,Ofertas,Leche Light UHT San Marcos 1 Lt,11194743,35.9,,https://www.soriana.com/leche-light-uht-san-marcos-1-lt/11194743.html
2026-07-22 13:34:26,Soriana,lacteos-y-huevo,Ofertas,Leche Deslactosada Light UHT San Marcos 1 Lt,11194745,29.9,,https://www.soriana.com/leche-deslactosada-light-uht-san-marcos-1-lt/11194745.html
2026-07-22 13:34:26,Soriana,lacteos-y-huevo,Ofertas,Leche Semidescremada UHT San Marcos 1 Lt,11194744,29.5,,https://www.soriana.com/leche-semidescremada-uht-san-marcos-1-lt/11194744.html
2026-07-22 13:34:57,Soriana,carnes-pescados-y-mariscos,Para asar,Hamburguesa de Res Fina SuKarne 720 gr,1535950,102.0,,https://www.soriana.com/hamburguesa-de-res-fina-sukarne-720-gr/1535950.html
2026-07-22 13:34:57,Soriana,carnes-pescados-y-mariscos,Para asar,Arrachera de Res Marinada Rancho Don Francisco Selecta 600 gr,1530846,184.0,,https://www.soriana.com/arrachera-de-res-marinada-rancho-don-francisco-selecta-600-gr/1530846.html
2026-07-22 13:34:57,Soriana,carnes-pescados-y-mariscos,Para asar,Costilla de Res Para Asar Rancho Don Francisco Selecta kg,303907,159.0,,https://www.soriana.com/costilla-de-res-para-asar-rancho-don-francisco-selecta-kg/303907.html
2026-07-22 13:34:57,Soriana,carnes-pescados-y-mariscos,Para asar,Carne de res para asar Rancho Don Francisco Selecta Kg,2154236,249.0,,https://www.soriana.com/carne-de-res-para-asar-rancho-don-francisco-selecta-kg/2154236.html
2026-07-22 13:34:57,Soriana,carnes-pescados-y-mariscos,Para asar,Tomahawk Sonora Rancho Don Francisco Kg,3109221,759.0,,https://www.soriana.com/tomahawk-sonora-rancho-don-francisco-kg/3109221.html
2026-07-22 13:34:57,Soriana,carnes-pescados-y-mariscos,Para asar,Costilla de Res Style Rancho Don Francisc Selecta Kg,1888291,224.9,,https://www.soriana.com/costilla-de-res-style-rancho-don-francisc-selecta-kg/1888291.html
2026-07-22 13:34:57,Soriana,carnes-pescados-y-mariscos,Para asar,Rib Eye de Res Rancho Don Francisco Selecta Kg,303862,424.9,,https://www.soriana.com/rib-eye-de-res-rancho-don-francisco-selecta-kg/303862.html
2026-07-22 13:34:57,Soriana,carnes-pescados-y-mariscos,Para asar,Flecha de Res Para Asar Rancho Don Francisco Selecta Kg,303896,144.0,,https://www.soriana.com/flecha-de-res-para-asar-rancho-don-francisco-selecta-kg/303896.html
2026-07-22 13:34:57,Soriana,carnes-pescados-y-mariscos,Para asar,Filete de Res Rancho Don Francisco Selecta Kg,2589569,619.0,,https://www.soriana.com/filete-de-res-rancho-don-francisco-selecta-kg/2589569.html
2026-07-22 13:34:57,Soriana,carnes-pescados-y-mariscos,Para asar,Diezmillo de Res sin Hueso Rancho Don Francisco Selecta Kg,303909,274.9,,https://www.soriana.com/diezmillo-de-res-sin-hueso-rancho-don-francisco-selecta-kg/303909.html
2026-07-22 13:34:57,Soriana,carnes-pescados-y-mariscos,Para asar,Aguja Regia de Res Rancho Don Francisco Selecta Kg,303873,289.0,,https://www.soriana.com/aguja-regia-de-res-rancho-don-francisco-selecta-kg/303873.html
2026-07-22 13:34:57,Soriana,carnes-pescados-y-mariscos,Para asar,Costilla de Res Country Style Rancho Don Francisco Selecta Kg,303142,274.0,,https://www.soriana.com/costilla-de-res-country-style-rancho-don-francisco-selecta-kg/303142.html
2026-07-22 13:34:57,Soriana,carnes-pescados-y-mariscos,Para asar,Suadero de Res para Asar Rancho Santa Fe kg,303902,284.0,,https://www.soriana.com/suadero-de-res-para-asar-rancho-santa-fe-kg/303902.html
2026-07-22 13:34:57,Soriana,carnes-pescados-y-mariscos,Para asar,Rib Steak/Chuletón de Res Rancho Don Francisco Selecta Kg,303870,414.9,,https://www.soriana.com/rib-steak-chuleton-de-res-rancho-don-francisco-selecta-kg/303870.html
2026-07-22 13:34:57,Soriana,carnes-pescados-y-mariscos,Para asar,Cecina de Cerdo Enchilada Bachoco Parrilleros 480 g,11472386,99.0,,https://www.soriana.com/cecina-de-cerdo-enchilada-bachoco-parrilleros-480-g/11472386.html
2026-07-22 13:34:57,Soriana,carnes-pescados-y-mariscos,Para asar,New York de Res Arreo Beef 340 g,11631697,144.0,,https://www.soriana.com/new-york-de-res-arreo-beef-340-g/11631697.html
2026-07-22 13:34:57,Soriana,carnes-pescados-y-mariscos,Para asar,Arrachera Natural Sterling Silver 600g,11685760,339.0,,https://www.soriana.com/arrachera-natural-sterling-silver-600g/11685760.html
2026-07-22 13:34:57,Soriana,carnes-pescados-y-mariscos,Para asar,New York sin hueso Rancho Don Francisco Kg,11391680,309.0,,https://www.soriana.com/new-york-sin-hueso-rancho-don-francisco-kg/11391680.html
2026-07-22 13:34:57,Soriana,carnes-pescados-y-mariscos,Para asar,New York de Res Rancho Don Francisco Selecta Kg,303861,369.0,,https://www.soriana.com/new-york-de-res-rancho-don-francisco-selecta-kg/303861.html
2026-07-22 13:34:57,Soriana,carnes-pescados-y-mariscos,Para asar,Brisket de Res Sin Hueso Rancho Don Francisco Selecta Kg,8000775,244.9,,https://www.soriana.com/brisket-de-res-sin-hueso-rancho-don-francisco-selecta-kg/8000775.html
2026-07-22 13:34:57,Soriana,carnes-pescados-y-mariscos,Para asar,Rib Eye de Res Arreo Beef 340 g,11631686,199.0,,https://www.soriana.com/rib-eye-de-res-arreo-beef-340-g/11631686.html
2026-07-22 13:34:57,Soriana,carnes-pescados-y-mariscos,Para asar,Cecina Extrafina Bachoco Parrilleros 480 g,11472387,194.0,,https://www.soriana.com/cecina-extrafina-bachoco-parrilleros-480-g/11472387.html
2026-07-22 13:34:57,Soriana,carnes-pescados-y-mariscos,Para asar,Medallón de Filete de Res Rancho Don Francisco Selecta Kg,11557620,649.0,,https://www.soriana.com/medallon-de-filete-de-res-rancho-don-francisco-selecta-kg/11557620.html
2026-07-22 13:34:57,Soriana,carnes-pescados-y-mariscos,Para asar,Top Sirloin de Res Palomilla Rancho Don Francisco Selecta Kg,303865,289.0,,https://www.soriana.com/top-sirloin-de-res-palomilla-rancho-don-francisco-selecta-kg/303865.html
2026-07-22 13:35:06,Soriana,carnes-pescados-y-mariscos,Para guisar,Higado de Res Rebanado SuKarne 500 g,1901910,39.0,,https://www.soriana.com/higado-de-res-rebanado-sukarne-500-g/1901910.html
2026-07-22 13:35:06,Soriana,carnes-pescados-y-mariscos,Para guisar,Carne para Deshebrar de Res Rancho Don Francisco Selecta Kg,600279,244.0,,https://www.soriana.com/carne-para-deshebrar-de-res-rancho-don-francisco-selecta-kg/600279.html
2026-07-22 13:35:06,Soriana,carnes-pescados-y-mariscos,Para guisar,Milanesa de Res Kosher Rancho Don Francisco Kg,11557550,424.0,,https://www.soriana.com/milanesa-de-res-kosher-rancho-don-francisco-kg/11557550.html
2026-07-22 13:35:06,Soriana,carnes-pescados-y-mariscos,Para guisar,Deshebrada de Res Pulpa Negra Rancho Don Francisco Selecta Kg,1098089,269.0,225.0,https://www.soriana.com/deshebrada-de-res-pulpa-negra-rancho-don-francisco-selecta-kg/1098089.html
2026-07-22 13:35:06,Soriana,carnes-pescados-y-mariscos,Para guisar,Pulpa Trozo de Pulpa Bola de Res Rancho Don Francisco Selecta Kg,303905,239.0,,https://www.soriana.com/pulpa-trozo-de-pulpa-bola-de-res-rancho-don-francisco-selecta-kg/303905.html
2026-07-22 13:35:06,Soriana,carnes-pescados-y-mariscos,Para guisar,Cuete de Res Rancho Don Francisco Selecta Kg,1583330,244.0,,https://www.soriana.com/cuete-de-res-rancho-don-francisco-selecta-kg/1583330.html
2026-07-22 13:35:06,Soriana,carnes-pescados-y-mariscos,Para guisar,Bisteck del 7 Rancho Don Francisco Sonora Kg,1881871,264.9,,https://www.soriana.com/bisteck-del-7-rancho-don-francisco-sonora-kg/1881871.html
2026-07-22 13:35:06,Soriana,carnes-pescados-y-mariscos,Para guisar,Vampiros de Res Rancho Don Francisco Sonora Kg,1884169,339.0,,https://www.soriana.com/vampiros-de-res-rancho-don-francisco-sonora-kg/1884169.html
2026-07-22 13:35:06,Soriana,carnes-pescados-y-mariscos,Para guisar,Carne para Jugo de Pulpa Negra Rancho Don Francisco Selecta Kg,11427700,221.0,,https://www.soriana.com/carne-para-jugo-de-pulpa-negra-rancho-don-francisco-selecta-kg/11427700.html
2026-07-22 13:35:06,Soriana,carnes-pescados-y-mariscos,Para guisar,Milanesa de Res Empanizada Kg,11457809,194.0,,https://www.soriana.com/milanesa-de-res-empanizada-kg/11457809.html
2026-07-22 13:35:06,Soriana,carnes-pescados-y-mariscos,Para guisar,Tampiqueña de filete de res Rancho Don Francisco Selecta Kg,11555986,489.0,,https://www.soriana.com/tampiquena-de-filete-de-res-rancho-don-francisco-selecta-kg/11555986.html
2026-07-22 13:35:06,Soriana,carnes-pescados-y-mariscos,Para guisar,Bisteck de Res sin Hueso Rancho Don Francisco Selecta Kg,2154237,249.0,,https://www.soriana.com/bisteck-de-res-sin-hueso-rancho-don-francisco-selecta-kg/2154237.html
2026-07-22 13:35:06,Soriana,carnes-pescados-y-mariscos,Para guisar,Bisteck/Chuleta del 0 de Res Rancho Don Francisco Selecta Kg,303874,204.0,,https://www.soriana.com/bisteck-chuleta-del-0-de-res-rancho-don-francisco-selecta-kg/303874.html
2026-07-22 13:35:06,Soriana,carnes-pescados-y-mariscos,Para guisar,Albóndiga de Res Rancho Don Francisco Selecta Kg,11557638,249.0,,https://www.soriana.com/albondiga-de-res-rancho-don-francisco-selecta-kg/11557638.html
2026-07-22 13:35:06,Soriana,carnes-pescados-y-mariscos,Para guisar,Vampiros de Res Rancho Don Francisco Selecta Kg,304205,269.9,,https://www.soriana.com/vampiros-de-res-rancho-don-francisco-selecta-kg/304205.html
2026-07-22 13:35:06,Soriana,carnes-pescados-y-mariscos,Para guisar,Labio de Res Rancho Santa Fe Kg,303987,159.0,,https://www.soriana.com/labio-de-res-rancho-santa-fe-kg/303987.html
2026-07-22 13:35:06,Soriana,carnes-pescados-y-mariscos,Para guisar,Hamburguesa de Res 90/10 Rancho Don Francisco Selecta Kg,2534761,239.0,,https://www.soriana.com/hamburguesa-de-res-90-10-rancho-don-francisco-selecta-kg/2534761.html
2026-07-22 13:35:06,Soriana,carnes-pescados-y-mariscos,Para guisar,Trocitos de Res Pulpa Negra Rancho Don Francisco Selecta Kg,544650,264.9,225.0,https://www.soriana.com/trocitos-de-res-pulpa-negra-rancho-don-francisco-selecta-kg/544650.html
2026-07-22 13:35:06,Soriana,carnes-pescados-y-mariscos,Para guisar,Tasajo de Res Pulpa Negra Rancho Don Francisco Selecta Kg,1036683,259.0,,https://www.soriana.com/tasajo-de-res-pulpa-negra-rancho-don-francisco-selecta-kg/1036683.html
2026-07-22 13:35:06,Soriana,carnes-pescados-y-mariscos,Para guisar,Bisteck de Res Tampiqueña Rancho Don Francisco Selecta Kg,303878,269.0,,https://www.soriana.com/bisteck-de-res-tampiquena-rancho-don-francisco-selecta-kg/303878.html
2026-07-22 13:35:06,Soriana,carnes-pescados-y-mariscos,Para guisar,Pata de Res Rancho Santa Fe Kg,303985,154.9,,https://www.soriana.com/pata-de-res-rancho-santa-fe-kg/303985.html
2026-07-22 13:35:06,Soriana,carnes-pescados-y-mariscos,Para guisar,Fajitas de Res Rancho Don Francisco Selecta Kg,11557637,224.0,,https://www.soriana.com/fajitas-de-res-rancho-don-francisco-selecta-kg/11557637.html
2026-07-22 13:35:06,Soriana,carnes-pescados-y-mariscos,Para guisar,Tampiqueña de res en Tiras Rancho Don Francisco Sonora Kg,1885010,299.0,,https://www.soriana.com/tampiquena-de-res-en-tiras-rancho-don-francisco-sonora-kg/1885010.html
2026-07-22 13:35:06,Soriana,carnes-pescados-y-mariscos,Para guisar,Riñón de Res Rancho Santa Fe Kg,303986,27.0,,https://www.soriana.com/rinon-de-res-rancho-santa-fe-kg/303986.html
2026-07-22 13:35:18,Soriana,carnes-pescados-y-mariscos,Cortes de carne,Cabrería de Res Sonora Rancho Don Francisco Kg,2686077,889.0,,https://www.soriana.com/cabreria-de-res-sonora-rancho-don-francisco-kg/2686077.html
2026-07-22 13:35:18,Soriana,carnes-pescados-y-mariscos,Cortes de carne,Tomahawk Sonora Rancho Don Francisco Kg,3109221,759.0,,https://www.soriana.com/tomahawk-sonora-rancho-don-francisco-kg/3109221.html
2026-07-22 13:35:18,Soriana,carnes-pescados-y-mariscos,Cortes de carne,Rib Steak de Res Sonora Rancho Don Francisco Kg,1882842,709.0,,https://www.soriana.com/rib-steak-de-res-sonora-rancho-don-francisco-kg/1882842.html
2026-07-22 13:35:18,Soriana,carnes-pescados-y-mariscos,Cortes de carne,Cabrería de Res Sonora Rancho Don Francisco Kg,3001623,799.0,664.9,https://www.soriana.com/cabreria-de-res-sonora-rancho-don-francisco-kg/3001623.html
2026-07-22 13:35:18,Soriana,carnes-pescados-y-mariscos,Cortes de carne,Medallón de Filete de Res Rancho Don Francisco Selecta Kg,11557620,649.0,,https://www.soriana.com/medallon-de-filete-de-res-rancho-don-francisco-selecta-kg/11557620.html
2026-07-22 13:35:18,Soriana,carnes-pescados-y-mariscos,Cortes de carne,T-Bone de Res Sonora Rancho Don Francisco Kg,1883253,634.9,,https://www.soriana.com/t-bone-de-res-sonora-rancho-don-francisco-kg/1883253.html
2026-07-22 13:35:18,Soriana,carnes-pescados-y-mariscos,Cortes de carne,Rib Steak/Chuletón de Res Rancho Don Francisco Selecta Kg,303870,414.9,,https://www.soriana.com/rib-steak-chuleton-de-res-rancho-don-francisco-selecta-kg/303870.html
2026-07-22 13:35:18,Soriana,carnes-pescados-y-mariscos,Cortes de carne,Picanha de Res Sonora Rancho Don Francisco Kg,2458719,419.0,399.9,https://www.soriana.com/picanha-de-res-sonora-rancho-don-francisco-kg/2458719.html
2026-07-22 13:35:18,Soriana,carnes-pescados-y-mariscos,Cortes de carne,Agujas Regias Sonora Rancho Don Francisco Kg,1883810,384.9,,https://www.soriana.com/agujas-regias-sonora-rancho-don-francisco-kg/1883810.html
2026-07-22 13:35:18,Soriana,carnes-pescados-y-mariscos,Cortes de carne,Club Steak de Res Rancho Don Francisco Selecta Kg,303869,379.0,,https://www.soriana.com/club-steak-de-res-rancho-don-francisco-selecta-kg/303869.html
2026-07-22 13:35:18,Soriana,carnes-pescados-y-mariscos,Cortes de carne,Rib Eye de Res Rancho Don Francisco Selecta Kg,303862,424.9,,https://www.soriana.com/rib-eye-de-res-rancho-don-francisco-selecta-kg/303862.html
2026-07-22 13:35:18,Soriana,carnes-pescados-y-mariscos,Cortes de carne,Rib Eye Parrilleros Norson 400 g,11688485,96.0,,https://www.soriana.com/rib-eye-parrilleros-norson-400-g/11688485.html
2026-07-22 13:35:18,Soriana,carnes-pescados-y-mariscos,Cortes de carne,Rib Eye de Res Kosher Rancho Don Francisco Selecta Kg,1167862,468.0,,https://www.soriana.com/rib-eye-de-res-kosher-rancho-don-francisco-selecta-kg/1167862.html
2026-07-22 13:35:18,Soriana,carnes-pescados-y-mariscos,Cortes de carne,Costilla de Res Rib Eye Rancho Don Francisco Selecta Kg,303908,209.0,,https://www.soriana.com/costilla-de-res-rib-eye-rancho-don-francisco-selecta-kg/303908.html
2026-07-22 13:35:18,Soriana,carnes-pescados-y-mariscos,Cortes de carne,Costilla de Rib Eye Rancho Don Francisco Selecta Kg,2589565,214.9,,https://www.soriana.com/costilla-de-rib-eye-rancho-don-francisco-selecta-kg/2589565.html
2026-07-22 13:35:18,Soriana,carnes-pescados-y-mariscos,Cortes de carne,Rib Eye Steak High Choice,11685404,436.0,,https://www.soriana.com/rib-eye-steak-high-choice/11685404.html
2026-07-22 13:35:18,Soriana,carnes-pescados-y-mariscos,Cortes de carne,Rib Eye de Res Sonora Rancho Don Francisco Kg,1882806,719.0,,https://www.soriana.com/rib-eye-de-res-sonora-rancho-don-francisco-kg/1882806.html
2026-07-22 13:35:18,Soriana,carnes-pescados-y-mariscos,Cortes de carne,Rib Eye Sin Hueso Sonora Rancho Don Francisco Kg,11427707,799.0,,https://www.soriana.com/rib-eye-sin-hueso-sonora-rancho-don-francisco-kg/11427707.html
2026-07-22 13:35:18,Soriana,carnes-pescados-y-mariscos,Cortes de carne,New York sin hueso Rancho Don Francisco Kg,11391680,309.0,,https://www.soriana.com/new-york-sin-hueso-rancho-don-francisco-kg/11391680.html
2026-07-22 13:35:18,Soriana,carnes-pescados-y-mariscos,Cortes de carne,New York Angus Premium Beef 600 g,11693456,528.0,,https://www.soriana.com/new-york-angus-premium-beef-600-g/11693456.html
2026-07-22 13:35:18,Soriana,carnes-pescados-y-mariscos,Cortes de carne,New York con Hueso Rancho Don Francisco Selecto Kg,11391685,999.0,,https://www.soriana.com/new-york-con-hueso-rancho-don-francisco-selecto-kg/11391685.html
2026-07-22 13:35:18,Soriana,carnes-pescados-y-mariscos,Cortes de carne,New York de Res Rancho Don Francisco Selecta Kg,303861,369.0,,https://www.soriana.com/new-york-de-res-rancho-don-francisco-selecta-kg/303861.html
2026-07-22 13:35:18,Soriana,carnes-pescados-y-mariscos,Cortes de carne,Top Sirloin de Res Palomilla Rancho Don Francisco Selecta Kg,303865,289.0,,https://www.soriana.com/top-sirloin-de-res-palomilla-rancho-don-francisco-selecta-kg/303865.html
2026-07-22 13:35:18,Soriana,carnes-pescados-y-mariscos,Cortes de carne,Hamburguesa Sirloin Bachoco Parrilleros 904 g,2514712,157.0,,https://www.soriana.com/hamburguesa-sirloin-bachoco-parrilleros-904-g/2514712.html
2026-07-22 13:35:18,Soriana,carnes-pescados-y-mariscos,Cortes de carne,Top Sirloin de Res Sonora Rancho Don Francisco Kg,1884975,394.9,,https://www.soriana.com/top-sirloin-de-res-sonora-rancho-don-francisco-kg/1884975.html
2026-07-22 13:35:18,Soriana,carnes-pescados-y-mariscos,Cortes de carne,Top Sirloin de Res Rancho Don Francisco Selecta Kg,11557596,999.99,,https://www.soriana.com/top-sirloin-de-res-rancho-don-francisco-selecta-kg/11557596.html
2026-07-22 13:35:18,Soriana,carnes-pescados-y-mariscos,Cortes de carne,Sirloin de res con hueso Rancho Don Francisco Selecta Kg,303864,269.0,,https://www.soriana.com/sirloin-de-res-con-hueso-rancho-don-francisco-selecta-kg/303864.html
2026-07-22 13:35:18,Soriana,carnes-pescados-y-mariscos,Cortes de carne,Diezmillo de Res sin Hueso Rancho Don Francisco Selecta Kg,303909,274.9,,https://www.soriana.com/diezmillo-de-res-sin-hueso-rancho-don-francisco-selecta-kg/303909.html
2026-07-22 13:35:18,Soriana,carnes-pescados-y-mariscos,Cortes de carne,Diezmillo de Res con Hueso Rancho Don Francisco Selecta Kg,303879,269.0,,https://www.soriana.com/diezmillo-de-res-con-hueso-rancho-don-francisco-selecta-kg/303879.html
2026-07-22 13:35:18,Soriana,carnes-pescados-y-mariscos,Cortes de carne,Bistec de Diezmillo de Ternera Kg,11380023,319.0,,https://www.soriana.com/bistec-de-diezmillo-de-ternera-kg/11380023.html
2026-07-22 13:35:18,Soriana,carnes-pescados-y-mariscos,Cortes de carne,Diezmillo de Res Sin Hueso Sonora Rancho Don Francisco Kg,1881866,339.0,329.0,https://www.soriana.com/diezmillo-de-res-sin-hueso-sonora-rancho-don-francisco-kg/1881866.html
2026-07-22 13:35:18,Soriana,carnes-pescados-y-mariscos,Cortes de carne,Diezmillo con Hueso Sonora Rancho Don Francisco Kg,1881869,354.9,,https://www.soriana.com/diezmillo-con-hueso-sonora-rancho-don-francisco-kg/1881869.html
2026-07-22 13:35:18,Soriana,carnes-pescados-y-mariscos,Cortes de carne,Arrachera de Res Marinada SuKarne 600 gr,443169,229.0,,https://www.soriana.com/arrachera-de-res-marinada-sukarne-600-gr/443169.html
2026-07-22 13:35:18,Soriana,carnes-pescados-y-mariscos,Cortes de carne,Arrachera de Res Marinada SuKarne 600 Gramos,1535931,229.0,,https://www.soriana.com/arrachera-de-res-marinada-sukarne-600-gramos/1535931.html
2026-07-22 13:35:18,Soriana,carnes-pescados-y-mariscos,Cortes de carne,Carne de res Arrachera en Hamburguesa Sukarne 1.20 kg 8 piezas,11815035,181.0,,https://www.soriana.com/carne-de-res-arrachera-en-hamburguesa-sukarne-1.20-kg-8-piezas/11815035.html
2026-07-22 13:35:18,Soriana,carnes-pescados-y-mariscos,Cortes de carne,Arrachera de Res Sonora Rancho Don Francisco Kg,1883971,489.0,,https://www.soriana.com/arrachera-de-res-sonora-rancho-don-francisco-kg/1883971.html
2026-07-22 13:35:18,Soriana,carnes-pescados-y-mariscos,Cortes de carne,Arrachera Natural Sterling Silver 600g,11685760,339.0,,https://www.soriana.com/arrachera-natural-sterling-silver-600g/11685760.html
2026-07-22 13:35:18,Soriana,carnes-pescados-y-mariscos,Cortes de carne,Filete de Res Sonora Rancho Don Francisco Kg,1881872,759.0,,https://www.soriana.com/filete-de-res-sonora-rancho-don-francisco-kg/1881872.html
2026-07-22 13:35:18,Soriana,carnes-pescados-y-mariscos,Cortes de carne,Filete de Res Rancho Don Francisco Selecta Kg,2589569,619.0,,https://www.soriana.com/filete-de-res-rancho-don-francisco-selecta-kg/2589569.html
2026-07-22 13:35:18,Soriana,carnes-pescados-y-mariscos,Cortes de carne,Filete de Res Rancho Don Francisco Selecta Kg,8000774,619.0,,https://www.soriana.com/filete-de-res-rancho-don-francisco-selecta-kg/8000774.html
2026-07-22 13:35:18,Soriana,carnes-pescados-y-mariscos,Cortes de carne,Filete de Res Sonora Rancho Don Francisco Kg,2685999,769.0,,https://www.soriana.com/filete-de-res-sonora-rancho-don-francisco-kg/2685999.html
2026-07-22 13:35:29,Soriana,carnes-pescados-y-mariscos,Carne molida,Molida de res especial 80/20 Rancho Don Francisco Selecta Kg,303899,138.0,124.9,https://www.soriana.com/molida-de-res-especial-80-20-rancho-don-francisco-selecta-kg/303899.html
2026-07-22 13:35:29,Soriana,carnes-pescados-y-mariscos,Carne molida,Molida de res 90/10 Rancho Don Francisco Selecta Kg,2231489,244.0,,https://www.soriana.com/molida-de-res-90-10-rancho-don-francisco-selecta-kg/2231489.html
2026-07-22 13:35:29,Soriana,carnes-pescados-y-mariscos,Carne molida,Molida 90/10 Top Sirloin Rancho Don Francisco Selecta Kg,1888300,219.0,,https://www.soriana.com/molida-90-10-top-sirloin-rancho-don-francisco-selecta-kg/1888300.html
2026-07-22 13:35:29,Soriana,carnes-pescados-y-mariscos,Carne molida,Molida de res Pulpa Negra 95-5 Rancho Don Francisco Selecta Kg,304101,279.9,242.0,https://www.soriana.com/molida-de-res-pulpa-negra-95-5-rancho-don-francisco-selecta-kg/304101.html
2026-07-22 13:35:29,Soriana,carnes-pescados-y-mariscos,Carne molida,Molida de Res Comercial Kg,303898,169.0,139.9,https://www.soriana.com/molida-de-res-comercial-kg/303898.html
2026-07-22 13:35:29,Soriana,carnes-pescados-y-mariscos,Carne molida,Medallón de Res Kosher Rancho Don Francisco Kg,1167852,528.0,,https://www.soriana.com/medallon-de-res-kosher-rancho-don-francisco-kg/1167852.html
2026-07-22 13:35:29,Soriana,carnes-pescados-y-mariscos,Carne molida,Molida de Res Kosher Rancho Don Francisco Selecta Kg,11557551,424.0,,https://www.soriana.com/molida-de-res-kosher-rancho-don-francisco-selecta-kg/11557551.html
2026-07-22 13:35:29,Soriana,carnes-pescados-y-mariscos,Carne molida,Molida de res Pulpa Negra London Broil Rancho Don Francisco Selecta Kg,11427598,279.9,,https://www.soriana.com/molida-de-res-pulpa-negra-london-broil-rancho-don-francisco-selecta-kg/11427598.html
2026-07-22 13:35:29,Soriana,carnes-pescados-y-mariscos,Carne molida,Molida de res especial 80-20 Rancho Don Francisco Sonora Kg,1884211,159.0,,https://www.soriana.com/molida-de-res-especial-80-20-rancho-don-francisco-sonora-kg/1884211.html
2026-07-22 13:35:29,Soriana,carnes-pescados-y-mariscos,Carne molida,Molida de res Especial 90-10 Rancho Don Francisco Sonora Kg,1881903,299.0,,https://www.soriana.com/molida-de-res-especial-90-10-rancho-don-francisco-sonora-kg/1881903.html
2026-07-22 13:35:29,Soriana,carnes-pescados-y-mariscos,Carne molida,Molida de res SuKarne 95-5 extra fina 400 g,2424438,109.0,,https://www.soriana.com/molida-de-res-sukarne-95-5-extra-fina-400-g/2424438.html
2026-07-22 13:35:29,Soriana,carnes-pescados-y-mariscos,Carne molida,Molida de res SuKarne 80-20 Especial 400 g,1689726,79.0,,https://www.soriana.com/molida-de-res-sukarne-80-20-especial-400-g/1689726.html
2026-07-22 13:35:29,Soriana,carnes-pescados-y-mariscos,Carne molida,Carne Molida Res Magra Verdes Motivos 350 Gr,11382743,184.0,,https://www.soriana.com/carne-molida-res-magra-verdes-motivos-350-gr/11382743.html
2026-07-22 13:35:29,Soriana,carnes-pescados-y-mariscos,Carne molida,Molida sin res Plant Squad 456 g,11506726,189.0,,https://www.soriana.com/molida-sin-res-plant-squad-456-g/11506726.html
2026-07-22 13:35:29,Soriana,carnes-pescados-y-mariscos,Carne molida,Molida de res SuKarne 90-10 fina 400 g,2424440,99.0,,https://www.soriana.com/molida-de-res-sukarne-90-10-fina-400-g/2424440.html
2026-07-22 13:35:29,Soriana,carnes-pescados-y-mariscos,Carne molida,Molida de res Pulpa Negra 95-5 Rancho Don Francisco Sonora Kg,1882730,319.0,,https://www.soriana.com/molida-de-res-pulpa-negra-95-5-rancho-don-francisco-sonora-kg/1882730.html
2026-07-22 13:35:29,Soriana,carnes-pescados-y-mariscos,Carne molida,Molida Pavo Carolina Turkey,11360242,112.0,,https://www.soriana.com/molida-pavo-carolina-turkey/11360242.html
2026-07-22 13:35:29,Soriana,carnes-pescados-y-mariscos,Carne molida,Molida de Ternera,11557586,288.0,,https://www.soriana.com/molida-de-ternera/11557586.html
2026-07-22 13:35:38,Soriana,carnes-pescados-y-mariscos,Para cocer,Menudo de Res Panza Rancho Santa Fe Kg,303983,114.5,,https://www.soriana.com/menudo-de-res-panza-rancho-santa-fe-kg/303983.html
2026-07-22 13:35:38,Soriana,carnes-pescados-y-mariscos,Para cocer,Chamberete de Res con Hueso Rancho Don Francisco Selecta Kg,303887,145.5,,https://www.soriana.com/chamberete-de-res-con-hueso-rancho-don-francisco-selecta-kg/303887.html
2026-07-22 13:35:38,Soriana,carnes-pescados-y-mariscos,Para cocer,Brisket de Res Sin Hueso Rancho Don Francisco Selecta Kg,8000775,244.9,,https://www.soriana.com/brisket-de-res-sin-hueso-rancho-don-francisco-selecta-kg/8000775.html
2026-07-22 13:35:38,Soriana,carnes-pescados-y-mariscos,Para cocer,Agujas para Cocido Res Kg,303884,139.0,,https://www.soriana.com/agujas-para-cocido-res-kg/303884.html
2026-07-22 13:35:38,Soriana,carnes-pescados-y-mariscos,Para cocer,Chamberete con Hueso de Res Rancho Don Francisco Sonora Kg,303976,189.0,179.9,https://www.soriana.com/chamberete-con-hueso-de-res-rancho-don-francisco-sonora-kg/303976.html
2026-07-22 13:35:38,Soriana,carnes-pescados-y-mariscos,Para cocer,Pescuezo de Res para Barbacoa Rancho Don Francisco Selecta Kg,303901,189.0,,https://www.soriana.com/pescuezo-de-res-para-barbacoa-rancho-don-francisco-selecta-kg/303901.html
2026-07-22 13:35:38,Soriana,carnes-pescados-y-mariscos,Para cocer,Cocido de Res Comercial Rancho Don Francisco Selecta Kg,1241275,139.0,,https://www.soriana.com/cocido-de-res-comercial-rancho-don-francisco-selecta-kg/1241275.html
2026-07-22 13:35:38,Soriana,carnes-pescados-y-mariscos,Para cocer,Chamberete de Res Platanillo Rancho Don Francisco Selecta Kg,8000777,244.0,,https://www.soriana.com/chamberete-de-res-platanillo-rancho-don-francisco-selecta-kg/8000777.html
2026-07-22 13:35:38,Soriana,carnes-pescados-y-mariscos,Para cocer,Hueso Tuetanero de Res Kosher Rancho Don Francisco Selecta Kg,1167853,128.0,,https://www.soriana.com/hueso-tuetanero-de-res-kosher-rancho-don-francisco-selecta-kg/1167853.html
2026-07-22 13:35:38,Soriana,carnes-pescados-y-mariscos,Para cocer,Chamberete de Res sin Hueso Kosher Rancho Don Francisco Kg,11557546,424.0,,https://www.soriana.com/chamberete-de-res-sin-hueso-kosher-rancho-don-francisco-kg/11557546.html
2026-07-22 13:35:38,Soriana,carnes-pescados-y-mariscos,Para cocer,Pata de Res Rancho Santa Fé Kg,2790737,159.0,,https://www.soriana.com/pata-de-res-rancho-santa-fe-kg/2790737.html
2026-07-22 13:35:38,Soriana,carnes-pescados-y-mariscos,Para cocer,Pata de Res Picada Kg,2790736,59.9,,https://www.soriana.com/pata-de-res-picada-kg/2790736.html
2026-07-22 13:35:38,Soriana,carnes-pescados-y-mariscos,Para cocer,Churrasco de Res Rancho Don Francisco Selecta Kg,2478636,359.0,,https://www.soriana.com/churrasco-de-res-rancho-don-francisco-selecta-kg/2478636.html
2026-07-22 13:35:38,Soriana,carnes-pescados-y-mariscos,Para cocer,Chamberete de Res con Hueso Kosher Rancho Don Francisco Kg,11557531,394.0,,https://www.soriana.com/chamberete-de-res-con-hueso-kosher-rancho-don-francisco-kg/11557531.html
2026-07-22 13:35:38,Soriana,carnes-pescados-y-mariscos,Para cocer,Hueso de Res Tuetanero Rancho Santa Fe Kg,8000773,119.0,,https://www.soriana.com/hueso-de-res-tuetanero-rancho-santa-fe-kg/8000773.html
2026-07-22 13:35:38,Soriana,carnes-pescados-y-mariscos,Para cocer,Alambre de Res Rancho Don Francisco Selecta Kg,11329549,269.9,,https://www.soriana.com/alambre-de-res-rancho-don-francisco-selecta-kg/11329549.html
2026-07-22 13:35:38,Soriana,carnes-pescados-y-mariscos,Para cocer,Cuete de Res Rancho Santa Fé Kg,2124259,999.0,,https://www.soriana.com/cuete-de-res-rancho-santa-fe-kg/2124259.html
2026-07-22 13:35:38,Soriana,carnes-pescados-y-mariscos,Para cocer,Aguja Cargada de Res con Hueso Kosher Rancho Don Francisco Kg,11557544,262.5,,https://www.soriana.com/aguja-cargada-de-res-con-hueso-kosher-rancho-don-francisco-kg/11557544.html
2026-07-22 13:35:38,Soriana,carnes-pescados-y-mariscos,Para cocer,Hueso con Tuétano Kg,11557613,129.0,,https://www.soriana.com/hueso-con-tuetano-kg/11557613.html
2026-07-22 13:35:38,Soriana,carnes-pescados-y-mariscos,Para cocer,Panza de Res Cocida Rancho San Francisco Kg,2790747,149.0,,https://www.soriana.com/panza-de-res-cocida-rancho-san-francisco-kg/2790747.html
2026-07-22 13:35:38,Soriana,carnes-pescados-y-mariscos,Para cocer,Cocido de Res Rancho Don Francisco 1 kg,303885,999.0,,https://www.soriana.com/cocido-de-res-rancho-don-francisco-1-kg/303885.html
2026-07-22 13:35:47,Soriana,carnes-pescados-y-mariscos,Fajitas y milanesa,Milanesa de Res Pulpa Blanca Rancho Don Francisco Selecta Kg,1399234,239.0,199.0,https://www.soriana.com/milanesa-de-res-pulpa-blanca-rancho-don-francisco-selecta-kg/1399234.html
2026-07-22 13:35:47,Soriana,carnes-pescados-y-mariscos,Fajitas y milanesa,Milanesa de Pulpa Negra Premium Kg,2231529,999.0,,https://www.soriana.com/milanesa-de-pulpa-negra-premium-kg/2231529.html
2026-07-22 13:35:47,Soriana,carnes-pescados-y-mariscos,Fajitas y milanesa,Milanesa de res Pulpa Negra Rancho Don Francisco Sonora Kg,1881876,334.9,,https://www.soriana.com/milanesa-de-res-pulpa-negra-rancho-don-francisco-sonora-kg/1881876.html
2026-07-22 13:35:47,Soriana,carnes-pescados-y-mariscos,Fajitas y milanesa,Milanesa Pulpa Bola Rancho Don Francisco Sonora Kg,1881875,314.9,,https://www.soriana.com/milanesa-pulpa-bola-rancho-don-francisco-sonora-kg/1881875.html
2026-07-22 13:35:47,Soriana,carnes-pescados-y-mariscos,Fajitas y milanesa,Milanesa de Res Pulpa Bola Rancho Don Francisco Selecta Kg,303897,259.0,,https://www.soriana.com/milanesa-de-res-pulpa-bola-rancho-don-francisco-selecta-kg/303897.html
2026-07-22 13:35:47,Soriana,carnes-pescados-y-mariscos,Fajitas y milanesa,Milanesa de Res Pulpa Negra Rancho Don Francisco Selecta Kg,304124,269.9,235.0,https://www.soriana.com/milanesa-de-res-pulpa-negra-rancho-don-francisco-selecta-kg/304124.html
2026-07-22 13:35:47,Soriana,carnes-pescados-y-mariscos,Fajitas y milanesa,Milanesa de Pulpa Bola Rancho Don Francisco Sonora Kg,1881874,247.9,,https://www.soriana.com/milanesa-de-pulpa-bola-rancho-don-francisco-sonora-kg/1881874.html
2026-07-22 13:35:47,Soriana,carnes-pescados-y-mariscos,Fajitas y milanesa,Milanesa Pulpa Blanca Rancho Don Francisco Sonora Kg,1881877,294.9,,https://www.soriana.com/milanesa-pulpa-blanca-rancho-don-francisco-sonora-kg/1881877.html
2026-07-22 13:35:47,Soriana,carnes-pescados-y-mariscos,Fajitas y milanesa,Fajitas de Res Rancho Don Francisco Selecta Kg,11557637,224.0,,https://www.soriana.com/fajitas-de-res-rancho-don-francisco-selecta-kg/11557637.html
2026-07-22 13:35:47,Soriana,carnes-pescados-y-mariscos,Fajitas y milanesa,Milanesa de Res Empanizada Rancho Don Francisco Selecta Kg,11557557,194.0,,https://www.soriana.com/milanesa-de-res-empanizada-rancho-don-francisco-selecta-kg/11557557.html
2026-07-22 13:35:47,Soriana,carnes-pescados-y-mariscos,Fajitas y milanesa,Fajita de Pulpa Negra Rancho Don Francisco Selecta Kg,11427701,999.0,,https://www.soriana.com/fajita-de-pulpa-negra-rancho-don-francisco-selecta-kg/11427701.html
2026-07-22 13:35:47,Soriana,carnes-pescados-y-mariscos,Fajitas y milanesa,Milanesa Sabana de Res Verdes Motivos 400 Gr,11382824,189.0,,https://www.soriana.com/milanesa-sabana-de-res-verdes-motivos-400-gr/11382824.html
2026-07-22 13:35:47,Soriana,carnes-pescados-y-mariscos,Fajitas y milanesa,Milanesa de Res Kosher Rancho Don Francisco Kg,11557550,424.0,,https://www.soriana.com/milanesa-de-res-kosher-rancho-don-francisco-kg/11557550.html
2026-07-22 13:35:55,Soriana,carnes-pescados-y-mariscos,Arracheras y marinados,Arrachera de Res Marinada SuKarne 600 Gramos,1535931,229.0,,https://www.soriana.com/arrachera-de-res-marinada-sukarne-600-gramos/1535931.html
2026-07-22 13:35:55,Soriana,carnes-pescados-y-mariscos,Arracheras y marinados,Arrachera de Res Marinada SuKarne 600 gr,443169,229.0,,https://www.soriana.com/arrachera-de-res-marinada-sukarne-600-gr/443169.html
2026-07-22 13:35:55,Soriana,carnes-pescados-y-mariscos,Arracheras y marinados,Arrachera de Res Marinada Rancho Don Francisco Selecta 600 gr,1530846,184.0,,https://www.soriana.com/arrachera-de-res-marinada-rancho-don-francisco-selecta-600-gr/1530846.html
2026-07-22 13:35:55,Soriana,carnes-pescados-y-mariscos,Arracheras y marinados,Arrachera Bachoco Parrilleros 480 g,11471964,229.0,,https://www.soriana.com/arrachera-bachoco-parrilleros-480-g/11471964.html
2026-07-22 13:35:55,Soriana,carnes-pescados-y-mariscos,Arracheras y marinados,Cecina Extrafina Bachoco Parrilleros 480 g,11472387,194.0,,https://www.soriana.com/cecina-extrafina-bachoco-parrilleros-480-g/11472387.html
2026-07-22 13:35:55,Soriana,carnes-pescados-y-mariscos,Arracheras y marinados,Arrachera de Res Sonora Rancho Don Francisco Kg,1883971,489.0,,https://www.soriana.com/arrachera-de-res-sonora-rancho-don-francisco-kg/1883971.html
2026-07-22 13:36:05,Soriana,carnes-pescados-y-mariscos,Ternera,Arrachera de Ternera Kg,11380026,319.0,,https://www.soriana.com/arrachera-de-ternera-kg/11380026.html
2026-07-22 13:36:05,Soriana,carnes-pescados-y-mariscos,Ternera,Carne para Asar de Ternera Kg,11380024,309.0,,https://www.soriana.com/carne-para-asar-de-ternera-kg/11380024.html
2026-07-22 13:36:05,Soriana,carnes-pescados-y-mariscos,Ternera,Agujas para Asar de Ternera Kg,11380025,187.0,,https://www.soriana.com/agujas-para-asar-de-ternera-kg/11380025.html
2026-07-22 13:36:05,Soriana,carnes-pescados-y-mariscos,Ternera,Bistec de Diezmillo de Ternera Kg,11380023,319.0,,https://www.soriana.com/bistec-de-diezmillo-de-ternera-kg/11380023.html
2026-07-22 13:36:05,Soriana,carnes-pescados-y-mariscos,Ternera,Pulpa de Ternera en Trocitos Rancho Don Francisco Selecta Kg,303975,184.9,,https://www.soriana.com/pulpa-de-ternera-en-trocitos-rancho-don-francisco-selecta-kg/303975.html
2026-07-22 13:36:05,Soriana,carnes-pescados-y-mariscos,Ternera,Tampiqueña de Ternera Kg,11557578,349.0,,https://www.soriana.com/tampiquena-de-ternera-kg/11557578.html
2026-07-22 13:36:05,Soriana,carnes-pescados-y-mariscos,Ternera,Agujas para Cocido de Ternera Kg,11557585,189.0,,https://www.soriana.com/agujas-para-cocido-de-ternera-kg/11557585.html
2026-07-22 13:36:05,Soriana,carnes-pescados-y-mariscos,Ternera,Pulpa de Ternera Kg,11557590,319.0,,https://www.soriana.com/pulpa-de-ternera-kg/11557590.html
2026-07-22 13:36:05,Soriana,carnes-pescados-y-mariscos,Ternera,Chamberete sin Hueso de Ternera Kg,11380021,228.0,,https://www.soriana.com/chamberete-sin-hueso-de-ternera-kg/11380021.html
2026-07-22 13:36:05,Soriana,carnes-pescados-y-mariscos,Ternera,Suadero de Ternera Kg,11380022,309.0,,https://www.soriana.com/suadero-de-ternera-kg/11380022.html
2026-07-22 13:36:05,Soriana,carnes-pescados-y-mariscos,Ternera,Pierna de Ternera con Hueso Rancho Don Francisco Selecta Kg,303974,164.9,,https://www.soriana.com/pierna-de-ternera-con-hueso-rancho-don-francisco-selecta-kg/303974.html
2026-07-22 13:36:05,Soriana,carnes-pescados-y-mariscos,Ternera,Back Rib de Ternera Kg,11379973,299.0,,https://www.soriana.com/back-rib-de-ternera-kg/11379973.html
2026-07-22 13:36:05,Soriana,carnes-pescados-y-mariscos,Ternera,Costilla de Ternera Rancho Don Francisco Selecta Kg,303971,149.9,,https://www.soriana.com/costilla-de-ternera-rancho-don-francisco-selecta-kg/303971.html
2026-07-22 13:36:05,Soriana,carnes-pescados-y-mariscos,Ternera,Rib Eye de Ternera Kg,11557598,482.0,,https://www.soriana.com/rib-eye-de-ternera-kg/11557598.html
2026-07-22 13:36:05,Soriana,carnes-pescados-y-mariscos,Ternera,Aguayón de Ternera Kg,11557588,309.0,,https://www.soriana.com/aguayon-de-ternera-kg/11557588.html
2026-07-22 13:36:05,Soriana,carnes-pescados-y-mariscos,Ternera,Bistec para Asar de Ternera,11380027,309.0,,https://www.soriana.com/bistec-para-asar-de-ternera/11380027.html
2026-07-22 13:36:05,Soriana,carnes-pescados-y-mariscos,Ternera,Pierna de Ternera sin Hueso Rancho Don Francisco Selecta Kg,303973,178.9,,https://www.soriana.com/pierna-de-ternera-sin-hueso-rancho-don-francisco-selecta-kg/303973.html
2026-07-22 13:36:05,Soriana,carnes-pescados-y-mariscos,Ternera,Filete de Ternera Kg,11557603,625.0,,https://www.soriana.com/filete-de-ternera-kg/11557603.html
2026-07-22 13:36:05,Soriana,carnes-pescados-y-mariscos,Ternera,Fajitas de Ternera Kg,11557581,349.0,,https://www.soriana.com/fajitas-de-ternera-kg/11557581.html
2026-07-22 13:36:05,Soriana,carnes-pescados-y-mariscos,Ternera,Chuleta de Ternera Rancho Don Francisco Selecta Kg,303972,295.0,,https://www.soriana.com/chuleta-de-ternera-rancho-don-francisco-selecta-kg/303972.html
2026-07-22 13:36:05,Soriana,carnes-pescados-y-mariscos,Ternera,T-bone de Ternera Kg,11557582,369.0,,https://www.soriana.com/t-bone-de-ternera-kg/11557582.html
2026-07-22 13:36:05,Soriana,carnes-pescados-y-mariscos,Ternera,Osobuco de Ternera kg,11557572,369.0,,https://www.soriana.com/osobuco-de-ternera-kg/11557572.html
2026-07-22 13:36:05,Soriana,carnes-pescados-y-mariscos,Ternera,Milanesa Extrafina de Ternera kg,11557587,349.0,,https://www.soriana.com/milanesa-extrafina-de-ternera-kg/11557587.html
2026-07-22 13:36:22,Soriana,carnes-pescados-y-mariscos,Pechuga de pollo,Filete de Pechuga de Pollo Bachoco Kg,304871,189.0,,https://www.soriana.com/filete-de-pechuga-de-pollo-bachoco-kg/304871.html
2026-07-22 13:36:22,Soriana,carnes-pescados-y-mariscos,Pechuga de pollo,Pechuga de Pollo sin Hueso Congelada Kg,303952,111.0,99.9,https://www.soriana.com/pechuga-de-pollo-sin-hueso-congelada-kg/303952.html
2026-07-22 13:36:22,Soriana,carnes-pescados-y-mariscos,Pechuga de pollo,Pechuga con Hueso Anatómica kg,303951,189.9,,https://www.soriana.com/pechuga-con-hueso-anatomica-kg/303951.html
2026-07-22 13:36:22,Soriana,carnes-pescados-y-mariscos,Pechuga de pollo,Pechuga de Pollo Sin Hueso Fresca Kg,2161275,189.9,,https://www.soriana.com/pechuga-de-pollo-sin-hueso-fresca-kg/2161275.html
2026-07-22 13:36:22,Soriana,carnes-pescados-y-mariscos,Pechuga de pollo,Pechuga de Pollo Corte Americano Congelada Kg,1068778,91.9,81.9,https://www.soriana.com/pechuga-de-pollo-corte-americano-congelada-kg/1068778.html
2026-07-22 13:36:22,Soriana,carnes-pescados-y-mariscos,Pechuga de pollo,Medallón de Pechuga Pollo Kg,1182552,171.0,149.0,https://www.soriana.com/medallon-de-pechuga-pollo-kg/1182552.html
2026-07-22 13:36:22,Soriana,carnes-pescados-y-mariscos,Pechuga de pollo,Pechuga de Pollo Bola Bachoco Kg,2161272,97.9,,https://www.soriana.com/pechuga-de-pollo-bola-bachoco-kg/2161272.html
2026-07-22 13:36:22,Soriana,carnes-pescados-y-mariscos,Pechuga de pollo,Pechuga de Pollo Rellena de Queso Precio por Pieza,2171348,17.9,,https://www.soriana.com/pechuga-de-pollo-rellena-de-queso-precio-por-pieza/2171348.html
2026-07-22 13:36:22,Soriana,carnes-pescados-y-mariscos,Pechuga de pollo,Pechuga de Pollo Sin Hueso,308097,199.0,159.9,https://www.soriana.com/pechuga-de-pollo-sin-hueso/308097.html
2026-07-22 13:36:22,Soriana,carnes-pescados-y-mariscos,Pechuga de pollo,Pechuga de Pollo con Hueso Pilgrims Kg,308092,142.9,,https://www.soriana.com/pechuga-de-pollo-con-hueso-pilgrims-kg/308092.html
2026-07-22 13:36:22,Soriana,carnes-pescados-y-mariscos,Pechuga de pollo,Pierna Bate de Pollo Pilgrims kg,308095,89.9,,https://www.soriana.com/pierna-bate-de-pollo-pilgrims-kg/308095.html
2026-07-22 13:36:22,Soriana,carnes-pescados-y-mariscos,Pechuga de pollo,Pechugas de pollo Del Día poblanas 470 g,11173232,74.0,,https://www.soriana.com/pechugas-de-pollo-del-dia-poblanas-470-g/11173232.html
2026-07-22 13:36:22,Soriana,carnes-pescados-y-mariscos,Pechuga de pollo,Pechugas de pollo Del Día rellenas 490 g,2231616,79.0,,https://www.soriana.com/pechugas-de-pollo-del-dia-rellenas-490-g/2231616.html
2026-07-22 13:36:22,Soriana,carnes-pescados-y-mariscos,Pechuga de pollo,Pechuga de Pollo Bachoco Kg,304869,148.9,,https://www.soriana.com/pechuga-de-pollo-bachoco-kg/304869.html
2026-07-22 13:36:22,Soriana,carnes-pescados-y-mariscos,Pechuga de pollo,Filete de Pechuga a la Leña Bachoco Kg,1018506,189.9,154.9,https://www.soriana.com/filete-de-pechuga-a-la-lena-bachoco-kg/1018506.html
2026-07-22 13:36:22,Soriana,carnes-pescados-y-mariscos,Pechuga de pollo,Tender Empanizado Bachoco 700 g,11685066,249.0,,https://www.soriana.com/tender-empanizado-bachoco-700-g/11685066.html
2026-07-22 13:36:22,Soriana,carnes-pescados-y-mariscos,Pechuga de pollo,Pechuga de Pollo Sin Piel kg,11557660,147.9,,https://www.soriana.com/pechuga-de-pollo-sin-piel-kg/11557660.html
2026-07-22 13:36:22,Soriana,carnes-pescados-y-mariscos,Pechuga de pollo,Pechuga Deshuesada 540 g Just Bare,11750510,119.0,,https://www.soriana.com/pechuga-deshuesada-540-g-just-bare/11750510.html
2026-07-22 13:36:22,Soriana,carnes-pescados-y-mariscos,Pechuga de pollo,Pollo entero cortado 8 piezas Bachoco kg,1888275,61.9,40.9,https://www.soriana.com/pollo-entero-cortado-8-piezas-bachoco-kg/1888275.html
2026-07-22 13:36:22,Soriana,carnes-pescados-y-mariscos,Pechuga de pollo,Pechuga de Pollo Deshebrada Prácticos Bachoco 280 g,11382584,89.9,,https://www.soriana.com/pechuga-de-pollo-deshebrada-practicos-bachoco-280-g/11382584.html
2026-07-22 13:36:22,Soriana,carnes-pescados-y-mariscos,Pechuga de pollo,Pechuga de Pollo con Hueso Orgánica Aires de Campo Kg,2770711,326.0,,https://www.soriana.com/pechuga-de-pollo-con-hueso-organica-aires-de-campo-kg/2770711.html
2026-07-22 13:36:22,Soriana,carnes-pescados-y-mariscos,Pechuga de pollo,Pechuga Ranchera Prácticos Bachoco 500 g,11382583,98.9,,https://www.soriana.com/pechuga-ranchera-practicos-bachoco-500-g/11382583.html
2026-07-22 13:36:22,Soriana,carnes-pescados-y-mariscos,Pechuga de pollo,Boneless Valentina Bachoco 700 g,11685064,199.0,,https://www.soriana.com/boneless-valentina-bachoco-700-g/11685064.html
2026-07-22 13:36:22,Soriana,carnes-pescados-y-mariscos,Pechuga de pollo,Pechuga de Pollo sin Hueso Orgánica Aires de Campo Kg,2770708,357.0,,https://www.soriana.com/pechuga-de-pollo-sin-hueso-organica-aires-de-campo-kg/2770708.html
2026-07-22 13:36:32,Soriana,carnes-pescados-y-mariscos,Milanesa y fajitas,Milanesa de Pechuga de Pollo Bachoco Kg,1033268,208.9,,https://www.soriana.com/milanesa-de-pechuga-de-pollo-bachoco-kg/1033268.html
2026-07-22 13:36:32,Soriana,carnes-pescados-y-mariscos,Milanesa y fajitas,Milanesa de Pollo Especial Kg,2231898,159.9,149.9,https://www.soriana.com/milanesa-de-pollo-especial-kg/2231898.html
2026-07-22 13:36:32,Soriana,carnes-pescados-y-mariscos,Milanesa y fajitas,Filete de Pechuga de Pollo Kg,9105251,184.9,,https://www.soriana.com/filete-de-pechuga-de-pollo-kg/9105251.html
2026-07-22 13:36:32,Soriana,carnes-pescados-y-mariscos,Milanesa y fajitas,Alas de Pollo Kg,11557584,600.0,,https://www.soriana.com/alas-de-pollo-kg/11557584.html
2026-07-22 13:36:32,Soriana,carnes-pescados-y-mariscos,Milanesa y fajitas,Milanesa de Pollo Pigmentada Kg,11380044,206.0,,https://www.soriana.com/milanesa-de-pollo-pigmentada-kg/11380044.html
2026-07-22 13:36:32,Soriana,carnes-pescados-y-mariscos,Milanesa y fajitas,Fajita de Pollo Kg,303944,121.0,99.9,https://www.soriana.com/fajita-de-pollo-kg/303944.html
2026-07-22 13:36:32,Soriana,carnes-pescados-y-mariscos,Milanesa y fajitas,Milanesa Aplanada de Pollo Kg,11557540,171.9,,https://www.soriana.com/milanesa-aplanada-de-pollo-kg/11557540.html
2026-07-22 13:36:32,Soriana,carnes-pescados-y-mariscos,Milanesa y fajitas,Milanesa de Pollo Anatómica Kg,11424997,204.0,,https://www.soriana.com/milanesa-de-pollo-anatomica-kg/11424997.html
2026-07-22 13:36:32,Soriana,carnes-pescados-y-mariscos,Milanesa y fajitas,Milanesa de Pollo Empanizada Kg,11557558,194.0,,https://www.soriana.com/milanesa-de-pollo-empanizada-kg/11557558.html
2026-07-22 13:36:32,Soriana,carnes-pescados-y-mariscos,Milanesa y fajitas,Hígado de Pollo Bachoco Kg,651078,41.9,,https://www.soriana.com/higado-de-pollo-bachoco-kg/651078.html
2026-07-22 13:36:32,Soriana,carnes-pescados-y-mariscos,Milanesa y fajitas,Alas de PolLo Picositas Bachoco Kg,623658,128.0,,https://www.soriana.com/alas-de-pollo-picositas-bachoco-kg/623658.html
2026-07-22 13:36:32,Soriana,carnes-pescados-y-mariscos,Milanesa y fajitas,Filete de Pechuga de Pollo Bachoco Kg,304871,189.0,,https://www.soriana.com/filete-de-pechuga-de-pollo-bachoco-kg/304871.html
2026-07-22 13:36:32,Soriana,carnes-pescados-y-mariscos,Milanesa y fajitas,Alas de Pollo Bachoco Kg,304877,126.0,,https://www.soriana.com/alas-de-pollo-bachoco-kg/304877.html
2026-07-22 13:36:32,Soriana,carnes-pescados-y-mariscos,Milanesa y fajitas,Pescuezo de Pollo Bachoco Kg,651076,36.9,,https://www.soriana.com/pescuezo-de-pollo-bachoco-kg/651076.html
2026-07-22 13:36:32,Soriana,carnes-pescados-y-mariscos,Milanesa y fajitas,Molleja de Pollo Bachoco Kg,651079,68.9,,https://www.soriana.com/molleja-de-pollo-bachoco-kg/651079.html
2026-07-22 13:36:32,Soriana,carnes-pescados-y-mariscos,Milanesa y fajitas,Filete de Muslo de Pollo Light Bachoco Kg,1099023,146.0,,https://www.soriana.com/filete-de-muslo-de-pollo-light-bachoco-kg/1099023.html
2026-07-22 13:36:32,Soriana,carnes-pescados-y-mariscos,Milanesa y fajitas,Pata de Pollo Bachoco Kg,651080,34.9,,https://www.soriana.com/pata-de-pollo-bachoco-kg/651080.html
2026-07-22 13:36:32,Soriana,carnes-pescados-y-mariscos,Milanesa y fajitas,Milanesa de Pollo Delgada Kg,1301225,218.9,176.9,https://www.soriana.com/milanesa-de-pollo-delgada-kg/1301225.html
2026-07-22 13:36:32,Soriana,carnes-pescados-y-mariscos,Milanesa y fajitas,Filete de Pollo Pilgrims Kg,543690,199.9,,https://www.soriana.com/filete-de-pollo-pilgrims-kg/543690.html
2026-07-22 13:36:32,Soriana,carnes-pescados-y-mariscos,Milanesa y fajitas,Alas de Pollo Marinada Pilgrim Kg,305152,127.9,,https://www.soriana.com/alas-de-pollo-marinada-pilgrim-kg/305152.html
2026-07-22 13:36:32,Soriana,carnes-pescados-y-mariscos,Milanesa y fajitas,Pescuezo de Pollo Pilgrims Kg,594064,34.9,,https://www.soriana.com/pescuezo-de-pollo-pilgrims-kg/594064.html
2026-07-22 13:36:32,Soriana,carnes-pescados-y-mariscos,Milanesa y fajitas,Ala de Pollo Pilgrims Kg,308096,119.9,,https://www.soriana.com/ala-de-pollo-pilgrims-kg/308096.html
2026-07-22 13:36:32,Soriana,carnes-pescados-y-mariscos,Milanesa y fajitas,Milanesa Aplanada Congelada Alco,2426062,159.0,,https://www.soriana.com/milanesa-aplanada-congelada-alco/2426062.html
2026-07-22 13:36:32,Soriana,carnes-pescados-y-mariscos,Milanesa y fajitas,Milanesas de pollo Del Día empanizadas 450 g,2071603,65.0,,https://www.soriana.com/milanesas-de-pollo-del-dia-empanizadas-450-g/2071603.html
2026-07-22 13:36:41,Soriana,carnes-pescados-y-mariscos,Pollo entero,Pollo Entero con Visceras Bachoco Precio por Kilo (pieza: aprox 1.5kg),603560,55.9,35.9,https://www.soriana.com/pollo-entero-con-visceras-bachoco-precio-por-kilo-pieza-aprox-1.5kg/603560.html
2026-07-22 13:36:41,Soriana,carnes-pescados-y-mariscos,Pollo entero,Pollo Entero C/V Pilgrims Kg,568397,56.9,35.9,https://www.soriana.com/pollo-entero-c-v-pilgrims-kg/568397.html
2026-07-22 13:36:41,Soriana,carnes-pescados-y-mariscos,Pollo entero,Pollo Entero Granavia con Adobo Kg,2548299,99.9,,https://www.soriana.com/pollo-entero-granavia-con-adobo-kg/2548299.html
2026-07-22 13:36:41,Soriana,carnes-pescados-y-mariscos,Pollo entero,Pollito de Leche Kg,9094481,149.0,,https://www.soriana.com/pollito-de-leche-kg/9094481.html
2026-07-22 13:36:41,Soriana,carnes-pescados-y-mariscos,Pollo entero,Pollo Rock Cornish Kg,303957,149.0,,https://www.soriana.com/pollo-rock-cornish-kg/303957.html
2026-07-22 13:36:41,Soriana,carnes-pescados-y-mariscos,Pollo entero,Pollo Entero Orgánico Aires de Campo Kg,2548481,199.0,,https://www.soriana.com/pollo-entero-organico-aires-de-campo-kg/2548481.html
2026-07-22 13:36:41,Soriana,carnes-pescados-y-mariscos,Pollo entero,Pollo Entero Granavia Ahumado y con Miel Kg,9105256,99.9,,https://www.soriana.com/pollo-entero-granavia-ahumado-y-con-miel-kg/9105256.html
2026-07-22 13:36:51,Soriana,carnes-pescados-y-mariscos,Pierna y muslo de pollo,Pierna de Pollo con Muslo kg,303949,39.9,,https://www.soriana.com/pierna-de-pollo-con-muslo-kg/303949.html
2026-07-22 13:36:51,Soriana,carnes-pescados-y-mariscos,Pierna y muslo de pollo,Pierna con Muslo de Pollo Bachoco Kg,620293,38.9,,https://www.soriana.com/pierna-con-muslo-de-pollo-bachoco-kg/620293.html
2026-07-22 13:36:51,Soriana,carnes-pescados-y-mariscos,Pierna y muslo de pollo,Muslo de Pollo sin Rabadilla Kg,11556323,79.0,,https://www.soriana.com/muslo-de-pollo-sin-rabadilla-kg/11556323.html
2026-07-22 13:36:51,Soriana,carnes-pescados-y-mariscos,Pierna y muslo de pollo,Pierna Bate Pollo Kg,303947,41.9,33.9,https://www.soriana.com/pierna-bate-pollo-kg/303947.html
2026-07-22 13:36:51,Soriana,carnes-pescados-y-mariscos,Pierna y muslo de pollo,Pierna con Muslo de Pollo Kg,11557618,67.0,,https://www.soriana.com/pierna-con-muslo-de-pollo-kg/11557618.html
2026-07-22 13:36:51,Soriana,carnes-pescados-y-mariscos,Pierna y muslo de pollo,Pierna sin Piel Kg,11424999,600.0,,https://www.soriana.com/pierna-sin-piel-kg/11424999.html
2026-07-22 13:36:51,Soriana,carnes-pescados-y-mariscos,Pierna y muslo de pollo,Pierna con Muslo con Rabadilla Congelada Kg,1730771,36.9,,https://www.soriana.com/pierna-con-muslo-con-rabadilla-congelada-kg/1730771.html
2026-07-22 13:36:51,Soriana,carnes-pescados-y-mariscos,Pierna y muslo de pollo,Pierna Bate Enchilada Kg,649399,56.9,45.9,https://www.soriana.com/pierna-bate-enchilada-kg/649399.html
2026-07-22 13:36:51,Soriana,carnes-pescados-y-mariscos,Pierna y muslo de pollo,Muslo sin Piel Kg,11425030,87.9,,https://www.soriana.com/muslo-sin-piel-kg/11425030.html
2026-07-22 13:36:51,Soriana,carnes-pescados-y-mariscos,Pierna y muslo de pollo,Pierna de Pollo Kg,11557619,72.5,,https://www.soriana.com/pierna-de-pollo-kg/11557619.html
2026-07-22 13:36:51,Soriana,carnes-pescados-y-mariscos,Pierna y muslo de pollo,Molleja de Pollo Pilgrims Kg,303950,69.9,,https://www.soriana.com/molleja-de-pollo-pilgrims-kg/303950.html
2026-07-22 13:36:51,Soriana,carnes-pescados-y-mariscos,Pierna y muslo de pollo,Muslo de Pollo sin Rabadilla Pilgrims Kg,569660,96.9,,https://www.soriana.com/muslo-de-pollo-sin-rabadilla-pilgrims-kg/569660.html
2026-07-22 13:36:51,Soriana,carnes-pescados-y-mariscos,Pierna y muslo de pollo,Muslo light de pollo Bachoco,1099025,106.0,,https://www.soriana.com/muslo-light-de-pollo-bachoco/1099025.html
2026-07-22 13:36:51,Soriana,carnes-pescados-y-mariscos,Pierna y muslo de pollo,Piernita Bate de Pollo Bachoco Kg,304875,89.9,79.9,https://www.soriana.com/piernita-bate-de-pollo-bachoco-kg/304875.html
2026-07-22 13:36:51,Soriana,carnes-pescados-y-mariscos,Pierna y muslo de pollo,Pierna de Pollo Enchilada Bachoco,651089,102.9,,https://www.soriana.com/pierna-de-pollo-enchilada-bachoco/651089.html
2026-07-22 13:36:51,Soriana,carnes-pescados-y-mariscos,Pierna y muslo de pollo,Rabadilla de Pollo Fresco Bachoco Kg,651075,42.9,,https://www.soriana.com/rabadilla-de-pollo-fresco-bachoco-kg/651075.html
2026-07-22 13:36:51,Soriana,carnes-pescados-y-mariscos,Pierna y muslo de pollo,Pierna de Pollo Light Bachoco,1099024,108.0,,https://www.soriana.com/pierna-de-pollo-light-bachoco/1099024.html
2026-07-22 13:36:51,Soriana,carnes-pescados-y-mariscos,Pierna y muslo de pollo,Muslo de pollo sin rabadilla Bachoco Kg,304876,89.9,79.9,https://www.soriana.com/muslo-de-pollo-sin-rabadilla-bachoco-kg/304876.html
2026-07-22 13:36:51,Soriana,carnes-pescados-y-mariscos,Pierna y muslo de pollo,Alas de PolLo Picositas Bachoco Kg,623658,128.0,,https://www.soriana.com/alas-de-pollo-picositas-bachoco-kg/623658.html
2026-07-22 13:36:51,Soriana,carnes-pescados-y-mariscos,Pierna y muslo de pollo,Filete de Muslo de Pollo Light Bachoco Kg,1099023,146.0,,https://www.soriana.com/filete-de-muslo-de-pollo-light-bachoco-kg/1099023.html
2026-07-22 13:36:51,Soriana,carnes-pescados-y-mariscos,Pierna y muslo de pollo,Pechuga de Pollo Bachoco Kg,304869,148.9,,https://www.soriana.com/pechuga-de-pollo-bachoco-kg/304869.html
2026-07-22 13:36:51,Soriana,carnes-pescados-y-mariscos,Pierna y muslo de pollo,Molleja de Pollo Bachoco Kg,651079,68.9,,https://www.soriana.com/molleja-de-pollo-bachoco-kg/651079.html
2026-07-22 13:36:51,Soriana,carnes-pescados-y-mariscos,Pierna y muslo de pollo,Hígado de Pollo Bachoco Kg,651078,41.9,,https://www.soriana.com/higado-de-pollo-bachoco-kg/651078.html
2026-07-22 13:36:51,Soriana,carnes-pescados-y-mariscos,Pierna y muslo de pollo,Pata de Pollo Bachoco Kg,651080,34.9,,https://www.soriana.com/pata-de-pollo-bachoco-kg/651080.html
2026-07-22 13:36:59,Soriana,carnes-pescados-y-mariscos,Pavo,Arrachera de Pavo Natural Dos Familias 500G,11165718,99.9,,https://www.soriana.com/arrachera-de-pavo-natural-dos-familias-500g/11165718.html
2026-07-22 13:36:59,Soriana,carnes-pescados-y-mariscos,Pavo,Arrachera de Pavo Al pastor Dos Familias 500G,11165719,99.9,,https://www.soriana.com/arrachera-de-pavo-al-pastor-dos-familias-500g/11165719.html
2026-07-22 13:36:59,Soriana,carnes-pescados-y-mariscos,Pavo,Arrachera de Pavo Mezquite Pimienta Dos Familias 500G,11165810,99.9,,https://www.soriana.com/arrachera-de-pavo-mezquite-pimienta-dos-familias-500g/11165810.html
2026-07-22 13:36:59,Soriana,carnes-pescados-y-mariscos,Pavo,Nugget de Pavo Kg,1301220,99.9,,https://www.soriana.com/nugget-de-pavo-kg/1301220.html
2026-07-22 13:36:59,Soriana,carnes-pescados-y-mariscos,Pavo,Pechuga de Pavo Congelada Kg,304025,224.9,,https://www.soriana.com/pechuga-de-pavo-congelada-kg/304025.html
2026-07-22 13:36:59,Soriana,carnes-pescados-y-mariscos,Pavo,Carnitas de Pato Chef Premier,11693665,438.0,,https://www.soriana.com/carnitas-de-pato-chef-premier/11693665.html
2026-07-22 13:36:59,Soriana,carnes-pescados-y-mariscos,Pavo,Galantina de Pavo Tangamanga 1 kg,302875,391.5,,https://www.soriana.com/galantina-de-pavo-tangamanga-1-kg/302875.html
2026-07-22 13:37:09,Soriana,carnes-pescados-y-mariscos,Nuggets y preparados,Filetes de pollo Del Día con pico de gallo 500 g,2083631,65.0,,https://www.soriana.com/filetes-de-pollo-del-dia-con-pico-de-gallo-500-g/2083631.html
2026-07-22 13:37:09,Soriana,carnes-pescados-y-mariscos,Nuggets y preparados,Filetes de pollo Del Día empanizados 500 g,1730144,65.0,,https://www.soriana.com/filetes-de-pollo-del-dia-empanizados-500-g/1730144.html
2026-07-22 13:37:09,Soriana,carnes-pescados-y-mariscos,Nuggets y preparados,Hamburguesas de pollo Del Día empanizadas 500 g,1730143,65.0,,https://www.soriana.com/hamburguesas-de-pollo-del-dia-empanizadas-500-g/1730143.html
2026-07-22 13:37:09,Soriana,carnes-pescados-y-mariscos,Nuggets y preparados,Milanesas de pollo Del Día empanizadas 450 g,2071603,65.0,,https://www.soriana.com/milanesas-de-pollo-del-dia-empanizadas-450-g/2071603.html
2026-07-22 13:37:09,Soriana,carnes-pescados-y-mariscos,Nuggets y preparados,Nuggets de pollo Del Día empanizados 500 g,1730142,65.0,,https://www.soriana.com/nuggets-de-pollo-del-dia-empanizados-500-g/1730142.html
2026-07-22 13:37:09,Soriana,carnes-pescados-y-mariscos,Nuggets y preparados,Palomitas de Pollo Del Día empanizadas 500 g,1730146,65.0,,https://www.soriana.com/palomitas-de-pollo-del-dia-empanizadas-500-g/1730146.html
2026-07-22 13:37:09,Soriana,carnes-pescados-y-mariscos,Nuggets y preparados,Nuggets de Pollo Prácticos Bachoco 500 g,11684872,57.9,,https://www.soriana.com/nuggets-de-pollo-practicos-bachoco-500-g/11684872.html
2026-07-22 13:37:09,Soriana,carnes-pescados-y-mariscos,Nuggets y preparados,Boneless Naturales Pilgrims 600 g,11713818,239.0,,https://www.soriana.com/boneless-naturales-pilgrims-600-g/11713818.html
2026-07-22 13:37:09,Soriana,carnes-pescados-y-mariscos,Nuggets y preparados,Nuggetsaurios del dia 450 g,11617834,66.0,,https://www.soriana.com/nuggetsaurios-del-dia-450-g/11617834.html
2026-07-22 13:37:09,Soriana,carnes-pescados-y-mariscos,Nuggets y preparados,Alitas Picositas Bachoco 700 g,11055632,245.0,,https://www.soriana.com/alitas-picositas-bachoco-700-g/11055632.html
2026-07-22 13:37:09,Soriana,carnes-pescados-y-mariscos,Nuggets y preparados,Arrachera de Pollo Pilgrims Norteño 500 gr,11427708,74.9,,https://www.soriana.com/arrachera-de-pollo-pilgrims-norteno-500-gr/11427708.html
2026-07-22 13:37:09,Soriana,carnes-pescados-y-mariscos,Nuggets y preparados,Arrachera de Pollo Pilgrims Jalapeño 500 g,9076523,74.9,,https://www.soriana.com/arrachera-de-pollo-pilgrims-jalapeno-500-g/9076523.html
2026-07-22 13:37:09,Soriana,carnes-pescados-y-mariscos,Nuggets y preparados,Boneless Búfalo Bachoco 700 g,11055593,209.0,,https://www.soriana.com/boneless-bufalo-bachoco-700-g/11055593.html
2026-07-22 13:37:09,Soriana,carnes-pescados-y-mariscos,Nuggets y preparados,Nugget de Pollo Kg,304094,104.0,,https://www.soriana.com/nugget-de-pollo-kg/304094.html
2026-07-22 13:37:09,Soriana,carnes-pescados-y-mariscos,Nuggets y preparados,Boneless de Pollo Búffalo Freskecito Premium Kg,1959044,161.0,,https://www.soriana.com/boneless-de-pollo-buffalo-freskecito-premium-kg/1959044.html
2026-07-22 13:37:09,Soriana,carnes-pescados-y-mariscos,Nuggets y preparados,Nuggets de Pechuga de Pollo Tempura kg,11446372,114.0,,https://www.soriana.com/nuggets-de-pechuga-de-pollo-tempura-kg/11446372.html
2026-07-22 13:37:09,Soriana,carnes-pescados-y-mariscos,Nuggets y preparados,Alambre de Pollo Kg,11329552,179.0,,https://www.soriana.com/alambre-de-pollo-kg/11329552.html
2026-07-22 13:37:09,Soriana,carnes-pescados-y-mariscos,Nuggets y preparados,Tenders pollo veganos Beyond Meat 227gr,11655474,179.0,,https://www.soriana.com/tenders-pollo-veganos-beyond-meat-227gr/11655474.html
2026-07-22 13:37:09,Soriana,carnes-pescados-y-mariscos,Nuggets y preparados,Carne para Hamburguesa de Pollo Kg,11557645,186.0,,https://www.soriana.com/carne-para-hamburguesa-de-pollo-kg/11557645.html
2026-07-22 13:37:09,Soriana,carnes-pescados-y-mariscos,Nuggets y preparados,Tiras de Pechuga Grill Bachoco 700 g,9056622,285.0,,https://www.soriana.com/tiras-de-pechuga-grill-bachoco-700-g/9056622.html
2026-07-22 13:37:09,Soriana,carnes-pescados-y-mariscos,Nuggets y preparados,Pollo con Queso y Espinaca Kg,11557647,179.9,,https://www.soriana.com/pollo-con-queso-y-espinaca-kg/11557647.html
2026-07-22 13:37:09,Soriana,carnes-pescados-y-mariscos,Nuggets y preparados,Nuggets Con Res American Beef 440 g,11696830,139.0,,https://www.soriana.com/nuggets-con-res-american-beef-440-g/11696830.html
2026-07-22 13:37:09,Soriana,carnes-pescados-y-mariscos,Nuggets y preparados,Arrachera de Pollo Pilgrims Kg,1325148,165.9,,https://www.soriana.com/arrachera-de-pollo-pilgrims-kg/1325148.html
2026-07-22 13:37:09,Soriana,carnes-pescados-y-mariscos,Nuggets y preparados,Tiras de Pechuga de Pollo Empanizadas Kg,2891839,159.0,,https://www.soriana.com/tiras-de-pechuga-de-pollo-empanizadas-kg/2891839.html
2026-07-22 13:37:24,Soriana,carnes-pescados-y-mariscos,Filetes,Filete Mojarra Granja Kg,1039341,118.9,99.9,https://www.soriana.com/filete-mojarra-granja-kg/1039341.html
2026-07-22 13:37:24,Soriana,carnes-pescados-y-mariscos,Filetes,Filete de Basa Kg,305806,98.9,,https://www.soriana.com/filete-de-basa-kg/305806.html
2026-07-22 13:37:24,Soriana,carnes-pescados-y-mariscos,Filetes,Filete Basa Blanco Descongelado Kg,11557401,149.0,,https://www.soriana.com/filete-basa-blanco-descongelado-kg/11557401.html
2026-07-22 13:37:24,Soriana,carnes-pescados-y-mariscos,Filetes,Filete Basa Rojo Kg,1870490,88.9,,https://www.soriana.com/filete-basa-rojo-kg/1870490.html
2026-07-22 13:37:24,Soriana,carnes-pescados-y-mariscos,Filetes,Filete de Cazón Descongelado Kg,11557408,199.0,,https://www.soriana.com/filete-de-cazon-descongelado-kg/11557408.html
2026-07-22 13:37:24,Soriana,carnes-pescados-y-mariscos,Filetes,Filete Basa Rojo Descongelado Kg,11557400,139.0,,https://www.soriana.com/filete-basa-rojo-descongelado-kg/11557400.html
2026-07-22 13:37:24,Soriana,carnes-pescados-y-mariscos,Filetes,Filete Cazón Kg,305743,149.0,,https://www.soriana.com/filete-cazon-kg/305743.html
2026-07-22 13:37:24,Soriana,carnes-pescados-y-mariscos,Filetes,Filete de Mojarra Descongelado Kg,11557297,179.0,134.0,https://www.soriana.com/filete-de-mojarra-descongelado-kg/11557297.html
2026-07-22 13:37:24,Soriana,carnes-pescados-y-mariscos,Filetes,Filete Calamar Kg,308677,199.0,,https://www.soriana.com/filete-calamar-kg/308677.html
2026-07-22 13:37:24,Soriana,carnes-pescados-y-mariscos,Filetes,Filete de Róbalo Fresco Kg,11557404,699.0,,https://www.soriana.com/filete-de-robalo-fresco-kg/11557404.html
2026-07-22 13:37:24,Soriana,carnes-pescados-y-mariscos,Filetes,Filete de Salmón Descongelado Kg,11557296,549.0,,https://www.soriana.com/filete-de-salmon-descongelado-kg/11557296.html
2026-07-22 13:37:24,Soriana,carnes-pescados-y-mariscos,Filetes,Filete de Salmon con piel Valley Foods Fresh Kg,9094268,449.0,,https://www.soriana.com/filete-de-salmon-con-piel-valley-foods-fresh-kg/9094268.html
2026-07-22 13:37:24,Soriana,carnes-pescados-y-mariscos,Filetes,Filete Sealect Salmón 100 gr,2302588,139.0,,https://www.soriana.com/filete-sealect-salmon-100-gr/2302588.html
2026-07-22 13:37:24,Soriana,carnes-pescados-y-mariscos,Filetes,Filete Basa Rojo Valley Foods Fresh 500gr,11878294,62.0,,https://www.soriana.com/filete-basa-rojo-valley-foods-fresh-500gr/11878294.html
2026-07-22 13:37:24,Soriana,carnes-pescados-y-mariscos,Filetes,Filete Tilapia Sin piel Valley foods Fresh 500gr,11878379,84.9,,https://www.soriana.com/filete-tilapia-sin-piel-valley-foods-fresh-500gr/11878379.html
2026-07-22 13:37:24,Soriana,carnes-pescados-y-mariscos,Filetes,Filete Basa Blanco sin piel Valley Foods Fresh 1kg,11878377,122.0,,https://www.soriana.com/filete-basa-blanco-sin-piel-valley-foods-fresh-1kg/11878377.html
2026-07-22 13:37:24,Soriana,carnes-pescados-y-mariscos,Filetes,Filete Basa Blanco Sin piel Valley Foods Fresh 500g,11878296,67.0,,https://www.soriana.com/filete-basa-blanco-sin-piel-valley-foods-fresh-500g/11878296.html
2026-07-22 13:37:24,Soriana,carnes-pescados-y-mariscos,Filetes,Filete de Salmón Kosher Neptuno 1 kg,11694772,599.0,,https://www.soriana.com/filete-de-salmon-kosher-neptuno-1-kg/11694772.html
2026-07-22 13:37:24,Soriana,carnes-pescados-y-mariscos,Filetes,Filete Tilapia Sin piel Valley Foods Fresh 1kg,11878380,159.0,,https://www.soriana.com/filete-tilapia-sin-piel-valley-foods-fresh-1kg/11878380.html
2026-07-22 13:37:24,Soriana,carnes-pescados-y-mariscos,Filetes,Filete de Bacalao Noruego sin Piel Valley Foods Prime Kg,11211851,459.0,89.0,https://www.soriana.com/filete-de-bacalao-noruego-sin-piel-valley-foods-prime-kg/11211851.html
2026-07-22 13:37:24,Soriana,carnes-pescados-y-mariscos,Filetes,Filete Fresco de Mojarra Kg,11405937,339.0,,https://www.soriana.com/filete-fresco-de-mojarra-kg/11405937.html
2026-07-22 13:37:24,Soriana,carnes-pescados-y-mariscos,Filetes,Filete de Res Sonora Kg,1885946,749.0,,https://www.soriana.com/filete-de-res-sonora-kg/1885946.html
2026-07-22 13:37:35,Soriana,carnes-pescados-y-mariscos,Camarones y mariscos,Camarón Chico Sin Cabeza Kg,305728,274.9,199.0,https://www.soriana.com/camaron-chico-sin-cabeza-kg/305728.html
2026-07-22 13:37:35,Soriana,carnes-pescados-y-mariscos,Camarones y mariscos,Camarón Mediano Sin Cabeza Kg,305726,275.9,,https://www.soriana.com/camaron-mediano-sin-cabeza-kg/305726.html
2026-07-22 13:37:35,Soriana,carnes-pescados-y-mariscos,Camarones y mariscos,Camarón Coctelero Chico Kg,305721,198.9,139.0,https://www.soriana.com/camaron-coctelero-chico-kg/305721.html
2026-07-22 13:37:35,Soriana,carnes-pescados-y-mariscos,Camarones y mariscos,Camarón Coctelero Grande Kg,11352208,249.0,,https://www.soriana.com/camaron-coctelero-grande-kg/11352208.html
2026-07-22 13:37:35,Soriana,carnes-pescados-y-mariscos,Camarones y mariscos,Camarón Grande Sin Cabeza Kg,305724,379.0,,https://www.soriana.com/camaron-grande-sin-cabeza-kg/305724.html
2026-07-22 13:37:35,Soriana,carnes-pescados-y-mariscos,Camarones y mariscos,Camarón Cocido Pacotilla Kg,305720,399.5,,https://www.soriana.com/camaron-cocido-pacotilla-kg/305720.html
2026-07-22 13:37:35,Soriana,carnes-pescados-y-mariscos,Camarones y mariscos,Camarón Pacotilla Descongelado Kg,11557406,549.0,,https://www.soriana.com/camaron-pacotilla-descongelado-kg/11557406.html
2026-07-22 13:37:35,Soriana,carnes-pescados-y-mariscos,Camarones y mariscos,Camarón Macuil Kg,305730,338.9,,https://www.soriana.com/camaron-macuil-kg/305730.html
2026-07-22 13:37:35,Soriana,carnes-pescados-y-mariscos,Camarones y mariscos,Camarón Coctelero Descongelado Kg,11557407,299.0,179.0,https://www.soriana.com/camaron-coctelero-descongelado-kg/11557407.html
2026-07-22 13:37:35,Soriana,carnes-pescados-y-mariscos,Camarones y mariscos,Camarón Grande con Cabeza Kg,649395,319.0,,https://www.soriana.com/camaron-grande-con-cabeza-kg/649395.html
2026-07-22 13:37:35,Soriana,carnes-pescados-y-mariscos,Camarones y mariscos,Camarón Chico Crudo con Cabeza Kg,305756,259.0,,https://www.soriana.com/camaron-chico-crudo-con-cabeza-kg/305756.html
2026-07-22 13:37:35,Soriana,carnes-pescados-y-mariscos,Camarones y mariscos,Camarón Seco Barajas 200 gr,11399881,129.0,,https://www.soriana.com/camaron-seco-barajas-200-gr/11399881.html
2026-07-22 13:37:35,Soriana,carnes-pescados-y-mariscos,Camarones y mariscos,Camarón Molido 400 gr,1190072,52.0,,https://www.soriana.com/camaron-molido-400-gr/1190072.html
2026-07-22 13:37:35,Soriana,carnes-pescados-y-mariscos,Camarones y mariscos,Camarón Crudo U-15 Kg,305789,699.0,,https://www.soriana.com/camaron-crudo-u-15-kg/305789.html
2026-07-22 13:37:35,Soriana,carnes-pescados-y-mariscos,Camarones y mariscos,Camarón Macuil Descongelado Kg,11557465,429.0,,https://www.soriana.com/camaron-macuil-descongelado-kg/11557465.html
2026-07-22 13:37:35,Soriana,carnes-pescados-y-mariscos,Camarones y mariscos,Camarón Grande La Sanitaria U-15 454 g,11629578,399.0,,https://www.soriana.com/camaron-grande-la-sanitaria-u-15-454-g/11629578.html
2026-07-22 13:37:35,Soriana,carnes-pescados-y-mariscos,Camarones y mariscos,Camarón Crudo U-10 Kg,305788,879.0,,https://www.soriana.com/camaron-crudo-u-10-kg/305788.html
2026-07-22 13:37:35,Soriana,carnes-pescados-y-mariscos,Camarones y mariscos,Camarón U-8 Fresco Kg,1870621,989.0,,https://www.soriana.com/camaron-u-8-fresco-kg/1870621.html
2026-07-22 13:37:35,Soriana,carnes-pescados-y-mariscos,Camarones y mariscos,Camarón Crudo U-12 Kg,305722,899.0,,https://www.soriana.com/camaron-crudo-u-12-kg/305722.html
2026-07-22 13:37:35,Soriana,carnes-pescados-y-mariscos,Camarones y mariscos,Camarón Molido Barajas 500 gr,9075617,84.0,,https://www.soriana.com/camaron-molido-barajas-500-gr/9075617.html
2026-07-22 13:37:35,Soriana,carnes-pescados-y-mariscos,Camarones y mariscos,Camarón Fresco Pacotilla Chiapas 1 Kg,9094689,449.0,,https://www.soriana.com/camaron-fresco-pacotilla-chiapas-1-kg/9094689.html
2026-07-22 13:37:35,Soriana,carnes-pescados-y-mariscos,Camarones y mariscos,Camarón Desvenado Salvaje Sustentable 21/25 454 gr,11452854,359.0,,https://www.soriana.com/camaron-desvenado-salvaje-sustentable-21-25-454-gr/11452854.html
2026-07-22 13:37:35,Soriana,carnes-pescados-y-mariscos,Camarones y mariscos,Barrita de surimi de cangrejo kg,308366,138.9,99.9,https://www.soriana.com/barrita-de-surimi-de-cangrejo-kg/308366.html
2026-07-22 13:37:35,Soriana,carnes-pescados-y-mariscos,Camarones y mariscos,Pulpo Kg,305706,399.0,,https://www.soriana.com/pulpo-kg/305706.html
2026-07-22 13:37:44,Soriana,carnes-pescados-y-mariscos,Pescados enteros,Mojarra Tilapia Kg,305682,101.9,79.0,https://www.soriana.com/mojarra-tilapia-kg/305682.html
2026-07-22 13:37:44,Soriana,carnes-pescados-y-mariscos,Pescados enteros,Sierra Entera Fresca Kg,9105273,139.0,,https://www.soriana.com/sierra-entera-fresca-kg/9105273.html
2026-07-22 13:37:44,Soriana,carnes-pescados-y-mariscos,Pescados enteros,Mojarra Tilapia Sustentable Kg,9090734,119.0,,https://www.soriana.com/mojarra-tilapia-sustentable-kg/9090734.html
2026-07-22 13:37:44,Soriana,carnes-pescados-y-mariscos,Pescados enteros,Salmón Entero Fresco Kg,305787,499.0,,https://www.soriana.com/salmon-entero-fresco-kg/305787.html
2026-07-22 13:37:44,Soriana,carnes-pescados-y-mariscos,Pescados enteros,Róbalo Entero Kg,305659,399.0,,https://www.soriana.com/robalo-entero-kg/305659.html
2026-07-22 13:37:44,Soriana,carnes-pescados-y-mariscos,Pescados enteros,Huachinango del Golfo Fresco Kg,1632129,399.0,199.0,https://www.soriana.com/huachinango-del-golfo-fresco-kg/1632129.html
2026-07-22 13:37:44,Soriana,carnes-pescados-y-mariscos,Pescados enteros,Pargo Huachinango Kg,1614516,489.0,,https://www.soriana.com/pargo-huachinango-kg/1614516.html
2026-07-22 13:37:44,Soriana,carnes-pescados-y-mariscos,Pescados enteros,Róbalo Fresco Entero Kg,1614517,429.0,,https://www.soriana.com/robalo-fresco-entero-kg/1614517.html
2026-07-22 13:37:44,Soriana,carnes-pescados-y-mariscos,Pescados enteros,Trucha Fresca Entera Kg,11228485,99.9,,https://www.soriana.com/trucha-fresca-entera-kg/11228485.html
2026-07-22 13:37:44,Soriana,carnes-pescados-y-mariscos,Pescados enteros,Huachinango del Pacífico Kg,305757,299.0,199.0,https://www.soriana.com/huachinango-del-pacifico-kg/305757.html
2026-07-22 13:37:44,Soriana,carnes-pescados-y-mariscos,Pescados enteros,Pámpano del Golfo Kg,305664,198.0,,https://www.soriana.com/pampano-del-golfo-kg/305664.html
2026-07-22 13:37:44,Soriana,carnes-pescados-y-mariscos,Pescados enteros,Huachinango del Golfo Kg,305662,299.0,199.0,https://www.soriana.com/huachinango-del-golfo-kg/305662.html
2026-07-22 13:37:44,Soriana,carnes-pescados-y-mariscos,Pescados enteros,Bandera Fresca Kg,11228599,74.9,,https://www.soriana.com/bandera-fresca-kg/11228599.html
2026-07-22 13:37:44,Soriana,carnes-pescados-y-mariscos,Pescados enteros,Lisa del Golfo Fresca Kg,11235299,59.9,,https://www.soriana.com/lisa-del-golfo-fresca-kg/11235299.html
2026-07-22 13:37:44,Soriana,carnes-pescados-y-mariscos,Pescados enteros,Bagre Fresco Kg,11356945,79.0,,https://www.soriana.com/bagre-fresco-kg/11356945.html
2026-07-22 13:37:44,Soriana,carnes-pescados-y-mariscos,Pescados enteros,Lobina Fresca Kg,11235297,139.0,,https://www.soriana.com/lobina-fresca-kg/11235297.html
2026-07-22 13:37:44,Soriana,carnes-pescados-y-mariscos,Pescados enteros,Carpa Fresca Kg,11235294,79.9,,https://www.soriana.com/carpa-fresca-kg/11235294.html
2026-07-22 13:37:44,Soriana,carnes-pescados-y-mariscos,Pescados enteros,Filete Fresco de Mojarra Kg,11405937,339.0,,https://www.soriana.com/filete-fresco-de-mojarra-kg/11405937.html
2026-07-22 13:37:44,Soriana,carnes-pescados-y-mariscos,Pescados enteros,Atún Ahumado Tipo Marlín Kg,305801,349.0,,https://www.soriana.com/atun-ahumado-tipo-marlin-kg/305801.html
2026-07-22 13:37:44,Soriana,carnes-pescados-y-mariscos,Pescados enteros,Chuleta de Cazón Kg,304650,144.0,,https://www.soriana.com/chuleta-de-cazon-kg/304650.html
2026-07-22 13:37:44,Soriana,carnes-pescados-y-mariscos,Pescados enteros,Medallones de Atún Rojo Dolores 680 g,11184877,349.0,,https://www.soriana.com/medallones-de-atun-rojo-dolores-680-g/11184877.html
2026-07-22 13:37:44,Soriana,carnes-pescados-y-mariscos,Pescados enteros,Carne para Hamburguesa de Atún Dolores 200 g,11222910,49.0,,https://www.soriana.com/carne-para-hamburguesa-de-atun-dolores-200-g/11222910.html
2026-07-22 13:37:44,Soriana,carnes-pescados-y-mariscos,Pescados enteros,Mojarra Tilapia Descongelada Kg,11557184,119.0,99.0,https://www.soriana.com/mojarra-tilapia-descongelada-kg/11557184.html
2026-07-22 13:37:44,Soriana,carnes-pescados-y-mariscos,Pescados enteros,Mojarra de Mar o Boquilla Kg,305683,69.9,,https://www.soriana.com/mojarra-de-mar-o-boquilla-kg/305683.html
2026-07-22 13:37:53,Soriana,carnes-pescados-y-mariscos,Ceviches y cocteles,Coctel de Camarón Kg,11557216,329.0,,https://www.soriana.com/coctel-de-camaron-kg/11557216.html
2026-07-22 13:37:53,Soriana,carnes-pescados-y-mariscos,Ceviches y cocteles,Ceviche de Camarón Kg,11557403,349.0,,https://www.soriana.com/ceviche-de-camaron-kg/11557403.html
2026-07-22 13:37:53,Soriana,carnes-pescados-y-mariscos,Ceviches y cocteles,Ceviche de Calamar Kg,11557310,199.0,,https://www.soriana.com/ceviche-de-calamar-kg/11557310.html
2026-07-22 13:37:53,Soriana,carnes-pescados-y-mariscos,Ceviches y cocteles,Coctel Vuelve a la Vida Kg,11557217,299.0,,https://www.soriana.com/coctel-vuelve-a-la-vida-kg/11557217.html
2026-07-22 13:37:53,Soriana,carnes-pescados-y-mariscos,Ceviches y cocteles,Camarón en Aguachile Kg,11557448,269.0,,https://www.soriana.com/camaron-en-aguachile-kg/11557448.html
2026-07-22 13:37:53,Soriana,carnes-pescados-y-mariscos,Ceviches y cocteles,Combinado de Mariscos Kg,305735,135.9,89.9,https://www.soriana.com/combinado-de-mariscos-kg/305735.html
2026-07-22 13:37:54,Soriana,carnes-pescados-y-mariscos,Ceviches y cocteles,Ceviche de Pescado Playera Kg,11557213,209.0,,https://www.soriana.com/ceviche-de-pescado-playera-kg/11557213.html
2026-07-22 13:37:54,Soriana,carnes-pescados-y-mariscos,Ceviches y cocteles,Ensalada de Surimi Kg,11557179,179.0,,https://www.soriana.com/ensalada-de-surimi-kg/11557179.html
2026-07-22 13:37:54,Soriana,carnes-pescados-y-mariscos,Ceviches y cocteles,Carne para Hamburguesa de Salmón Kg,11557454,399.0,,https://www.soriana.com/carne-para-hamburguesa-de-salmon-kg/11557454.html
2026-07-22 13:37:54,Soriana,carnes-pescados-y-mariscos,Ceviches y cocteles,Boquerón Frito Barajas 200 gr,9075562,69.9,,https://www.soriana.com/boqueron-frito-barajas-200-gr/9075562.html
2026-07-22 13:37:54,Soriana,carnes-pescados-y-mariscos,Ceviches y cocteles,Camarón Molido Barajas 500 gr,9075617,84.0,,https://www.soriana.com/camaron-molido-barajas-500-gr/9075617.html
2026-07-22 13:37:54,Soriana,carnes-pescados-y-mariscos,Ceviches y cocteles,Camarón Seco Barajas 200 gr,11399881,129.0,,https://www.soriana.com/camaron-seco-barajas-200-gr/11399881.html
2026-07-22 13:37:54,Soriana,carnes-pescados-y-mariscos,Ceviches y cocteles,Charal Seco Barajas 200 gr,9075616,49.9,,https://www.soriana.com/charal-seco-barajas-200-gr/9075616.html
2026-07-22 13:37:54,Soriana,carnes-pescados-y-mariscos,Ceviches y cocteles,Boquerón Frito Barajas Enchilado 250 gr.,9075569,79.9,,https://www.soriana.com/boqueron-frito-barajas-enchilado-250-gr./9075569.html
2026-07-22 13:37:54,Soriana,carnes-pescados-y-mariscos,Ceviches y cocteles,Salsa Bruja El Alce 370 ml,2365053,55.9,,https://www.soriana.com/salsa-bruja-el-alce-370-ml/2365053.html
2026-07-22 13:37:54,Soriana,carnes-pescados-y-mariscos,Ceviches y cocteles,Salsa de Chile Habanero El Alce 370 ml,11291716,59.9,,https://www.soriana.com/salsa-de-chile-habanero-el-alce-370-ml/11291716.html
2026-07-22 13:37:54,Soriana,carnes-pescados-y-mariscos,Ceviches y cocteles,Sierra Ahumada Preparada al Jalapeño 250 gr,2094774,69.9,,https://www.soriana.com/sierra-ahumada-preparada-al-jalapeno-250-gr/2094774.html
2026-07-22 13:37:54,Soriana,carnes-pescados-y-mariscos,Ceviches y cocteles,Coctél de Camarón Grande,11556805,124.0,,https://www.soriana.com/coctel-de-camaron-grande/11556805.html
2026-07-22 13:37:54,Soriana,carnes-pescados-y-mariscos,Ceviches y cocteles,Tostada de Ceviche de Pulpo,11556800,39.9,,https://www.soriana.com/tostada-de-ceviche-de-pulpo/11556800.html
2026-07-22 13:37:54,Soriana,carnes-pescados-y-mariscos,Ceviches y cocteles,Ceviche de Pulpo Chico,11556808,68.0,,https://www.soriana.com/ceviche-de-pulpo-chico/11556808.html
2026-07-22 13:37:54,Soriana,carnes-pescados-y-mariscos,Ceviches y cocteles,Ceviche de Camarón Chico,11556798,79.0,,https://www.soriana.com/ceviche-de-camaron-chico/11556798.html
2026-07-22 13:37:54,Soriana,carnes-pescados-y-mariscos,Ceviches y cocteles,Bacalao Noruego Desmenuzado Valley Foods Prime Kg,11211829,414.0,79.0,https://www.soriana.com/bacalao-noruego-desmenuzado-valley-foods-prime-kg/11211829.html
2026-07-22 13:37:54,Soriana,carnes-pescados-y-mariscos,Ceviches y cocteles,Lomo de Bacalao Noruego sin Piel Valley Foods Prime Kg,11211823,479.0,99.0,https://www.soriana.com/lomo-de-bacalao-noruego-sin-piel-valley-foods-prime-kg/11211823.html
2026-07-22 13:37:54,Soriana,carnes-pescados-y-mariscos,Ceviches y cocteles,Tostada de Ceviche de Pescado,11556806,29.9,,https://www.soriana.com/tostada-de-ceviche-de-pescado/11556806.html
2026-07-22 13:38:02,Soriana,carnes-pescados-y-mariscos,Empanizados,Filete de Pescado Empanizado Kg,304760,139.0,,https://www.soriana.com/filete-de-pescado-empanizado-kg/304760.html
2026-07-22 13:38:02,Soriana,carnes-pescados-y-mariscos,Empanizados,Filete de Pescado Rebozado Kay Kg,2089011,189.0,,https://www.soriana.com/filete-de-pescado-rebozado-kay-kg/2089011.html
2026-07-22 13:38:02,Soriana,carnes-pescados-y-mariscos,Empanizados,Barritas de Pescado Empanizadas Kay Kg,619469,139.0,,https://www.soriana.com/barritas-de-pescado-empanizadas-kay-kg/619469.html
2026-07-22 13:38:02,Soriana,carnes-pescados-y-mariscos,Empanizados,Figuritas de Pescado Kg,1616485,139.0,,https://www.soriana.com/figuritas-de-pescado-kg/1616485.html
2026-07-22 13:38:02,Soriana,carnes-pescados-y-mariscos,Empanizados,Figuritas de Pescado Empanizado 500 gr,11546202,69.0,,https://www.soriana.com/figuritas-de-pescado-empanizado-500-gr/11546202.html
2026-07-22 13:38:02,Soriana,carnes-pescados-y-mariscos,Empanizados,Barritas de Pescado Empanizado 500 gr,11546201,69.0,,https://www.soriana.com/barritas-de-pescado-empanizado-500-gr/11546201.html
2026-07-22 13:38:02,Soriana,carnes-pescados-y-mariscos,Empanizados,Pescadín Kg,9105297,164.0,,https://www.soriana.com/pescadin-kg/9105297.html
2026-07-22 13:38:12,Soriana,carnes-pescados-y-mariscos,Atún y salmón,Filete de Salmón Descongelado Kg,11557296,549.0,,https://www.soriana.com/filete-de-salmon-descongelado-kg/11557296.html
2026-07-22 13:38:12,Soriana,carnes-pescados-y-mariscos,Atún y salmón,Medallón de Atún Rojo Dolores 200 g,2697711,99.9,,https://www.soriana.com/medallon-de-atun-rojo-dolores-200-g/2697711.html
2026-07-22 13:38:12,Soriana,carnes-pescados-y-mariscos,Atún y salmón,Porciones de Salmon Dobles Valley Foods Fresh 283 g,11829295,147.9,,https://www.soriana.com/porciones-de-salmon-dobles-valley-foods-fresh-283-g/11829295.html
2026-07-22 13:38:12,Soriana,carnes-pescados-y-mariscos,Atún y salmón,Filete Sealect Salmón 100 gr,2302588,139.0,,https://www.soriana.com/filete-sealect-salmon-100-gr/2302588.html
2026-07-22 13:38:12,Soriana,carnes-pescados-y-mariscos,Atún y salmón,Salmón sin Piel Sierra Madre 500 gr,11560106,349.0,,https://www.soriana.com/salmon-sin-piel-sierra-madre-500-gr/11560106.html
2026-07-22 13:38:12,Soriana,carnes-pescados-y-mariscos,Atún y salmón,Porción de Salmón La Sanitaria Noruego 500 g,11659787,379.0,,https://www.soriana.com/porcion-de-salmon-la-sanitaria-noruego-500-g/11659787.html
2026-07-22 13:38:12,Soriana,carnes-pescados-y-mariscos,Atún y salmón,Steak Gourmet Atún Aleta Amarilla,9105381,349.0,,https://www.soriana.com/steak-gourmet-atun-aleta-amarilla/9105381.html
2026-07-22 13:38:12,Soriana,carnes-pescados-y-mariscos,Atún y salmón,Palomitas De Atún Dolores Premium Pimienta Limón 270g,11852055,149.0,,https://www.soriana.com/palomitas-de-atun-dolores-premium-pimienta-limon-270g/11852055.html
2026-07-22 13:38:12,Soriana,carnes-pescados-y-mariscos,Atún y salmón,Salmon Ahumado Valley Foods Fresh 113 g,11829569,108.9,,https://www.soriana.com/salmon-ahumado-valley-foods-fresh-113-g/11829569.html
2026-07-22 13:38:12,Soriana,carnes-pescados-y-mariscos,Atún y salmón,Salmon Ahumado Party Platter Latitude 45 283 gr,11708050,299.9,149.0,https://www.soriana.com/salmon-ahumado-party-platter-latitude-45-283-gr/11708050.html
2026-07-22 13:38:12,Soriana,carnes-pescados-y-mariscos,Atún y salmón,Salmotrucha Ahumada Shell Pride 100 gr,2302593,129.0,,https://www.soriana.com/salmotrucha-ahumada-shell-pride-100-gr/2302593.html
2026-07-22 13:38:12,Soriana,carnes-pescados-y-mariscos,Atún y salmón,Atún Bonito en Escabeche Frinsa 111 g,11798295,119.0,,https://www.soriana.com/atun-bonito-en-escabeche-frinsa-111-g/11798295.html
2026-07-22 13:38:12,Soriana,carnes-pescados-y-mariscos,Atún y salmón,Salmon Ahumado Pimienta Valley Foods Fresh 113 g,11829571,108.9,,https://www.soriana.com/salmon-ahumado-pimienta-valley-foods-fresh-113-g/11829571.html
2026-07-22 13:38:12,Soriana,carnes-pescados-y-mariscos,Atún y salmón,Sardinillas en Aceite de Oliva Frinsa 88 g,11798296,79.0,,https://www.soriana.com/sardinillas-en-aceite-de-oliva-frinsa-88-g/11798296.html
2026-07-22 13:38:12,Soriana,carnes-pescados-y-mariscos,Atún y salmón,Medallones de Atún Capitán 500 g,11692250,229.0,,https://www.soriana.com/medallones-de-atun-capitan-500-g/11692250.html
2026-07-22 13:38:12,Soriana,carnes-pescados-y-mariscos,Atún y salmón,Atún Vigilante Aleta Amarilla En Aceite De Oliva 115 g,482003,84.0,,https://www.soriana.com/atun-vigilante-aleta-amarilla-en-aceite-de-oliva-115-g/482003.html
2026-07-22 13:38:12,Soriana,carnes-pescados-y-mariscos,Atún y salmón,Salmon Ahumado Rebanado Valley Foods Fresh 283 g,11829614,297.9,,https://www.soriana.com/salmon-ahumado-rebanado-valley-foods-fresh-283-g/11829614.html
2026-07-22 13:38:12,Soriana,carnes-pescados-y-mariscos,Atún y salmón,Salmon Ahumado Triopack Valley Foods Fresh 340 g,11829612,284.9,,https://www.soriana.com/salmon-ahumado-triopack-valley-foods-fresh-340-g/11829612.html
2026-07-22 13:38:12,Soriana,carnes-pescados-y-mariscos,Atún y salmón,Atún Fresh Label En Agua 140 g,11681748,15.9,,https://www.soriana.com/atun-fresh-label-en-agua-140-g/11681748.html
2026-07-22 13:38:12,Soriana,carnes-pescados-y-mariscos,Atún y salmón,Atún Ventresca Bonito Aceite de Oliva Frinsa 111 g,11798289,349.0,,https://www.soriana.com/atun-ventresca-bonito-aceite-de-oliva-frinsa-111-g/11798289.html
2026-07-22 13:38:12,Soriana,carnes-pescados-y-mariscos,Atún y salmón,Atún en Aceite Fresh Label 140 g,11688553,17.9,,https://www.soriana.com/atun-en-aceite-fresh-label-140-g/11688553.html
2026-07-22 13:38:12,Soriana,carnes-pescados-y-mariscos,Atún y salmón,Atún Bonito en Aceite de Oliva Frinsa 111 g,11798290,149.9,,https://www.soriana.com/atun-bonito-en-aceite-de-oliva-frinsa-111-g/11798290.html
2026-07-22 13:38:12,Soriana,carnes-pescados-y-mariscos,Atún y salmón,Salmón Noruego Frinsa Pescado en Conserva,11585239,309.9,,https://www.soriana.com/salmon-noruego-frinsa-pescado-en-conserva/11585239.html
2026-07-22 13:38:12,Soriana,carnes-pescados-y-mariscos,Atún y salmón,Atún en Aceite de Oliva Ortiz Bonito del Norte 270 g,11289452,459.0,,https://www.soriana.com/atun-en-aceite-de-oliva-ortiz-bonito-del-norte-270-g/11289452.html
2026-07-22 13:38:21,Soriana,carnes-pescados-y-mariscos,Bacalao,Lomo de Bacalao Noruego sin Piel Valley Foods Prime Kg,11211823,479.0,99.0,https://www.soriana.com/lomo-de-bacalao-noruego-sin-piel-valley-foods-prime-kg/11211823.html
2026-07-22 13:38:21,Soriana,carnes-pescados-y-mariscos,Bacalao,Bacalao Noruego Desmenuzado Valley Foods Prime Kg,11211829,414.0,79.0,https://www.soriana.com/bacalao-noruego-desmenuzado-valley-foods-prime-kg/11211829.html
2026-07-22 13:38:21,Soriana,carnes-pescados-y-mariscos,Bacalao,Filete de Bacalao Noruego sin Piel Valley Foods Prime Kg,11211851,459.0,89.0,https://www.soriana.com/filete-de-bacalao-noruego-sin-piel-valley-foods-prime-kg/11211851.html
2026-07-22 13:38:33,Soriana,carnes-pescados-y-mariscos,Cerdo,Milanesa de Cerdo Fresca Kg,303929,128.0,114.0,https://www.soriana.com/milanesa-de-cerdo-fresca-kg/303929.html
2026-07-22 13:38:33,Soriana,carnes-pescados-y-mariscos,Cerdo,Pierna de Cerdo con Hueso Congelada Rancho Santa Fe Kg,303925,82.0,,https://www.soriana.com/pierna-de-cerdo-con-hueso-congelada-rancho-santa-fe-kg/303925.html
2026-07-22 13:38:33,Soriana,carnes-pescados-y-mariscos,Cerdo,Chuleta de Lomo de Cerdo Ahumada Kg,303980,138.0,109.0,https://www.soriana.com/chuleta-de-lomo-de-cerdo-ahumada-kg/303980.html
2026-07-22 13:38:33,Soriana,carnes-pescados-y-mariscos,Cerdo,Pierna de Cerdo sin Hueso Fresca Kg,1418216,124.0,,https://www.soriana.com/pierna-de-cerdo-sin-hueso-fresca-kg/1418216.html
2026-07-22 13:38:33,Soriana,carnes-pescados-y-mariscos,Cerdo,Pulpa Trozo Espaldilla de Cerdo Kg,304038,126.0,,https://www.soriana.com/pulpa-trozo-espaldilla-de-cerdo-kg/304038.html
2026-07-22 13:38:33,Soriana,carnes-pescados-y-mariscos,Cerdo,Pulpa Trocitos Espaldilla de Cerdo Kg,304001,128.0,,https://www.soriana.com/pulpa-trocitos-espaldilla-de-cerdo-kg/304001.html
2026-07-22 13:38:33,Soriana,carnes-pescados-y-mariscos,Cerdo,Chuleta de Cerdo Fresca Kg,303923,124.0,,https://www.soriana.com/chuleta-de-cerdo-fresca-kg/303923.html
2026-07-22 13:38:33,Soriana,carnes-pescados-y-mariscos,Cerdo,Pulpa Molida de Cerdo 90-10 Kg,303930,122.0,,https://www.soriana.com/pulpa-molida-de-cerdo-90-10-kg/303930.html
2026-07-22 13:38:33,Soriana,carnes-pescados-y-mariscos,Cerdo,Costilla de Cerdo Trocitos Kg,11238169,156.0,,https://www.soriana.com/costilla-de-cerdo-trocitos-kg/11238169.html
2026-07-22 13:38:33,Soriana,carnes-pescados-y-mariscos,Cerdo,Lomo de Cerdo Natural Kg,303928,124.0,,https://www.soriana.com/lomo-de-cerdo-natural-kg/303928.html
2026-07-22 13:38:33,Soriana,carnes-pescados-y-mariscos,Cerdo,Chuleta Mixta de Lomo de Cerdo Kg,569648,112.0,,https://www.soriana.com/chuleta-mixta-de-lomo-de-cerdo-kg/569648.html
2026-07-22 13:38:33,Soriana,carnes-pescados-y-mariscos,Cerdo,Codillo/Chamorro Cerdo Kg,303913,74.0,,https://www.soriana.com/codillo-chamorro-cerdo-kg/303913.html
2026-07-22 13:38:33,Soriana,carnes-pescados-y-mariscos,Cerdo,Costilla de Cerdo Doble Carne Kg,11238167,156.0,,https://www.soriana.com/costilla-de-cerdo-doble-carne-kg/11238167.html
2026-07-22 13:38:33,Soriana,carnes-pescados-y-mariscos,Cerdo,Costilla de Cerdo Cargada Fresca Kg,303915,156.0,,https://www.soriana.com/costilla-de-cerdo-cargada-fresca-kg/303915.html
2026-07-22 13:38:33,Soriana,carnes-pescados-y-mariscos,Cerdo,Cecina de Cerdo Enchilada Bachoco Parrilleros 480 g,11472386,99.0,,https://www.soriana.com/cecina-de-cerdo-enchilada-bachoco-parrilleros-480-g/11472386.html
2026-07-22 13:38:33,Soriana,carnes-pescados-y-mariscos,Cerdo,Belly Sin Piel Cerdo Proan Pieza 500 g,11560102,86.9,,https://www.soriana.com/belly-sin-piel-cerdo-proan-pieza-500-g/11560102.html
2026-07-22 13:38:33,Soriana,carnes-pescados-y-mariscos,Cerdo,Deshebrada de cerdo SuKarne 300 g,11585127,79.9,,https://www.soriana.com/deshebrada-de-cerdo-sukarne-300-g/11585127.html
2026-07-22 13:38:33,Soriana,carnes-pescados-y-mariscos,Cerdo,Espinazo de Cerdo Kg,303912,38.0,,https://www.soriana.com/espinazo-de-cerdo-kg/303912.html
2026-07-22 13:38:33,Soriana,carnes-pescados-y-mariscos,Cerdo,Lomo Ahumado Rebanado Kg,11238138,134.0,,https://www.soriana.com/lomo-ahumado-rebanado-kg/11238138.html
2026-07-22 13:38:33,Soriana,carnes-pescados-y-mariscos,Cerdo,Manitas de Cerdo Kg,303920,79.0,,https://www.soriana.com/manitas-de-cerdo-kg/303920.html
2026-07-22 13:38:33,Soriana,carnes-pescados-y-mariscos,Cerdo,Belly con Piel Cerdo Proan Pieza 500 g,11560103,85.9,,https://www.soriana.com/belly-con-piel-cerdo-proan-pieza-500-g/11560103.html
2026-07-22 13:38:33,Soriana,carnes-pescados-y-mariscos,Cerdo,Filete De Cerdo Kg,303936,124.0,,https://www.soriana.com/filete-de-cerdo-kg/303936.html
2026-07-22 13:38:33,Soriana,carnes-pescados-y-mariscos,Cerdo,Aguja de Cerdo Kg,11557583,139.0,,https://www.soriana.com/aguja-de-cerdo-kg/11557583.html
2026-07-22 13:38:33,Soriana,carnes-pescados-y-mariscos,Cerdo,Cabeza de Cerdo Kg,303933,44.0,,https://www.soriana.com/cabeza-de-cerdo-kg/303933.html
2026-07-22 13:38:50,Soriana,carnes-pescados-y-mariscos,Cortes y costillas,Top Sirloin de Res Sonora Rancho Don Francisco Kg,1884975,394.9,,https://www.soriana.com/top-sirloin-de-res-sonora-rancho-don-francisco-kg/1884975.html
2026-07-22 13:38:50,Soriana,carnes-pescados-y-mariscos,Cortes y costillas,Arrachera de Res Sonora Rancho Don Francisco Kg,1883971,489.0,,https://www.soriana.com/arrachera-de-res-sonora-rancho-don-francisco-kg/1883971.html
2026-07-22 13:38:50,Soriana,carnes-pescados-y-mariscos,Cortes y costillas,Costilla Short Rib/Asado de Tira Rancho Don Francisco Selecta Kg,2589564,279.0,,https://www.soriana.com/costilla-short-rib-asado-de-tira-rancho-don-francisco-selecta-kg/2589564.html
2026-07-22 13:38:50,Soriana,carnes-pescados-y-mariscos,Cortes y costillas,Trocitos de Res Pulpa Negra Sonora Rancho Don Francisco Kg,1882801,324.9,,https://www.soriana.com/trocitos-de-res-pulpa-negra-sonora-rancho-don-francisco-kg/1882801.html
2026-07-22 13:38:50,Soriana,carnes-pescados-y-mariscos,Cortes y costillas,Filete de Res Sonora Rancho Don Francisco Kg,2685999,769.0,,https://www.soriana.com/filete-de-res-sonora-rancho-don-francisco-kg/2685999.html
2026-07-22 13:38:50,Soriana,carnes-pescados-y-mariscos,Cortes y costillas,Costilla Country Sonora Rancho Don Francisco Kg,2202211,374.9,,https://www.soriana.com/costilla-country-sonora-rancho-don-francisco-kg/2202211.html
2026-07-22 13:38:50,Soriana,carnes-pescados-y-mariscos,Cortes y costillas,Cuete de Res Sonora Rancho Don Francisco Kg,1881864,299.0,,https://www.soriana.com/cuete-de-res-sonora-rancho-don-francisco-kg/1881864.html
2026-07-22 13:38:50,Soriana,carnes-pescados-y-mariscos,Cortes y costillas,Pulpa en Trozo de Res Rancho Don Francisco Sonora Kg,1882805,299.0,,https://www.soriana.com/pulpa-en-trozo-de-res-rancho-don-francisco-sonora-kg/1882805.html
2026-07-22 13:38:50,Soriana,carnes-pescados-y-mariscos,Cortes y costillas,Toreritas De New York High Choice,11685825,374.0,,https://www.soriana.com/toreritas-de-new-york-high-choice/11685825.html
2026-07-22 13:38:50,Soriana,carnes-pescados-y-mariscos,Cortes y costillas,Tablita De Lomo High Choice,11685826,319.0,,https://www.soriana.com/tablita-de-lomo-high-choice/11685826.html
2026-07-22 13:38:50,Soriana,carnes-pescados-y-mariscos,Cortes y costillas,Medallón de Res Kosher Rancho Don Francisco Kg,1167852,528.0,,https://www.soriana.com/medallon-de-res-kosher-rancho-don-francisco-kg/1167852.html
2026-07-22 13:38:50,Soriana,carnes-pescados-y-mariscos,Cortes y costillas,Costilla de Rib Eye Rancho Don Francisco Selecta Kg,2589565,214.9,,https://www.soriana.com/costilla-de-rib-eye-rancho-don-francisco-selecta-kg/2589565.html
2026-07-22 13:38:50,Soriana,carnes-pescados-y-mariscos,Cortes y costillas,Rib Eye Steak High Choice,11685404,436.0,,https://www.soriana.com/rib-eye-steak-high-choice/11685404.html
2026-07-22 13:38:50,Soriana,carnes-pescados-y-mariscos,Cortes y costillas,T-Bone de Res Sonora Rancho Don Francisco Kg,1883253,634.9,,https://www.soriana.com/t-bone-de-res-sonora-rancho-don-francisco-kg/1883253.html
2026-07-22 13:38:50,Soriana,carnes-pescados-y-mariscos,Cortes y costillas,Picanha de Res Sonora Rancho Don Francisco Kg,2458719,419.0,399.9,https://www.soriana.com/picanha-de-res-sonora-rancho-don-francisco-kg/2458719.html
2026-07-22 13:38:50,Soriana,carnes-pescados-y-mariscos,Cortes y costillas,Toreritas de Rib Eye JC Carnes High Choice,11685823,458.0,,https://www.soriana.com/toreritas-de-rib-eye-jc-carnes-high-choice/11685823.html
2026-07-22 13:38:50,Soriana,carnes-pescados-y-mariscos,Cortes y costillas,Costilla Corta High Choice Rancho Don Francisco Kg,2687631,579.0,,https://www.soriana.com/costilla-corta-high-choice-rancho-don-francisco-kg/2687631.html
2026-07-22 13:38:50,Soriana,carnes-pescados-y-mariscos,Cortes y costillas,Rib Eye de Res Sonora Rancho Don Francisco Kg,1882806,719.0,,https://www.soriana.com/rib-eye-de-res-sonora-rancho-don-francisco-kg/1882806.html
2026-07-22 13:38:50,Soriana,carnes-pescados-y-mariscos,Cortes y costillas,Rib Steak de Res Sonora Rancho Don Francisco Kg,1882842,709.0,,https://www.soriana.com/rib-steak-de-res-sonora-rancho-don-francisco-kg/1882842.html
2026-07-22 13:38:50,Soriana,carnes-pescados-y-mariscos,Cortes y costillas,Filete de Res Sonora Rancho Don Francisco Kg,1881872,759.0,,https://www.soriana.com/filete-de-res-sonora-rancho-don-francisco-kg/1881872.html
2026-07-22 13:38:50,Soriana,carnes-pescados-y-mariscos,Cortes y costillas,Rib Eye Res Sterling Silver 450 g,11605825,509.0,,https://www.soriana.com/rib-eye-res-sterling-silver-450-g/11605825.html
2026-07-22 13:38:50,Soriana,carnes-pescados-y-mariscos,Cortes y costillas,Osobucos de Ternera Blanca Kg,9092570,498.0,,https://www.soriana.com/osobucos-de-ternera-blanca-kg/9092570.html
2026-07-22 13:38:50,Soriana,carnes-pescados-y-mariscos,Cortes y costillas,New York de res USDA Choice Kg,1883970,672.0,,https://www.soriana.com/new-york-de-res-usda-choice-kg/1883970.html
2026-07-22 13:38:50,Soriana,carnes-pescados-y-mariscos,Cortes y costillas,New York de Res Sonora Rancho Don Francisco Kg,1881879,664.9,654.9,https://www.soriana.com/new-york-de-res-sonora-rancho-don-francisco-kg/1881879.html
2026-07-22 13:38:59,Soriana,carnes-pescados-y-mariscos,Cordero,Chuck de Cordero Kg,304033,218.0,,https://www.soriana.com/chuck-de-cordero-kg/304033.html
2026-07-22 13:38:59,Soriana,carnes-pescados-y-mariscos,Cordero,Costilla de Cordero/Rack Francés Kg,1022153,879.0,,https://www.soriana.com/costilla-de-cordero-rack-frances-kg/1022153.html
2026-07-22 13:38:59,Soriana,carnes-pescados-y-mariscos,Cordero,Pierna de Cordero con Hueso Kg,303939,292.0,,https://www.soriana.com/pierna-de-cordero-con-hueso-kg/303939.html
2026-07-22 13:38:59,Soriana,carnes-pescados-y-mariscos,Cordero,Pierna de Cordero sin Hueso Kg,304065,419.0,,https://www.soriana.com/pierna-de-cordero-sin-hueso-kg/304065.html
2026-07-22 13:38:59,Soriana,carnes-pescados-y-mariscos,Cordero,Ruedas de Cordero Kg,1241290,209.0,,https://www.soriana.com/ruedas-de-cordero-kg/1241290.html
2026-07-22 13:39:08,Soriana,carnes-pescados-y-mariscos,Cabrito,Cabrito para Guisar Kg,303997,669.0,,https://www.soriana.com/cabrito-para-guisar-kg/303997.html
2026-07-22 13:39:08,Soriana,carnes-pescados-y-mariscos,Cabrito,Cabrito Especial Entero para Asar Kg,544294,669.0,,https://www.soriana.com/cabrito-especial-entero-para-asar-kg/544294.html
2026-07-22 13:39:16,Soriana,carnes-pescados-y-mariscos,Conejo,Conejo Canal Kg,1197797,212.0,,https://www.soriana.com/conejo-canal-kg/1197797.html
2026-07-22 13:39:16,Soriana,carnes-pescados-y-mariscos,Conejo,Conejo Natural para Asar Kg,9098929,212.0,,https://www.soriana.com/conejo-natural-para-asar-kg/9098929.html
2026-07-22 13:39:29,Soriana,carnes-pescados-y-mariscos,Ofertas,Tomahawk Angus Premium Beef 1.1 Kg,11693454,1065.0,,https://www.soriana.com/tomahawk-angus-premium-beef-1.1-kg/11693454.html
2026-07-22 13:39:29,Soriana,carnes-pescados-y-mariscos,Ofertas,Carnitas de Pato Chef Premier,11693665,438.0,,https://www.soriana.com/carnitas-de-pato-chef-premier/11693665.html
2026-07-22 13:39:29,Soriana,carnes-pescados-y-mariscos,Ofertas,Short Rib Sterling Silver 500 g,11685759,369.0,,https://www.soriana.com/short-rib-sterling-silver-500-g/11685759.html
2026-07-22 13:39:29,Soriana,carnes-pescados-y-mariscos,Ofertas,Arrachera Bachoco Parrilleros 480 g,11471964,229.0,,https://www.soriana.com/arrachera-bachoco-parrilleros-480-g/11471964.html
2026-07-22 13:39:29,Soriana,carnes-pescados-y-mariscos,Ofertas,Cecina Extrafina Bachoco Parrilleros 480 g,11472387,194.0,,https://www.soriana.com/cecina-extrafina-bachoco-parrilleros-480-g/11472387.html
2026-07-22 13:39:29,Soriana,carnes-pescados-y-mariscos,Ofertas,Molida sin res Plant Squad 456 g,11506726,189.0,,https://www.soriana.com/molida-sin-res-plant-squad-456-g/11506726.html
2026-07-22 13:39:29,Soriana,carnes-pescados-y-mariscos,Ofertas,Milanesa sin pollo Plant Squad 460 g,11547293,189.0,,https://www.soriana.com/milanesa-sin-pollo-plant-squad-460-g/11547293.html
2026-07-22 13:39:29,Soriana,carnes-pescados-y-mariscos,Ofertas,Milanesa Sabana de Res Verdes Motivos 400 Gr,11382824,189.0,,https://www.soriana.com/milanesa-sabana-de-res-verdes-motivos-400-gr/11382824.html
2026-07-22 13:39:29,Soriana,carnes-pescados-y-mariscos,Ofertas,Carne Molida Res Magra Verdes Motivos 350 Gr,11382743,184.0,,https://www.soriana.com/carne-molida-res-magra-verdes-motivos-350-gr/11382743.html
2026-07-22 13:39:29,Soriana,carnes-pescados-y-mariscos,Ofertas,Hamburguesa de Res Verdes Motivos 350 Gr,11444395,169.0,,https://www.soriana.com/hamburguesa-de-res-verdes-motivos-350-gr/11444395.html
2026-07-22 13:39:29,Soriana,carnes-pescados-y-mariscos,Ofertas,Milanesa Aplanada Congelada Alco,2426062,159.0,,https://www.soriana.com/milanesa-aplanada-congelada-alco/2426062.html
2026-07-22 13:39:29,Soriana,carnes-pescados-y-mariscos,Ofertas,Picaña Parrilleros Norson 750 g,11688486,159.0,,https://www.soriana.com/picana-parrilleros-norson-750-g/11688486.html
2026-07-22 13:39:29,Soriana,carnes-pescados-y-mariscos,Ofertas,Spare Rib Proan,11670395,149.0,,https://www.soriana.com/spare-rib-proan/11670395.html
2026-07-22 13:39:29,Soriana,carnes-pescados-y-mariscos,Ofertas,Palomitas De Atún Dolores Premium Pimienta Limón 270g,11852055,149.0,,https://www.soriana.com/palomitas-de-atun-dolores-premium-pimienta-limon-270g/11852055.html
2026-07-22 13:39:29,Soriana,carnes-pescados-y-mariscos,Ofertas,Costilla Cerdo St Louis Proan 900 g 1 Pieza,11670394,145.0,,https://www.soriana.com/costilla-cerdo-st-louis-proan-900-g-1-pieza/11670394.html
2026-07-22 13:39:29,Soriana,carnes-pescados-y-mariscos,Ofertas,Fajitas de pechuga de Pollo Verdes Motivos 400 gr,11499761,139.0,,https://www.soriana.com/fajitas-de-pechuga-de-pollo-verdes-motivos-400-gr/11499761.html
2026-07-22 13:39:29,Soriana,carnes-pescados-y-mariscos,Ofertas,Picaña de Cerdo Proan Pieza 800 g,11560100,134.0,,https://www.soriana.com/picana-de-cerdo-proan-pieza-800-g/11560100.html
2026-07-22 13:39:29,Soriana,carnes-pescados-y-mariscos,Ofertas,Deshebrada de Res SuKarne 300 g,1535948,133.0,,https://www.soriana.com/deshebrada-de-res-sukarne-300-g/1535948.html
2026-07-22 13:39:29,Soriana,carnes-pescados-y-mariscos,Ofertas,Diezmillo Parrilleros Norson 600 g,11688483,129.0,,https://www.soriana.com/diezmillo-parrilleros-norson-600-g/11688483.html
2026-07-22 13:39:29,Soriana,carnes-pescados-y-mariscos,Ofertas,Milanesa Aplanada Pollo 540 g Just Bare,11750511,129.0,,https://www.soriana.com/milanesa-aplanada-pollo-540-g-just-bare/11750511.html
2026-07-22 13:39:29,Soriana,carnes-pescados-y-mariscos,Ofertas,Carne de Res Deshebrada Prácticos Bachoco 280 g,11382617,123.0,,https://www.soriana.com/carne-de-res-deshebrada-practicos-bachoco-280-g/11382617.html
2026-07-22 13:39:29,Soriana,carnes-pescados-y-mariscos,Ofertas,Pechuga Deshuesada 540 g Just Bare,11750510,119.0,,https://www.soriana.com/pechuga-deshuesada-540-g-just-bare/11750510.html
2026-07-22 13:39:29,Soriana,carnes-pescados-y-mariscos,Ofertas,Carrillera de Cerdo Proan Pieza 800 g,11553101,118.0,,https://www.soriana.com/carrillera-de-cerdo-proan-pieza-800-g/11553101.html
2026-07-22 13:39:29,Soriana,carnes-pescados-y-mariscos,Ofertas,Diezmillo Steak Parrilleros Norson 500 g,11688484,118.0,,https://www.soriana.com/diezmillo-steak-parrilleros-norson-500-g/11688484.html
