fecha_scraping,tienda,categoria,subcategoria,nombre_producto,sku,precio_normal,precio_descuento,url_producto
2026-07-07 21:36:35,Chedraui,carnes-pescados-y-mariscos,,Filete de Tilapia por Kg,3010329,139.00,98.00,https://www.chedraui.com.mx/filete-de-tilapia-por-kg-3010329/p
2026-07-07 21:36:35,Chedraui,carnes-pescados-y-mariscos,,Camarón Coctel Pulpa Kg,3010610,219.00,139.00,https://www.chedraui.com.mx/camaron-coctel-pulpa-kg-3010610/p
2026-07-07 21:36:35,Chedraui,carnes-pescados-y-mariscos,,Lomo de Cerdo Kg,3869484,144.00,122.42,https://www.chedraui.com.mx/lomo-de-cerdo-kg-3869484/p
2026-07-07 21:36:35,Chedraui,carnes-pescados-y-mariscos,,Lomo de Cerdo Rebanado Kg,3869485,155.00,131.78,https://www.chedraui.com.mx/lomo-de-cerdo-rebanado-kg-3869485/p
2026-07-07 21:36:35,Chedraui,carnes-pescados-y-mariscos,,Fajitas de Lomo de Cerdo Kg,3869486,165.00,140.26,https://www.chedraui.com.mx/fajitas-de-lomo-de-cerdo-kg-3869486/p
2026-07-07 21:36:35,Chedraui,carnes-pescados-y-mariscos,,Cubos de Lomo de Cerdo Kg,3869487,165.00,140.26,https://www.chedraui.com.mx/cubos-de-lomo-de-cerdo-kg-3869487/p
2026-07-07 21:36:35,Chedraui,carnes-pescados-y-mariscos,,Milanesa Pimiento Limón kg,3672417,200.00,160.04,https://www.chedraui.com.mx/milanesa-pimiento-limon-kg-3672417/p
2026-07-07 21:36:35,Chedraui,carnes-pescados-y-mariscos,,Milanesa Sabor Ranchero kg,3672414,200.00,160.04,https://www.chedraui.com.mx/milanesa-sabor-ranchero-kg-3672414/p
2026-07-07 21:36:35,Chedraui,carnes-pescados-y-mariscos,,Milanesa Pollo kg,3155454,187.00,169.00,https://www.chedraui.com.mx/milanesa-pollo-kg-3155454/p
2026-07-07 21:36:35,Chedraui,carnes-pescados-y-mariscos,,Pechuga Corte Americano de Pollo por Kg,3109875,94.90,89.00,https://www.chedraui.com.mx/pechuga-corte-americano-de-pollo-por-kg-3109875/p
2026-07-07 21:36:35,Chedraui,carnes-pescados-y-mariscos,,Molida fina de Res 95-5 kg,3102654,,257.00,https://www.chedraui.com.mx/molida-fina-de-res-95-5-kg-3102654/p
2026-07-07 21:36:35,Chedraui,carnes-pescados-y-mariscos,,Pierna y Muslo Americano Fresco de Pollo kg,3109882,49.90,30.00,https://www.chedraui.com.mx/pierna-y-muslo-americano-fresco-de-pollo-kg-3109882/p
2026-07-07 21:36:35,Chedraui,carnes-pescados-y-mariscos,,Milanesa de Cerdo kg,3102751,135.00,114.00,https://www.chedraui.com.mx/milanesa-de-cerdo-kg-3102751/p
2026-07-07 21:36:35,Chedraui,carnes-pescados-y-mariscos,,Bistec Pulpa Blanca de Res kg,3102628,,234.00,https://www.chedraui.com.mx/bistec-pulpa-blanca-de-res-kg-3102628/p
2026-07-07 21:36:35,Chedraui,carnes-pescados-y-mariscos,,Chuleta de Cerdo Natural Kg,3102737,117.00,109.00,https://www.chedraui.com.mx/chuleta-de-cerdo-natural-kg-3102737/p
2026-07-07 21:36:35,Chedraui,carnes-pescados-y-mariscos,,Chuleta de Cerdo Ahumada por kg,3102719,134.00,109.00,https://www.chedraui.com.mx/chuleta-de-cerdo-ahumada-por-kg-3102719/p
2026-07-07 21:36:51,Chedraui,carnes-pescados-y-mariscos,,Pollo Entero por kg,3099652,59.00,36.00,https://www.chedraui.com.mx/pollo-entero-por-kg-3099652/p
2026-07-07 21:36:51,Chedraui,carnes-pescados-y-mariscos,,Pulpa de Cerdo kg,3102755,129.00,102.00,https://www.chedraui.com.mx/pulpa-de-cerdo-kg-3102755/p
2026-07-07 21:36:51,Chedraui,carnes-pescados-y-mariscos,,Molida de Pierna de Cerdo kg,3102752,,139.00,https://www.chedraui.com.mx/molida-de-pierna-de-cerdo-kg-3102752/p
2026-07-07 21:36:51,Chedraui,carnes-pescados-y-mariscos,,Milanesa Pulpa Negra de Res kg,3102651,272.00,265.00,https://www.chedraui.com.mx/milanesa-pulpa-negra-de-res-kg-3102651/p
2026-07-07 21:36:51,Chedraui,carnes-pescados-y-mariscos,,Costilla de Cerdo por Kg,3102736,154.00,148.00,https://www.chedraui.com.mx/costilla-de-cerdo-por-kg-3102736/p
2026-07-07 21:36:51,Chedraui,carnes-pescados-y-mariscos,,Bistec Pulpa Negra Res por kg,3102629,,259.00,https://www.chedraui.com.mx/bistec-pulpa-negra-res-por-kg-3102629/p
2026-07-07 21:36:51,Chedraui,carnes-pescados-y-mariscos,,Pechuga de Pollo sin Hueso Congelado por Kg,3109878,120.00,99.90,https://www.chedraui.com.mx/pechuga-de-pollo-sin-hueso-congelado-por-kg-3109878/p
2026-07-07 21:36:51,Chedraui,carnes-pescados-y-mariscos,,Carne para Deshebrar de Res kg,3102635,,257.00,https://www.chedraui.com.mx/carne-para-deshebrar-de-res-kg-3102635/p
2026-07-07 21:36:51,Chedraui,carnes-pescados-y-mariscos,,Chambarete con Hueso de Res kg,3102601,,179.00,https://www.chedraui.com.mx/chambarete-con-hueso-de-res-kg-3102601/p
2026-07-07 21:36:51,Chedraui,carnes-pescados-y-mariscos,,Filete de Salmón Pacifico kg,3157330,,439.00,https://www.chedraui.com.mx/filete-de-salmon-pacifico-kg-3157330/p
2026-07-07 21:36:51,Chedraui,carnes-pescados-y-mariscos,,Codillo Chamorro de Cerdo kg,3237664,79.00,69.90,https://www.chedraui.com.mx/codillo-chamorro-de-cerdo-kg-3237664/p
2026-07-07 21:36:51,Chedraui,carnes-pescados-y-mariscos,,Molida Selecta de Res kg,3102658,,239.00,https://www.chedraui.com.mx/molida-selecta-de-res-kg-3102658/p
2026-07-07 21:36:51,Chedraui,carnes-pescados-y-mariscos,,Carne Deshebrada Sukarne de Res 300g,3101258,,134.00,https://www.chedraui.com.mx/carne-deshebrada-sukarne-de-res-300g-3101258/p
2026-07-07 21:36:51,Chedraui,carnes-pescados-y-mariscos,,Bistec del 7 de Res por kg,3102604,189.00,169.00,https://www.chedraui.com.mx/bistec-del-7-de-res-por-kg-3102604/p
2026-07-07 21:36:51,Chedraui,carnes-pescados-y-mariscos,,Filete Basa Rojo kg,3242286,,89.00,https://www.chedraui.com.mx/filete-basa-rojo-kg-3242286/p
2026-07-07 21:36:51,Chedraui,carnes-pescados-y-mariscos,,Pollo Entero Crio kg,3221340,59.00,36.00,https://www.chedraui.com.mx/pollo-entero-crio-kg-3221340/p
2026-07-07 21:37:05,Chedraui,carnes-pescados-y-mariscos,,Arrachera Marinada Corte Delgado Parrilleros Bachoco 430g,3672411,,129.00,https://www.chedraui.com.mx/arrachera-marinada-corte-delgado-parrilleros-bachoco-430g-3672411/p
2026-07-07 21:37:05,Chedraui,carnes-pescados-y-mariscos,,Cecina Especial Pulpa Negra de Res kg,3102592,,309.00,https://www.chedraui.com.mx/cecina-especial-pulpa-negra-de-res-kg-3102592/p
2026-07-07 21:37:05,Chedraui,carnes-pescados-y-mariscos,,Carne Molida de Cerdo por kg,3536205,,107.00,https://www.chedraui.com.mx/carne-molida-de-cerdo-por-kg-3536205/p
2026-07-07 21:37:05,Chedraui,carnes-pescados-y-mariscos,,Pechuga de Pollo con Hueso Light por Kg,3161285,,169.00,https://www.chedraui.com.mx/pechuga-de-pollo-con-hueso-light-por-kg-3161285/p
2026-07-07 21:37:05,Chedraui,carnes-pescados-y-mariscos,,Arrachera Marinada Ligera Sukarne de Res 600g,3101244,226.00,218.00,https://www.chedraui.com.mx/arrachera-marinada-ligera-sukarne-de-res-600g-3101244/p
2026-07-07 21:37:05,Chedraui,carnes-pescados-y-mariscos,,Molida Mixta Res con Cerdo por kg,3102655,,198.00,https://www.chedraui.com.mx/molida-mixta-res-con-cerdo-por-kg-3102655/p
2026-07-07 21:37:05,Chedraui,carnes-pescados-y-mariscos,,Filete de Pescado Sierra Madre Natural 1Kg,3010373,,269.00,https://www.chedraui.com.mx/filete-de-pescado-sierra-madre-natural-1kg-3010373/p
2026-07-07 21:37:05,Chedraui,carnes-pescados-y-mariscos,,Molida de Pollo por kg,3109870,,185.00,https://www.chedraui.com.mx/molida-de-pollo-por-kg-3109870/p
2026-07-07 21:37:05,Chedraui,carnes-pescados-y-mariscos,,Camarón Grande sin Cabeza kg,3010619,,339.00,https://www.chedraui.com.mx/camaron-grande-sin-cabeza-kg-3010619/p
2026-07-07 21:37:05,Chedraui,carnes-pescados-y-mariscos,,Muslo de Pollo Corte Americano Fresco Kg,3161308,,89.00,https://www.chedraui.com.mx/muslo-de-pollo-corte-americano-fresco-kg-3161308/p
2026-07-07 21:37:05,Chedraui,carnes-pescados-y-mariscos,,Chambarete sin Hueso de Res kg,3685625,,207.00,https://www.chedraui.com.mx/chambarete-sin-hueso-de-res-kg-3685625/p
2026-07-07 21:37:05,Chedraui,carnes-pescados-y-mariscos,,Pierna Congelada con Hueso Cerdo por kg,3102688,87.00,46.00,https://www.chedraui.com.mx/pierna-congelada-con-hueso-cerdo-por-kg-3102688/p
2026-07-07 21:37:05,Chedraui,carnes-pescados-y-mariscos,,Pierna y Muslo Americano Congelado de Pollo kg,3109880,,53.00,https://www.chedraui.com.mx/pierna-y-muslo-americano-congelado-de-pollo-kg-3109880/p
2026-07-07 21:37:05,Chedraui,carnes-pescados-y-mariscos,,Costilla Res por kg,3102609,179.00,139.00,https://www.chedraui.com.mx/costilla-res-por-kg-3102609/p
2026-07-07 21:37:05,Chedraui,carnes-pescados-y-mariscos,,Milanesa Bola de Res kg,3102649,262.00,248.00,https://www.chedraui.com.mx/milanesa-bola-de-res-kg-3102649/p
2026-07-07 21:37:05,Chedraui,carnes-pescados-y-mariscos,,Muslo de Pollo Light por Kg,3161282,,106.00,https://www.chedraui.com.mx/muslo-de-pollo-light-por-kg-3161282/p
2026-07-07 21:37:19,Chedraui,carnes-pescados-y-mariscos,,Nuggets con Pollo del Día Empanizados 500g,3101168,,48.00,https://www.chedraui.com.mx/nuggets-con-pollo-del-dia-empanizados-500g-3101168/p
2026-07-07 21:37:19,Chedraui,carnes-pescados-y-mariscos,,Muslo Fresco de Pollo por Kg,3109873,,102.00,https://www.chedraui.com.mx/muslo-fresco-de-pollo-por-kg-3109873/p
2026-07-07 21:37:19,Chedraui,carnes-pescados-y-mariscos,,Surimi Especial kg,3375630,139.00,129.00,https://www.chedraui.com.mx/surimi-especial-kg-3375630/p
2026-07-07 21:37:19,Chedraui,carnes-pescados-y-mariscos,,Pollo Entero Pilgrims por kg,3213633,59.00,36.00,https://www.chedraui.com.mx/pollo-entero-pilgrims-por-kg-3213633/p
2026-07-07 21:37:19,Chedraui,carnes-pescados-y-mariscos,,Bistec del 0 de Res por kg,3102603,189.00,169.00,https://www.chedraui.com.mx/bistec-del-0-de-res-por-kg-3102603/p
2026-07-07 21:37:19,Chedraui,carnes-pescados-y-mariscos,,Fajita de Pollo Natural por Kg,3161287,189.00,129.00,https://www.chedraui.com.mx/fajita-de-pollo-natural-por-kg-3161287/p
2026-07-07 21:37:19,Chedraui,carnes-pescados-y-mariscos,,Retazo con Hueso para Caldo de Res por kg,3102617,,144.00,https://www.chedraui.com.mx/retazo-con-hueso-para-caldo-de-res-por-kg-3102617/p
2026-07-07 21:37:19,Chedraui,carnes-pescados-y-mariscos,,Pierna de Pollo Fresca por Kg,3109883,,98.00,https://www.chedraui.com.mx/pierna-de-pollo-fresca-por-kg-3109883/p
2026-07-07 21:37:19,Chedraui,carnes-pescados-y-mariscos,,Filete de Pescado Blanco Empanizado Sierra Madre 500g,3010509,,144.00,https://www.chedraui.com.mx/filete-de-pescado-blanco-empanizado-sierra-madre-500g-3010509/p
2026-07-07 21:37:19,Chedraui,carnes-pescados-y-mariscos,,Molida de Res High Choice Kg,3609663,,309.00,https://www.chedraui.com.mx/molida-de-res-high-choice-kg-3609663/p
2026-07-07 21:37:19,Chedraui,carnes-pescados-y-mariscos,,Carne de Hamburguesa Sukarne de Res con 8 Piezas de 90g,3327625,,95.00,https://www.chedraui.com.mx/carne-de-hamburguesa-sukarne-de-res-con-8-piezas-de-90g-3327625/p
2026-07-07 21:37:19,Chedraui,carnes-pescados-y-mariscos,,Deshebrada de pollo Prácticos Bachoco 280g,3568464,,89.00,https://www.chedraui.com.mx/deshebrada-de-pollo-practicos-bachoco-280g-3568464/p
2026-07-07 21:37:19,Chedraui,carnes-pescados-y-mariscos,,Torta de Papa Kg,3102772,84.90,74.90,https://www.chedraui.com.mx/torta-de-papa-kg-3102772/p
2026-07-07 21:37:19,Chedraui,carnes-pescados-y-mariscos,,Chuleta de Res para Asar por kg,3102606,,267.00,https://www.chedraui.com.mx/chuleta-de-res-para-asar-por-kg-3102606/p
2026-07-07 21:37:19,Chedraui,carnes-pescados-y-mariscos,,Camarón Chico sin Cabeza kg,3010613,,275.00,https://www.chedraui.com.mx/camaron-chico-sin-cabeza-kg-3010613/p
2026-07-07 21:37:19,Chedraui,carnes-pescados-y-mariscos,,Tampiqueña para Asar de Pulpa Negra por kg,3102678,,279.00,https://www.chedraui.com.mx/tampiquena-para-asar-de-pulpa-negra-por-kg-3102678/p
2026-07-07 21:37:35,Chedraui,carnes-pescados-y-mariscos,,Pulpa en Trozos de Res kg,3102667,,239.00,https://www.chedraui.com.mx/pulpa-en-trozos-de-res-kg-3102667/p
2026-07-07 21:37:35,Chedraui,carnes-pescados-y-mariscos,,Pechuga Aires de Campo de Pollo Deshuesada Orgánico kg,3330833,,360.00,https://www.chedraui.com.mx/pechuga-aires-de-campo-de-pollo-deshuesada-organico-kg-3330833/p
2026-07-07 21:37:35,Chedraui,carnes-pescados-y-mariscos,,Molida de Res Extra Fina Sukarne 95/5 400g,3216280,,100.00,https://www.chedraui.com.mx/molida-de-res-extra-fina-sukarne-955-400g-3216280/p
2026-07-07 21:37:35,Chedraui,carnes-pescados-y-mariscos,,Nuggets de Pollo Prácticos Bachoco 500g,3755342,,58.00,https://www.chedraui.com.mx/nuggets-de-pollo-practicos-bachoco-500g-3755342/p
2026-07-07 21:37:35,Chedraui,carnes-pescados-y-mariscos,,Filete de Tilapia Pimienta Limón Sierra Madre 500g,3010433,,112.00,https://www.chedraui.com.mx/filete-de-tilapia-pimienta-limon-sierra-madre-500g-3010433/p
2026-07-07 21:37:35,Chedraui,carnes-pescados-y-mariscos,,Arrachera Sukarne de Res 600g,3101253,,226.00,https://www.chedraui.com.mx/arrachera-sukarne-de-res-600g-3101253/p
2026-07-07 21:37:35,Chedraui,carnes-pescados-y-mariscos,,Brocheta de Pechuga de Pollo por kg,3302181,194.00,129.00,https://www.chedraui.com.mx/brocheta-de-pechuga-de-pollo-por-kg-3302181/p
2026-07-07 21:37:35,Chedraui,carnes-pescados-y-mariscos,,Pechuga Ranchera Prácticos Bachoco 500g,3561794,,116.00,https://www.chedraui.com.mx/pechuga-ranchera-practicos-bachoco-500g-3561794/p
2026-07-07 21:37:35,Chedraui,carnes-pescados-y-mariscos,,Bistec Aguayón de Ternera kg,3599596,,339.00,https://www.chedraui.com.mx/bistec-aguayon-de-ternera-kg-3599596/p
2026-07-07 21:37:35,Chedraui,carnes-pescados-y-mariscos,,Chicharrón Prensado Cerdo por kg,3102709,,129.00,https://www.chedraui.com.mx/chicharron-prensado-cerdo-por-kg-3102709/p
2026-07-07 21:37:35,Chedraui,carnes-pescados-y-mariscos,,Medallones Tuny de Atún Gourmet 730g,3756643,,302.00,https://www.chedraui.com.mx/medallones-tuny-de-atun-gourmet-730g-3756643/p
2026-07-07 21:37:35,Chedraui,carnes-pescados-y-mariscos,,Chorizo de Cerdo Oaxaca DCCA por Kg,3838418,,109.00,https://www.chedraui.com.mx/chorizo-de-cerdo-oaxaca-dcca-por-kg-3838418/p
2026-07-07 21:37:35,Chedraui,carnes-pescados-y-mariscos,,Nugget de Pollo Natural Freskecito por kg,3102540,97.50,74.90,https://www.chedraui.com.mx/nugget-de-pollo-natural-freskecito-por-kg-3102540/p
2026-07-07 21:37:35,Chedraui,carnes-pescados-y-mariscos,,Cecina Extrafina Bachoco Parrilleros 480g,3618059,,164.00,https://www.chedraui.com.mx/cecina-extrafina-bachoco-parrilleros-480g-3618059/p
2026-07-07 21:37:35,Chedraui,carnes-pescados-y-mariscos,,Milanesas Con Pollo del Día Empanizadas 450g,3315898,,48.00,https://www.chedraui.com.mx/milanesas-con-pollo-del-dia-empanizadas-450g-3315898/p
2026-07-07 21:37:35,Chedraui,carnes-pescados-y-mariscos,,Pierna de Pollo Light por Kg,3161266,,102.00,https://www.chedraui.com.mx/pierna-de-pollo-light-por-kg-3161266/p
2026-07-07 21:37:49,Chedraui,carnes-pescados-y-mariscos,,Pechuga Marinada a la Parrilla por Kg,3821664,,154.00,https://www.chedraui.com.mx/pechuga-marinada-a-la-parrilla-por-kg-3821664/p
2026-07-07 21:37:49,Chedraui,carnes-pescados-y-mariscos,,Pierna de Cerdo con Hueso Fresca Kg,3102743,,114.00,https://www.chedraui.com.mx/pierna-de-cerdo-con-hueso-fresca-kg-3102743/p
2026-07-07 21:37:49,Chedraui,carnes-pescados-y-mariscos,,Atún Sakudori Netmar kg,3010472,389.00,319.00,https://www.chedraui.com.mx/atun-sakudori-netmar-kg-3010472/p
2026-07-07 21:37:49,Chedraui,carnes-pescados-y-mariscos,,Boneless de Pollo Sabor Natural Freskecito Kg,3639962,158.00,126.00,https://www.chedraui.com.mx/boneless-de-pollo-sabor-natural-freskecito-kg-3639962/p
2026-07-07 21:37:49,Chedraui,carnes-pescados-y-mariscos,,Chicharrón Hoja Cerdo por kg,3102702,,208.00,https://www.chedraui.com.mx/chicharron-hoja-cerdo-por-kg-3102702/p
2026-07-07 21:37:49,Chedraui,carnes-pescados-y-mariscos,,Molleja de Pollo kg,3109871,,69.00,https://www.chedraui.com.mx/molleja-de-pollo-kg-3109871/p
2026-07-07 21:37:49,Chedraui,carnes-pescados-y-mariscos,,Pechuga de Pollo con Hueso Anatómico Fresco por Kg,3109876,,151.00,https://www.chedraui.com.mx/pechuga-de-pollo-con-hueso-anatomico-fresco-por-kg-3109876/p
2026-07-07 21:37:49,Chedraui,carnes-pescados-y-mariscos,,Flecha para Asar de Res por kg,3102612,,179.00,https://www.chedraui.com.mx/flecha-para-asar-de-res-por-kg-3102612/p
2026-07-07 21:37:49,Chedraui,carnes-pescados-y-mariscos,,Cortadillo de Res por kg,3102639,,274.00,https://www.chedraui.com.mx/cortadillo-de-res-por-kg-3102639/p
2026-07-07 21:37:49,Chedraui,carnes-pescados-y-mariscos,,Bistec de Res kg,3102630,,249.00,https://www.chedraui.com.mx/bistec-de-res-kg-3102630/p
2026-07-07 21:37:49,Chedraui,carnes-pescados-y-mariscos,,Arrachera Natural Cerdo Nutrí Carne 450g,3605055,,52.00,https://www.chedraui.com.mx/arrachera-natural-cerdo-nutri-carne-450g-3605055/p
2026-07-07 21:37:49,Chedraui,carnes-pescados-y-mariscos,,Cuete Trozos Res por Kg,3102641,,224.00,https://www.chedraui.com.mx/cuete-trozos-res-por-kg-3102641/p
2026-07-07 21:37:49,Chedraui,carnes-pescados-y-mariscos,,Filete Tampiqueña Res kg,3102645,,574.00,https://www.chedraui.com.mx/filete-tampiquena-res-kg-3102645/p
2026-07-07 21:37:49,Chedraui,carnes-pescados-y-mariscos,,Milanesa Aires de Campo de Pechuga de Pollo Orgánico kg,3315892,,432.00,https://www.chedraui.com.mx/milanesa-aires-de-campo-de-pechuga-de-pollo-organico-kg-3315892/p
2026-07-07 21:37:49,Chedraui,carnes-pescados-y-mariscos,,Pechuga Aires de Campo de Pollo Entera Orgánico kg,3525427,,329.00,https://www.chedraui.com.mx/pechuga-aires-de-campo-de-pollo-entera-organico-kg-3525427/p
2026-07-07 21:37:49,Chedraui,carnes-pescados-y-mariscos,,Basa en Trozo para Caldo por Kg,3273634,95.00,85.00,https://www.chedraui.com.mx/basa-en-trozo-para-caldo-por-kg-3273634/p
2026-07-07 21:38:02,Chedraui,carnes-pescados-y-mariscos,,Filete Res kg,3102644,,564.00,https://www.chedraui.com.mx/filete-res-kg-3102644/p
2026-07-07 21:38:02,Chedraui,carnes-pescados-y-mariscos,,Chorizo Toluca Rojo Dcca kg,3268004,,107.00,https://www.chedraui.com.mx/chorizo-toluca-rojo-dcca-kg-3268004/p
2026-07-07 21:38:02,Chedraui,carnes-pescados-y-mariscos,,Salmón Natural Sin Piel Sierra Madre 500g,3709058,,319.00,https://www.chedraui.com.mx/salmon-natural-sin-piel-sierra-madre-500g-3709058/p
2026-07-07 21:38:02,Chedraui,carnes-pescados-y-mariscos,,Longaniza Cerdo At por kg,3360024,,104.00,https://www.chedraui.com.mx/longaniza-cerdo-at-por-kg-3360024/p
2026-07-07 21:38:02,Chedraui,carnes-pescados-y-mariscos,,Cortadillo Cerdo por kg,3102746,,134.00,https://www.chedraui.com.mx/cortadillo-cerdo-por-kg-3102746/p
2026-07-07 21:38:02,Chedraui,carnes-pescados-y-mariscos,,Chuleta Ahumada de Pavo por Kg,3102556,,120.00,https://www.chedraui.com.mx/chuleta-ahumada-de-pavo-por-kg-3102556/p
2026-07-07 21:38:02,Chedraui,carnes-pescados-y-mariscos,,Pechuga de Pollo Del Día Rellena de Queso y Brocoli 490g,3865618,,71.00,https://www.chedraui.com.mx/pechuga-de-pollo-del-dia-rellena-de-queso-y-brocoli-490g-3865618/p
2026-07-07 21:38:02,Chedraui,carnes-pescados-y-mariscos,,Milanesa de Res High Choice por kg,3598295,,379.00,https://www.chedraui.com.mx/milanesa-de-res-high-choice-por-kg-3598295/p
2026-07-07 21:38:02,Chedraui,carnes-pescados-y-mariscos,,Muslo Aires de Campo de Pollo Orgánico kg,3315894,,184.00,https://www.chedraui.com.mx/muslo-aires-de-campo-de-pollo-organico-kg-3315894/p
2026-07-07 21:38:02,Chedraui,carnes-pescados-y-mariscos,,Milanesa Bola de Res Ternera Kg,3794434,,262.00,https://www.chedraui.com.mx/milanesa-bola-de-res-ternera-kg-3794434/p
2026-07-07 21:38:02,Chedraui,carnes-pescados-y-mariscos,,Hamburguesas de Pollo del Día Empanizadas 500g,3109499,61.00,50.00,https://www.chedraui.com.mx/hamburguesas-de-pollo-del-dia-empanizadas-500g-3109499/p
2026-07-07 21:38:02,Chedraui,carnes-pescados-y-mariscos,,Menudo Panza de Res kg,3102587,109.00,108.00,https://www.chedraui.com.mx/menudo-panza-de-res-kg-3102587/p
2026-07-07 21:38:02,Chedraui,carnes-pescados-y-mariscos,,Pechugas Rellenas Del Día 490g,3208067,,78.00,https://www.chedraui.com.mx/pechugas-rellenas-del-dia-490g-3208067/p
2026-07-07 21:38:02,Chedraui,carnes-pescados-y-mariscos,,Filetes con Pollo Del Día Empanizados 500g,3101161,,48.00,https://www.chedraui.com.mx/filetes-con-pollo-del-dia-empanizados-500g-3101161/p
2026-07-07 21:38:02,Chedraui,carnes-pescados-y-mariscos,,Res Deshebrada Prácticos Bachoco 280g,3568098,,129.00,https://www.chedraui.com.mx/res-deshebrada-practicos-bachoco-280g-3568098/p
2026-07-07 21:38:02,Chedraui,carnes-pescados-y-mariscos,,Tender Empanizado Freskecito kg,3102546,99.90,79.90,https://www.chedraui.com.mx/tender-empanizado-freskecito-kg-3102546/p
2026-07-07 21:38:16,Chedraui,carnes-pescados-y-mariscos,,Aguja Larga de Res para Asar por kg,3220050,,239.00,https://www.chedraui.com.mx/aguja-larga-de-res-para-asar-por-kg-3220050/p
2026-07-07 21:38:16,Chedraui,carnes-pescados-y-mariscos,,Pata Picada Cocida Res por kg,3102589,,59.00,https://www.chedraui.com.mx/pata-picada-cocida-res-por-kg-3102589/p
2026-07-07 21:38:16,Chedraui,carnes-pescados-y-mariscos,,Bistec de Hígado por kg,3102584,,62.00,https://www.chedraui.com.mx/bistec-de-higado-por-kg-3102584/p
2026-07-07 21:38:16,Chedraui,carnes-pescados-y-mariscos,,Mojarra Tilapia Fresca por Kg,3010237,,120.00,https://www.chedraui.com.mx/mojarra-tilapia-fresca-por-kg-3010237/p
2026-07-07 21:38:16,Chedraui,carnes-pescados-y-mariscos,,Camaron Delamar Empanizado Coco 260g,3843535,,99.00,https://www.chedraui.com.mx/camaron-delamar-empanizado-coco-260g-3843535/p
2026-07-07 21:38:16,Chedraui,carnes-pescados-y-mariscos,,Molida Especial Sukarne Mezquite 400g,3636837,,64.00,https://www.chedraui.com.mx/molida-especial-sukarne-mezquite-400g-3636837/p
2026-07-07 21:38:16,Chedraui,carnes-pescados-y-mariscos,,Camaron Delamar Empanizado Mariposa 260g,3843536,,99.00,https://www.chedraui.com.mx/camaron-delamar-empanizado-mariposa-260g-3843536/p
2026-07-07 21:38:16,Chedraui,carnes-pescados-y-mariscos,,Barritas con Pescado Empanizado Ricamar 500g,3682064,,69.00,https://www.chedraui.com.mx/barritas-con-pescado-empanizado-ricamar-500g-3682064/p
2026-07-07 21:38:16,Chedraui,carnes-pescados-y-mariscos,,Palomitas de Pollo Prácticos Bachoco 500g,3755343,,48.00,https://www.chedraui.com.mx/palomitas-de-pollo-practicos-bachoco-500g-3755343/p
2026-07-07 21:38:16,Chedraui,carnes-pescados-y-mariscos,,Milanesas de Pollo Prácticos Bachoco 500g,3755346,,48.00,https://www.chedraui.com.mx/milanesas-de-pollo-practicos-bachoco-500g-3755346/p
2026-07-07 21:38:16,Chedraui,carnes-pescados-y-mariscos,,Papa Gajo por kg,3646724,69.90,65.90,https://www.chedraui.com.mx/papa-gajo-por-kg-3646724/p
2026-07-07 21:38:16,Chedraui,carnes-pescados-y-mariscos,,Fajitas Crio de Pollo kg,3655150,,112.00,https://www.chedraui.com.mx/fajitas-crio-de-pollo-kg-3655150/p
2026-07-07 21:38:16,Chedraui,carnes-pescados-y-mariscos,,Bistec de Res Super Suave por Kg,3807153,,189.00,https://www.chedraui.com.mx/bistec-de-res-super-suave-por-kg-3807153/p
2026-07-07 21:38:16,Chedraui,carnes-pescados-y-mariscos,,Filete de Pescado Empanizado Multigrano Sierra Madre 500g,3617801,,112.00,https://www.chedraui.com.mx/filete-de-pescado-empanizado-multigrano-sierra-madre-500g-3617801/p
2026-07-07 21:38:16,Chedraui,carnes-pescados-y-mariscos,,Hamburguesa Estrella de Res por kg,3102593,,54.00,https://www.chedraui.com.mx/hamburguesa-estrella-de-res-por-kg-3102593/p
2026-07-07 21:38:16,Chedraui,carnes-pescados-y-mariscos,,Pechuga Deshebrada de Pollo Alco 300g,3819933,,76.00,https://www.chedraui.com.mx/pechuga-deshebrada-de-pollo-alco-300g-3819933/p
2026-07-07 21:38:31,Chedraui,carnes-pescados-y-mariscos,,Mojarra Tilapia Congelada por Kg,3010241,102.00,68.00,https://www.chedraui.com.mx/mojarra-tilapia-congelada-por-kg-3010241/p
2026-07-07 21:38:31,Chedraui,carnes-pescados-y-mariscos,,Pork Belly Cerdo por kg,3668827,,199.00,https://www.chedraui.com.mx/pork-belly-cerdo-por-kg-3668827/p
2026-07-07 21:38:31,Chedraui,carnes-pescados-y-mariscos,,Rabadilla y Huacal de Pollo por Kg,3109885,49.90,29.90,https://www.chedraui.com.mx/rabadilla-y-huacal-de-pollo-por-kg-3109885/p
2026-07-07 21:38:31,Chedraui,carnes-pescados-y-mariscos,,Longaniza Cerdo Var por kg,3102724,,104.00,https://www.chedraui.com.mx/longaniza-cerdo-var-por-kg-3102724/p
2026-07-07 21:38:31,Chedraui,carnes-pescados-y-mariscos,,Pechuga Rellena a la Poblana Del Día 470g,3799303,,80.00,https://www.chedraui.com.mx/pechuga-rellena-a-la-poblana-del-dia-470g-3799303/p
2026-07-07 21:38:31,Chedraui,carnes-pescados-y-mariscos,,Chuleta Ahumada de Cerdo Kg,3229835,129.00,109.00,https://www.chedraui.com.mx/chuleta-ahumada-de-cerdo-kg-3229835/p
2026-07-07 21:38:31,Chedraui,carnes-pescados-y-mariscos,,Nuggets Del Día Empanizados 450g,3788579,70.00,59.00,https://www.chedraui.com.mx/nuggets-del-dia-empanizados-450g-3788579/p
2026-07-07 21:38:31,Chedraui,carnes-pescados-y-mariscos,,Molida de Res Ternera Kg,3794436,,254.00,https://www.chedraui.com.mx/molida-de-res-ternera-kg-3794436/p
2026-07-07 21:38:31,Chedraui,carnes-pescados-y-mariscos,,Carne molida de Res Verdes Motivos 350g,3557363,,188.00,https://www.chedraui.com.mx/carne-molida-de-res-verdes-motivos-350g-3557363/p
2026-07-07 21:38:31,Chedraui,carnes-pescados-y-mariscos,,Albóndigas de carne Prácticos Bachoco 470g,3568099,,109.00,https://www.chedraui.com.mx/albondigas-de-carne-practicos-bachoco-470g-3568099/p
2026-07-07 21:38:31,Chedraui,carnes-pescados-y-mariscos,,Arrachera Choice Res por kg,3640322,,599.00,https://www.chedraui.com.mx/arrachera-choice-res-por-kg-3640322/p
2026-07-07 21:38:31,Chedraui,carnes-pescados-y-mariscos,,Camarón Don Chiapas Pacotilla 454g,3682062,,169.00,https://www.chedraui.com.mx/camaron-don-chiapas-pacotilla-454g-3682062/p
2026-07-07 21:38:31,Chedraui,carnes-pescados-y-mariscos,,Carne al Pastor de Cerdo por kg,3355638,,132.00,https://www.chedraui.com.mx/carne-al-pastor-de-cerdo-por-kg-3355638/p
2026-07-07 21:38:31,Chedraui,carnes-pescados-y-mariscos,,Filete de Pescado al Ajillo Sierra Madre 500g,3010427,,112.00,https://www.chedraui.com.mx/filete-de-pescado-al-ajillo-sierra-madre-500g-3010427/p
2026-07-07 21:38:31,Chedraui,carnes-pescados-y-mariscos,,Hamburguesas de Pollo Prácticos Bachoco 500g,3755345,,48.00,https://www.chedraui.com.mx/hamburguesas-de-pollo-practicos-bachoco-500g-3755345/p
2026-07-07 21:38:31,Chedraui,carnes-pescados-y-mariscos,,Chicharrón Hoja de Cerdo Mon por kg,3102708,,208.00,https://www.chedraui.com.mx/chicharron-hoja-de-cerdo-mon-por-kg-3102708/p
2026-07-07 21:38:45,Chedraui,carnes-pescados-y-mariscos,,Chistorra RC kg,3679226,,107.00,https://www.chedraui.com.mx/chistorra-rc-kg-3679226/p
2026-07-07 21:38:45,Chedraui,carnes-pescados-y-mariscos,,Figuritas de Pescadito Empanizado kg,3165339,,132.00,https://www.chedraui.com.mx/figuritas-de-pescadito-empanizado-kg-3165339/p
2026-07-07 21:38:45,Chedraui,carnes-pescados-y-mariscos,,Chuleta de Diezmillo de Res para Asar por kg,3102605,,239.00,https://www.chedraui.com.mx/chuleta-de-diezmillo-de-res-para-asar-por-kg-3102605/p
2026-07-07 21:38:45,Chedraui,carnes-pescados-y-mariscos,,Machaca Chata de Res 99g,3627676,,122.00,https://www.chedraui.com.mx/machaca-chata-de-res-99g-3627676/p
2026-07-07 21:38:45,Chedraui,carnes-pescados-y-mariscos,,Cecina de Cerdo Enchilada Parrilleros Bachoco 480 g,3618056,,99.00,https://www.chedraui.com.mx/cecina-de-cerdo-enchilada-parrilleros-bachoco-480-g-3618056/p
2026-07-07 21:38:45,Chedraui,carnes-pescados-y-mariscos,,Asado Tiras Estabulado Res kg,3102599,,239.00,https://www.chedraui.com.mx/asado-tiras-estabulado-res-kg-3102599/p
2026-07-07 21:38:45,Chedraui,carnes-pescados-y-mariscos,,Fajita de Res High Choice kg,3598294,,379.00,https://www.chedraui.com.mx/fajita-de-res-high-choice-kg-3598294/p
2026-07-07 21:38:45,Chedraui,carnes-pescados-y-mariscos,,Chorizo Argentino DCC kg,3445911,,114.00,https://www.chedraui.com.mx/chorizo-argentino-dcc-kg-3445911/p
2026-07-07 21:38:45,Chedraui,carnes-pescados-y-mariscos,,Milanesa Empanizada Freskecito kg,3284782,99.90,79.90,https://www.chedraui.com.mx/milanesa-empanizada-freskecito-kg-3284782/p
2026-07-07 21:38:45,Chedraui,carnes-pescados-y-mariscos,,Chorizo Bonn carne Cerdo por kg,3109864,,107.00,https://www.chedraui.com.mx/chorizo-bonn-carne-cerdo-por-kg-3109864/p
2026-07-07 21:38:45,Chedraui,carnes-pescados-y-mariscos,,Chicharrón Chile Limón,3645532,32.00,25.00,https://www.chedraui.com.mx/chicharron-chile-limon-3645532/p
2026-07-07 21:38:45,Chedraui,carnes-pescados-y-mariscos,,Filete de Cerdo kg,3372598,,144.00,https://www.chedraui.com.mx/filete-de-cerdo-kg-3372598/p
2026-07-07 21:38:45,Chedraui,carnes-pescados-y-mariscos,,Pierna y Muslo Anatómico Fresca de Pollo kg,3109884,,91.00,https://www.chedraui.com.mx/pierna-y-muslo-anatomico-fresca-de-pollo-kg-3109884/p
2026-07-07 21:38:45,Chedraui,carnes-pescados-y-mariscos,,New York Sta Rita Res kg,3285473,,379.00,https://www.chedraui.com.mx/new-york-sta-rita-res-kg-3285473/p
2026-07-07 21:38:45,Chedraui,carnes-pescados-y-mariscos,,Rib Eye de Res Santa Rita kg,3285476,,419.00,https://www.chedraui.com.mx/rib-eye-de-res-santa-rita-kg-3285476/p
2026-07-07 21:38:45,Chedraui,carnes-pescados-y-mariscos,,Chorizo Argentino Mon por kg,3407411,,118.00,https://www.chedraui.com.mx/chorizo-argentino-mon-por-kg-3407411/p
2026-07-07 21:38:58,Chedraui,carnes-pescados-y-mariscos,,Filete de Huachinango Estrella de Altamar 454g,3678972,219.00,186.15,https://www.chedraui.com.mx/filete-de-huachinango-estrella-de-altamar-454g-3678972/p
2026-07-07 21:38:58,Chedraui,carnes-pescados-y-mariscos,,Tira de Res Diezmillo para Asado Sonora kg,3301741,,429.00,https://www.chedraui.com.mx/tira-de-res-diezmillo-para-asado-sonora-kg-3301741/p
2026-07-07 21:38:58,Chedraui,carnes-pescados-y-mariscos,,Escalopas Filete Estabulado Res kg,3102646,,614.00,https://www.chedraui.com.mx/escalopas-filete-estabulado-res-kg-3102646/p
2026-07-07 21:38:58,Chedraui,carnes-pescados-y-mariscos,,Rellena de Cerdo Mon por kg,3102732,,57.00,https://www.chedraui.com.mx/rellena-de-cerdo-mon-por-kg-3102732/p
2026-07-07 21:38:58,Chedraui,carnes-pescados-y-mariscos,,Filetitos de Pollo Prácticos Bachoco 500g,3755344,,48.00,https://www.chedraui.com.mx/filetitos-de-pollo-practicos-bachoco-500g-3755344/p
2026-07-07 21:38:58,Chedraui,carnes-pescados-y-mariscos,,Trompo al Pastor kg,3364708,,144.00,https://www.chedraui.com.mx/trompo-al-pastor-kg-3364708/p
2026-07-07 21:38:58,Chedraui,carnes-pescados-y-mariscos,,Pierna con Muslo Aires de Campo de Pollo Orgánico kg,3611109,,225.00,https://www.chedraui.com.mx/pierna-con-muslo-aires-de-campo-de-pollo-organico-kg-3611109/p
2026-07-07 21:38:58,Chedraui,carnes-pescados-y-mariscos,,Pechuga Bachoco a la Leña Kg,3211973,,183.00,https://www.chedraui.com.mx/pechuga-bachoco-a-la-lena-kg-3211973/p
2026-07-07 21:38:58,Chedraui,carnes-pescados-y-mariscos,,Sirloin de Res Sonora kg,3301740,,479.00,https://www.chedraui.com.mx/sirloin-de-res-sonora-kg-3301740/p
2026-07-07 21:38:58,Chedraui,carnes-pescados-y-mariscos,,Pechuga Marinada Finas Hierbas Fresco Crio,3299854,,144.00,https://www.chedraui.com.mx/pechuga-marinada-finas-hierbas-fresco-crio-3299854/p
2026-07-07 21:38:58,Chedraui,carnes-pescados-y-mariscos,,Tentáculos de Calamar kg,3010758,,189.00,https://www.chedraui.com.mx/tentaculos-de-calamar-kg-3010758/p
2026-07-07 21:38:58,Chedraui,carnes-pescados-y-mariscos,,Vacío de res por kg,3458685,,239.00,https://www.chedraui.com.mx/vacio-de-res-por-kg-3458685/p
2026-07-07 21:38:58,Chedraui,carnes-pescados-y-mariscos,,Pechuga Anatómica de Pollo Congelada kg,3268366,,88.00,https://www.chedraui.com.mx/pechuga-anatomica-de-pollo-congelada-kg-3268366/p
2026-07-07 21:38:58,Chedraui,carnes-pescados-y-mariscos,,Pierna Horneada Cerdo kg,3102731,,125.00,https://www.chedraui.com.mx/pierna-horneada-cerdo-kg-3102731/p
2026-07-07 21:38:58,Chedraui,carnes-pescados-y-mariscos,,Picaña Choice Res Argentina por kg,3640470,,529.00,https://www.chedraui.com.mx/picana-choice-res-argentina-por-kg-3640470/p
2026-07-07 21:38:58,Chedraui,carnes-pescados-y-mariscos,,Pulpo por kg,3010751,,324.00,https://www.chedraui.com.mx/pulpo-por-kg-3010751/p
2026-07-07 21:39:10,Chedraui,carnes-pescados-y-mariscos,,Molida Aires de Campo de Pollo Orgánico kg,3668039,,239.00,https://www.chedraui.com.mx/molida-aires-de-campo-de-pollo-organico-kg-3668039/p
2026-07-07 21:39:10,Chedraui,carnes-pescados-y-mariscos,,Filete de Robalo Estrella de Altamar 454g,3678971,219.00,186.15,https://www.chedraui.com.mx/filete-de-robalo-estrella-de-altamar-454g-3678971/p
2026-07-07 21:39:10,Chedraui,carnes-pescados-y-mariscos,,Palomitas de Pollo del Día 500g,3171413,59.00,48.00,https://www.chedraui.com.mx/palomitas-de-pollo-del-dia-500g-3171413/p
2026-07-07 21:39:10,Chedraui,carnes-pescados-y-mariscos,,Camarón Pacotilla Selecto kg,3251858,,399.00,https://www.chedraui.com.mx/camaron-pacotilla-selecto-kg-3251858/p
2026-07-07 21:39:10,Chedraui,carnes-pescados-y-mariscos,,Costilla Baby Supremo Cerdo por kg,3595262,,175.00,https://www.chedraui.com.mx/costilla-baby-supremo-cerdo-por-kg-3595262/p
2026-07-07 21:39:10,Chedraui,carnes-pescados-y-mariscos,,Carne de Cerdo Tipo Trompo Mi Granja San Agustín 500g,3284575,,74.00,https://www.chedraui.com.mx/carne-de-cerdo-tipo-trompo-mi-granja-san-agustin-500g-3284575/p
2026-07-07 21:39:10,Chedraui,carnes-pescados-y-mariscos,,Chorizo Argentino RC DCC kg,3676450,,137.00,https://www.chedraui.com.mx/chorizo-argentino-rc-dcc-kg-3676450/p
2026-07-07 21:39:10,Chedraui,carnes-pescados-y-mariscos,,Medallones de Atún Sierra Madre 500g,3648442,,235.00,https://www.chedraui.com.mx/medallones-de-atun-sierra-madre-500g-3648442/p
2026-07-07 21:39:10,Chedraui,carnes-pescados-y-mariscos,,Pulpo Cocido Capitán 500g,3853066,,265.00,https://www.chedraui.com.mx/pulpo-cocido-capitan-500g-3853066/p
2026-07-07 21:39:10,Chedraui,carnes-pescados-y-mariscos,,Filete de Robalo Congelado Sierra Madre 500g,3768914,,329.00,https://www.chedraui.com.mx/filete-de-robalo-congelado-sierra-madre-500g-3768914/p
2026-07-07 21:39:10,Chedraui,carnes-pescados-y-mariscos,,Bife Ancho Angus Argentino de Res Kg,3609661,,719.00,https://www.chedraui.com.mx/bife-ancho-angus-argentino-de-res-kg-3609661/p
2026-07-07 21:39:10,Chedraui,carnes-pescados-y-mariscos,,Milanesa Asada de Finas Hierbas a Base de Vegetales Notco 385g,3803526,,152.00,https://www.chedraui.com.mx/milanesa-asada-de-finas-hierbas-a-base-de-vegetales-notco-385g-3803526/p
2026-07-07 21:39:10,Chedraui,carnes-pescados-y-mariscos,,Camaron Pelado Kg,3010639,,349.00,https://www.chedraui.com.mx/camaron-pelado-kg-3010639/p
2026-07-07 21:39:10,Chedraui,carnes-pescados-y-mariscos,,Rib Eye de Cerdo por kg,3534411,,174.00,https://www.chedraui.com.mx/rib-eye-de-cerdo-por-kg-3534411/p
2026-07-07 21:39:10,Chedraui,carnes-pescados-y-mariscos,,Chistorra de Cerdo 500g,3710580,,98.00,https://www.chedraui.com.mx/chistorra-de-cerdo-500g-3710580/p
2026-07-07 21:39:10,Chedraui,carnes-pescados-y-mariscos,,Chicharrón Hoja Cerdo Ag kg,3102705,,208.00,https://www.chedraui.com.mx/chicharron-hoja-cerdo-ag-kg-3102705/p
2026-07-07 21:39:23,Chedraui,carnes-pescados-y-mariscos,,Boquerón Seco 130g,3402713,,23.00,https://www.chedraui.com.mx/boqueron-seco-130g-3402713/p
2026-07-07 21:39:23,Chedraui,carnes-pescados-y-mariscos,,Panza Cocida de Res por kg,3102586,,99.90,https://www.chedraui.com.mx/panza-cocida-de-res-por-kg-3102586/p
2026-07-07 21:39:23,Chedraui,carnes-pescados-y-mariscos,,Pollo Nutrypollo Entero kg,3670017,,59.00,https://www.chedraui.com.mx/pollo-nutrypollo-entero-kg-3670017/p
2026-07-07 21:39:23,Chedraui,carnes-pescados-y-mariscos,,Carnes de Res para Asar SuKarne 500g,3881495,,139.00,https://www.chedraui.com.mx/carnes-de-res-para-asar-sukarne-500g-3881495/p
2026-07-07 21:39:23,Chedraui,carnes-pescados-y-mariscos,,Carne para Deshebrar Verdes Motivos 450g,3557362,,168.00,https://www.chedraui.com.mx/carne-para-deshebrar-verdes-motivos-450g-3557362/p
2026-07-07 21:39:23,Chedraui,carnes-pescados-y-mariscos,,Brocheta Cerdo por kg,3102744,,134.00,https://www.chedraui.com.mx/brocheta-cerdo-por-kg-3102744/p
2026-07-07 21:39:23,Chedraui,carnes-pescados-y-mariscos,,Chicharrón Botanero DCC por kg,3499220,,192.00,https://www.chedraui.com.mx/chicharron-botanero-dcc-por-kg-3499220/p
2026-07-07 21:39:23,Chedraui,carnes-pescados-y-mariscos,,Filete de Pescado Capeado Ricamar 500g,3682065,,102.00,https://www.chedraui.com.mx/filete-de-pescado-capeado-ricamar-500g-3682065/p
2026-07-07 21:39:23,Chedraui,carnes-pescados-y-mariscos,,Molida de Pollo Libre Pastoreo 350g,3645212,,99.00,https://www.chedraui.com.mx/molida-de-pollo-libre-pastoreo-350g-3645212/p
2026-07-07 21:39:23,Chedraui,carnes-pescados-y-mariscos,,Palomitas de Pollo Del Día Rellenas de Queso y Jalapeño 500g,3865614,,61.00,https://www.chedraui.com.mx/palomitas-de-pollo-del-dia-rellenas-de-queso-y-jalapeno-500g-3865614/p
2026-07-07 21:39:23,Chedraui,carnes-pescados-y-mariscos,,Filete de Pescado Sierra Madre Barbero Natural 500g,3252150,,96.00,https://www.chedraui.com.mx/filete-de-pescado-sierra-madre-barbero-natural-500g-3252150/p
2026-07-07 21:39:23,Chedraui,carnes-pescados-y-mariscos,,Chuleta de Cerdo Ahumada Prácticos Bachoco,3102720,,197.00,https://www.chedraui.com.mx/chuleta-ahumada-cerdo-practi-rico-por-kg-3102720/p
2026-07-07 21:39:23,Chedraui,carnes-pescados-y-mariscos,,Bistec de Res Picado SuKarne 500g,3881494,,137.00,https://www.chedraui.com.mx/bistec-de-res-picado-sukarne-500g-3881494/p
2026-07-07 21:39:23,Chedraui,carnes-pescados-y-mariscos,,Pavo Entero Natural Butterball Kg,3102548,108.00,29.90,https://www.chedraui.com.mx/pavo-entero-natural-butterball-kg-3102548/p
2026-07-07 21:39:23,Chedraui,carnes-pescados-y-mariscos,,Filete de Huachinango Selecto Kg,3749569,,539.00,https://www.chedraui.com.mx/filete-de-huachinango-selecto-kg-3749569/p
2026-07-07 21:39:23,Chedraui,carnes-pescados-y-mariscos,,Carne Enchilada Cerdo Ag kg,3102696,,162.00,https://www.chedraui.com.mx/carne-enchilada-cerdo-ag-kg-3102696/p
2026-07-07 21:39:38,Chedraui,carnes-pescados-y-mariscos,,Chicharrón Hoja Cerdo DCC kg,3487364,,208.00,https://www.chedraui.com.mx/chicharron-hoja-cerdo-dcc-kg-3487364/p
2026-07-07 21:39:38,Chedraui,carnes-pescados-y-mariscos,,Camarones Empanizados con Coco Rallado Ricamar 500g,3683026,,249.00,https://www.chedraui.com.mx/camarones-empanizados-con-coco-rallado-ricamar-500g-3683026/p
2026-07-07 21:39:38,Chedraui,carnes-pescados-y-mariscos,,Nugget Estrella de Pollo The Farm Food kg,3281344,,94.00,https://www.chedraui.com.mx/nugget-estrella-de-pollo-the-farm-food-kg-3281344/p
2026-07-07 21:39:38,Chedraui,carnes-pescados-y-mariscos,,Deshebrada de Res Ternera Kg,3794435,,259.00,https://www.chedraui.com.mx/deshebrada-de-res-ternera-kg-3794435/p
2026-07-07 21:39:38,Chedraui,carnes-pescados-y-mariscos,,Cecina Enchilada Cerdo Nutrí Carne 450g,3605052,,52.00,https://www.chedraui.com.mx/cecina-enchilada-cerdo-nutri-carne-450g-3605052/p
2026-07-07 21:39:38,Chedraui,carnes-pescados-y-mariscos,,Pierna Ahumada Pavo Kg,3102557,,149.00,https://www.chedraui.com.mx/pierna-ahumada-pavo-kg-3102557/p
2026-07-07 21:39:38,Chedraui,carnes-pescados-y-mariscos,,Barritas de Pescado Empanizado kg,3010491,,132.00,https://www.chedraui.com.mx/barritas-de-pescado-empanizado-kg-3010491/p
2026-07-07 21:39:38,Chedraui,carnes-pescados-y-mariscos,,Moronga Cerdo kg,3102728,,44.00,https://www.chedraui.com.mx/moronga-cerdo-kg-3102728/p
2026-07-07 21:39:38,Chedraui,carnes-pescados-y-mariscos,,Sabanita de Res Verdes Motivos 400g,3557365,,199.00,https://www.chedraui.com.mx/sabanita-de-res-verdes-motivos-400g-3557365/p
2026-07-07 21:39:38,Chedraui,carnes-pescados-y-mariscos,,Muslo de Pollo Adobado kg,3669721,,70.00,https://www.chedraui.com.mx/muslo-de-pollo-adobado-kg-3669721/p
2026-07-07 21:39:38,Chedraui,carnes-pescados-y-mariscos,,Hamburguesa de Res a la Pimienta kg,3364949,,208.00,https://www.chedraui.com.mx/hamburguesa-de-res-a-la-pimienta-kg-3364949/p
2026-07-07 21:39:38,Chedraui,carnes-pescados-y-mariscos,,Milanesa de Pollo Libre Pastoreo Verdes Motivos 500g,3809081,,159.00,https://www.chedraui.com.mx/milanesa-de-pollo-libre-pastoreo-verdes-motivos-500g-3809081/p
2026-07-07 21:39:38,Chedraui,carnes-pescados-y-mariscos,,Molleja de Res Congelada kg,3402112,,209.00,https://www.chedraui.com.mx/molleja-de-res-congelada-kg-3402112/p
2026-07-07 21:39:38,Chedraui,carnes-pescados-y-mariscos,,Filete de Pescado Basa Neptuno 600g,3010411,,129.00,https://www.chedraui.com.mx/filete-de-pescado-basa-neptuno-600g-3010411/p
2026-07-07 21:39:38,Chedraui,carnes-pescados-y-mariscos,,Filete de Mero Estrella de Altamar 454g,3678970,219.00,186.15,https://www.chedraui.com.mx/filete-de-mero-estrella-de-altamar-454g-3678970/p
2026-07-07 21:39:38,Chedraui,carnes-pescados-y-mariscos,,Sirloin Estabulado Res por kg,3102675,,297.00,https://www.chedraui.com.mx/sirloin-estabulado-res-por-kg-3102675/p
2026-07-07 21:39:51,Chedraui,carnes-pescados-y-mariscos,,Sirloin Choice Res por kg,3640321,,539.00,https://www.chedraui.com.mx/sirloin-choice-res-por-kg-3640321/p
2026-07-07 21:39:51,Chedraui,carnes-pescados-y-mariscos,,Figuritas con Pescado Empanizado Ricamar 500g,3682063,,78.00,https://www.chedraui.com.mx/figuritas-con-pescado-empanizado-ricamar-500g-3682063/p
2026-07-07 21:39:51,Chedraui,carnes-pescados-y-mariscos,,Surimi Capitán 500g,3682061,,88.00,https://www.chedraui.com.mx/surimi-capitan-500g-3682061/p
2026-07-07 21:39:51,Chedraui,carnes-pescados-y-mariscos,,Pierna Muslo de Pollo Corte Americano por kg,3332535,,49.90,https://www.chedraui.com.mx/pierna-muslo-de-pollo-corte-americano-por-kg-3332535/p
2026-07-07 21:39:51,Chedraui,carnes-pescados-y-mariscos,,Costillar de Cerdo por kg,3458689,,159.00,https://www.chedraui.com.mx/costillar-de-cerdo-por-kg-3458689/p
2026-07-07 21:39:51,Chedraui,carnes-pescados-y-mariscos,,Pechuga Sin Hueso y sin Piel Pilgrim´s Kg,3811418,,170.00,https://www.chedraui.com.mx/pechuga-sin-hueso-y-sin-piel-pilgrims-kg-3811418/p
2026-07-07 21:39:51,Chedraui,carnes-pescados-y-mariscos,,Nugget de Pollo con Queso The Fam Food kg,3102539,,98.00,https://www.chedraui.com.mx/nugget-de-pollo-con-queso-the-fam-food-kg-3102539/p
2026-07-07 21:39:51,Chedraui,carnes-pescados-y-mariscos,,Alambre de Res por kg,3328562,,229.00,https://www.chedraui.com.mx/alambre-de-res-por-kg-3328562/p
2026-07-07 21:39:51,Chedraui,carnes-pescados-y-mariscos,,Longaniza de Cerdo Mon por kg,3199468,,104.00,https://www.chedraui.com.mx/longaniza-de-cerdo-mon-por-kg-3199468/p
2026-07-07 21:39:51,Chedraui,carnes-pescados-y-mariscos,,Chicharrón Placero Cerdo kg,3102707,,334.00,https://www.chedraui.com.mx/chicharron-placero-cerdo-kg-3102707/p
2026-07-07 21:39:51,Chedraui,carnes-pescados-y-mariscos,,Chorizo Verde Cerdo Var por kg,3102716,,107.00,https://www.chedraui.com.mx/chorizo-verde-cerdo-var-por-kg-3102716/p
2026-07-07 21:39:51,Chedraui,carnes-pescados-y-mariscos,,Croquetas con Atún Empanizadas Ricamar 500g,3668132,,89.00,https://www.chedraui.com.mx/croquetas-con-atun-empanizadas-ricamar-500g-3668132/p
2026-07-07 21:39:51,Chedraui,carnes-pescados-y-mariscos,,Steak de Atún Mexicano Aleta Amarilla kg,3719679,389.00,319.00,https://www.chedraui.com.mx/steak-de-atun-mexicano-aleta-amarilla-kg-3719679/p
2026-07-07 21:39:51,Chedraui,carnes-pescados-y-mariscos,,Pechuga de Pollo con Hueso sin Piel Kosher por kg,3302182,342.00,275.00,https://www.chedraui.com.mx/pechuga-de-pollo-con-hueso-sin-piel-kosher-por-kg-3302182/p
2026-07-07 21:39:51,Chedraui,carnes-pescados-y-mariscos,,Hamburguesa de Res Selecto Brand 720g,3896996,,90.00,https://www.chedraui.com.mx/hamburguesa-de-res-selecto-brand-720g-3896996/p
2026-07-07 21:39:51,Chedraui,carnes-pescados-y-mariscos,,Salchichas Aires de Campo de Pollo Orgánico 400g,3458071,,169.00,https://www.chedraui.com.mx/salchichas-aires-de-campo-de-pollo-organico-400g-3458071/p
2026-07-07 21:40:04,Chedraui,carnes-pescados-y-mariscos,,Ojo Ribeye Angus Argentino de Res Kg,3607648,,919.00,https://www.chedraui.com.mx/ojo-ribeye-angus-argentino-de-res-kg-3607648/p
2026-07-07 21:40:04,Chedraui,carnes-pescados-y-mariscos,,Bistec Aguayón con Tapa Res por kg,3102622,,334.00,https://www.chedraui.com.mx/bistec-aguayon-con-tapa-res-por-kg-3102622/p
2026-07-07 21:40:04,Chedraui,carnes-pescados-y-mariscos,,Huachinango por Kg,3010165,,299.00,https://www.chedraui.com.mx/huachinango-por-kg-3010165/p
2026-07-07 21:40:04,Chedraui,carnes-pescados-y-mariscos,,New York de Cerdo Finas Hierbas por kg,3695861,,139.00,https://www.chedraui.com.mx/new-york-de-cerdo-finas-hierbas-por-kg-3695861/p
2026-07-07 21:40:04,Chedraui,carnes-pescados-y-mariscos,,Rollo de Pechuga de Pollo kg,3365583,,149.00,https://www.chedraui.com.mx/rollo-de-pechuga-de-pollo-kg-3365583/p
2026-07-07 21:40:04,Chedraui,carnes-pescados-y-mariscos,,Tender de Pollo Empanizado Kg,3518288,,124.00,https://www.chedraui.com.mx/tender-de-pollo-empanizado-kg-3518288/p
2026-07-07 21:40:04,Chedraui,carnes-pescados-y-mariscos,,Arrachera Marinada de Res Parrilleros Bachoco 480g,3618052,,239.00,https://www.chedraui.com.mx/arrachera-marinada-de-res-parrilleros-bachoco-480g-3618052/p
2026-07-07 21:40:04,Chedraui,carnes-pescados-y-mariscos,,Pata Cruda Res por kg,3102588,,169.00,https://www.chedraui.com.mx/pata-cruda-res-por-kg-3102588/p
2026-07-07 21:40:04,Chedraui,carnes-pescados-y-mariscos,,Boquerón Enchilado 150g,3402711,,36.00,https://www.chedraui.com.mx/boqueron-enchilado-150g-3402711/p
2026-07-07 21:40:04,Chedraui,carnes-pescados-y-mariscos,,Cecina Enchilada Cerdo Istmo por kg,3325095,,162.00,https://www.chedraui.com.mx/cecina-enchilada-cerdo-istmo-por-kg-3325095/p
2026-07-07 21:40:04,Chedraui,carnes-pescados-y-mariscos,,Chispa de Pollo The Farm Food kg,3102536,,99.90,https://www.chedraui.com.mx/chispa-de-pollo-the-farm-food-kg-3102536/p
2026-07-07 21:40:04,Chedraui,carnes-pescados-y-mariscos,,Conejo Entero kg,3102759,,211.00,https://www.chedraui.com.mx/conejo-entero-kg-3102759/p
2026-07-07 21:40:04,Chedraui,carnes-pescados-y-mariscos,,Calamar Loligo California kg,3010736,,299.00,https://www.chedraui.com.mx/calamar-loligo-california-kg-3010736/p
2026-07-07 21:40:04,Chedraui,carnes-pescados-y-mariscos,,Filete de Pescado Lenguado Sierra Madre 1Kg,3280667,,399.00,https://www.chedraui.com.mx/filete-de-pescado-lenguado-sierra-madre-1kg-3280667/p
2026-07-07 21:40:04,Chedraui,carnes-pescados-y-mariscos,,Pulled Pork Tony Roma's 454g,3540681,,186.00,https://www.chedraui.com.mx/pulled-pork-tony-romas-454g-3540681/p
2026-07-07 21:40:04,Chedraui,carnes-pescados-y-mariscos,,Milanesa de Cerdo Pastor Kg,3753299,,142.00,https://www.chedraui.com.mx/milanesa-de-cerdo-pastor-kg-3753299/p
2026-07-07 21:40:16,Chedraui,carnes-pescados-y-mariscos,,Camarón Seco 150g,3402714,,70.00,https://www.chedraui.com.mx/camaron-seco-150g-3402714/p
2026-07-07 21:40:16,Chedraui,carnes-pescados-y-mariscos,,Pechuga de Pollo Corte Americano por Kg,3332533,,96.00,https://www.chedraui.com.mx/pechuga-de-pollo-corte-americano-por-kg-3332533/p
2026-07-07 21:40:16,Chedraui,carnes-pescados-y-mariscos,,Torta de Papa Smiles Caritas McCain por kg,3565992,,129.00,https://www.chedraui.com.mx/torta-de-papa-smiles-caritas-mccain-por-kg-3565992/p
2026-07-07 21:40:16,Chedraui,carnes-pescados-y-mariscos,,Espinazo de Cerdo Pelón por kg,3372597,,44.00,https://www.chedraui.com.mx/espinazo-de-cerdo-pelon-por-kg-3372597/p
2026-07-07 21:40:16,Chedraui,carnes-pescados-y-mariscos,,Falda Res Kosher por kg,3102642,,318.00,https://www.chedraui.com.mx/falda-res-kosher-por-kg-3102642/p
2026-07-07 21:40:16,Chedraui,carnes-pescados-y-mariscos,,Carpaccio Filete Res kg,3595159,,654.00,https://www.chedraui.com.mx/carpaccio-filete-res-kg-3595159/p
2026-07-07 21:40:16,Chedraui,carnes-pescados-y-mariscos,,New York Prime Res por kg,3206406,,1050.00,https://www.chedraui.com.mx/new-york-prime-res-por-kg-3206406/p
2026-07-07 21:40:16,Chedraui,carnes-pescados-y-mariscos,,Alas Pollo Kosher Kg,3260913,,102.00,https://www.chedraui.com.mx/alas-pollo-kosher-kg-3260913/p
2026-07-07 21:40:16,Chedraui,carnes-pescados-y-mariscos,,Hamburguesa Parrillera Sabor Arrachera Bif 678g,3848990,,109.00,https://www.chedraui.com.mx/hamburguesa-parrillera-sabor-arrachera-bif-678g-3848990/p
2026-07-07 21:40:16,Chedraui,carnes-pescados-y-mariscos,,Carne al Pastor Mon por kg,3581307,,144.00,https://www.chedraui.com.mx/carne-al-pastor-mon-por-kg-3581307/p
2026-07-07 21:40:16,Chedraui,carnes-pescados-y-mariscos,,Longaniza Toluca Dcca por kg,3268005,,104.00,https://www.chedraui.com.mx/longaniza-toluca-dcca-por-kg-3268005/p
2026-07-07 21:40:16,Chedraui,carnes-pescados-y-mariscos,,New York de Cerdo kg,3534412,,169.00,https://www.chedraui.com.mx/new-york-de-cerdo-kg-3534412/p
2026-07-07 21:40:16,Chedraui,carnes-pescados-y-mariscos,,Back Ribs Cerdo kg,3651538,,159.00,https://www.chedraui.com.mx/back-ribs-cerdo-kg-3651538/p
2026-07-07 21:40:16,Chedraui,carnes-pescados-y-mariscos,,New York Choice de Res Kg,3640320,,779.00,https://www.chedraui.com.mx/new-york-choice-de-res-kg-3640320/p
2026-07-07 21:40:16,Chedraui,carnes-pescados-y-mariscos,,Filete Choice de Res por Kg,3595474,,1349.00,https://www.chedraui.com.mx/filete-choice-de-res-por-kg-3595474/p
2026-07-07 21:40:16,Chedraui,carnes-pescados-y-mariscos,,Rib Eye Estabulado Res kg,3102669,,399.00,https://www.chedraui.com.mx/rib-eye-estabulado-res-kg-3102669/p
2026-07-07 21:40:31,Chedraui,carnes-pescados-y-mariscos,,Molida de Res Wagyu Punta Espada 500g,3824069,,219.00,https://www.chedraui.com.mx/molida-de-res-wagyu-punta-espada-500g-3824069/p
2026-07-07 21:40:31,Chedraui,carnes-pescados-y-mariscos,,Chorizo Toluco Cerdo Mon por kg,3102715,,107.00,https://www.chedraui.com.mx/chorizo-toluco-cerdo-mon-por-kg-3102715/p
2026-07-07 21:40:31,Chedraui,carnes-pescados-y-mariscos,,Milanesa de Pollo Kg,3889232,,198.00,https://www.chedraui.com.mx/milanesa-de-pollo-kg-3889232/p
2026-07-07 21:40:31,Chedraui,carnes-pescados-y-mariscos,,Colita de Cuadril kg,3458686,,244.00,https://www.chedraui.com.mx/colita-de-cuadril-kg-3458686/p
2026-07-07 21:40:31,Chedraui,carnes-pescados-y-mariscos,,Hamburguesa Verdes Motivos 350g,3618199,,168.00,https://www.chedraui.com.mx/hamburguesa-verdes-motivos-350g-3618199/p
2026-07-07 21:40:31,Chedraui,carnes-pescados-y-mariscos,,Anilla de Calamar kg,3010781,,225.00,https://www.chedraui.com.mx/anilla-de-calamar-kg-3010781/p
2026-07-07 21:40:31,Chedraui,carnes-pescados-y-mariscos,,Sierra Fresca por Kg,3010214,,139.00,https://www.chedraui.com.mx/sierra-fresca-por-kg-3010214/p
2026-07-07 21:40:31,Chedraui,carnes-pescados-y-mariscos,,Croqueta con pescado empanizado porciones kg,3010494,,135.00,https://www.chedraui.com.mx/croqueta-con-pescado-empanizado-porciones-kg-3010494/p
2026-07-07 21:40:31,Chedraui,carnes-pescados-y-mariscos,,Ala Natural Pollo Kg,3109868,,126.00,https://www.chedraui.com.mx/ala-natural-pollo-kg-3109868/p
2026-07-07 21:40:31,Chedraui,carnes-pescados-y-mariscos,,Pierna Cerdo Entera sin Hueso Kg,3537325,,89.90,https://www.chedraui.com.mx/pierna-cerdo-entera-sin-hueso-kg-3537325/p
2026-07-07 21:40:31,Chedraui,carnes-pescados-y-mariscos,,Filete de Robalo Blanco kg,3698737,,550.00,https://www.chedraui.com.mx/filete-de-robalo-blanco-kg-3698737/p
2026-07-07 21:40:31,Chedraui,carnes-pescados-y-mariscos,,Costilla de Cerdo St Louis Altosano Kg,3775905,,198.00,https://www.chedraui.com.mx/costilla-de-cerdo-st-louis-altosano-kg-3775905/p
2026-07-07 21:40:31,Chedraui,carnes-pescados-y-mariscos,,Mariscada Capitán 500g,3702305,,60.00,https://www.chedraui.com.mx/mariscada-capitan-500g-3702305/p
2026-07-07 21:40:31,Chedraui,carnes-pescados-y-mariscos,,Molida Res Kosher por kg,3102657,,336.00,https://www.chedraui.com.mx/molida-res-kosher-por-kg-3102657/p
2026-07-07 21:40:31,Chedraui,carnes-pescados-y-mariscos,,Molida de Res Premium por kg,3532916,,277.00,https://www.chedraui.com.mx/molida-de-res-premium-por-kg-3532916/p
2026-07-07 21:40:31,Chedraui,carnes-pescados-y-mariscos,,Lomo Ahumado de Cerdo kg,3208243,,155.00,https://www.chedraui.com.mx/lomo-ahumado-de-cerdo-kg-3208243/p
2026-07-07 21:40:44,Chedraui,carnes-pescados-y-mariscos,,Bife Chorizo Angus Argentino de Res Kg,3609660,,680.00,https://www.chedraui.com.mx/bife-chorizo-angus-argentino-de-res-kg-3609660/p
2026-07-07 21:40:44,Chedraui,carnes-pescados-y-mariscos,,Pierna Natural Pavo Kg,3102555,,139.00,https://www.chedraui.com.mx/pierna-natural-pavo-kg-3102555/p
2026-07-07 21:40:44,Chedraui,carnes-pescados-y-mariscos,,Milanesa de Res kg,3364705,,229.00,https://www.chedraui.com.mx/milanesa-de-res-kg-3364705/p
2026-07-07 21:40:44,Chedraui,carnes-pescados-y-mariscos,,Chuleta de Cerdo Estilo Ranchero kg,3695864,,119.00,https://www.chedraui.com.mx/chuleta-de-cerdo-estilo-ranchero-kg-3695864/p
2026-07-07 21:40:44,Chedraui,carnes-pescados-y-mariscos,,Filete de Huachinango con Piel Sierra Madre 500g,3768913,,379.00,https://www.chedraui.com.mx/filete-de-huachinango-con-piel-sierra-madre-500g-3768913/p
2026-07-07 21:40:44,Chedraui,carnes-pescados-y-mariscos,,Chorizo de Cerdo E Istmo por kg,3275049,,107.00,https://www.chedraui.com.mx/chorizo-de-cerdo-e-istmo-por-kg-3275049/p
2026-07-07 21:40:44,Chedraui,carnes-pescados-y-mariscos,,Hamburguesa de Pollo The Farm Food kg,3102538,,73.00,https://www.chedraui.com.mx/hamburguesa-de-pollo-the-farm-food-kg-3102538/p
2026-07-07 21:40:44,Chedraui,carnes-pescados-y-mariscos,,Fajita de Ternera kg,3599597,,334.00,https://www.chedraui.com.mx/fajita-de-ternera-kg-3599597/p
2026-07-07 21:40:44,Chedraui,carnes-pescados-y-mariscos,,Hueso Tuétano de Res Parrillero Finas Hierbas Kg,3869615,,130.00,https://www.chedraui.com.mx/hueso-tuetano-de-res-parrillero-finas-hierbas-kg-3869615/p
2026-07-07 21:40:44,Chedraui,carnes-pescados-y-mariscos,,Fajita De Pollo Libre Pastoreo 400g,3645211,,139.00,https://www.chedraui.com.mx/fajita-de-pollo-libre-pastoreo-400g-3645211/p
2026-07-07 21:40:44,Chedraui,carnes-pescados-y-mariscos,,Chorizo Argentino Ag kg,3427959,,139.00,https://www.chedraui.com.mx/chorizo-argentino-ag-kg-3427959/p
2026-07-07 21:40:44,Chedraui,carnes-pescados-y-mariscos,,Pavo Natural Carolina Turkey Kg,3102553,60.01,39.90,https://www.chedraui.com.mx/pavo-natural-carolina-turkey-kg-3102553/p
2026-07-07 21:40:44,Chedraui,carnes-pescados-y-mariscos,,Milanesa de Pollo Kosher por kg,3302183,428.00,299.00,https://www.chedraui.com.mx/milanesa-de-pollo-kosher-por-kg-3302183/p
2026-07-07 21:40:44,Chedraui,carnes-pescados-y-mariscos,,Combinación de Mariscos kg,3010682,129.00,99.00,https://www.chedraui.com.mx/combinacion-de-mariscos-kg-3010682/p
2026-07-07 21:40:44,Chedraui,carnes-pescados-y-mariscos,,T-Bone para Asar Res kg,3102619,,359.00,https://www.chedraui.com.mx/t-bone-para-asar-res-kg-3102619/p
2026-07-07 21:40:44,Chedraui,carnes-pescados-y-mariscos,,Tinta de Sepia de Calamar Pieza,3212645,,15.00,https://www.chedraui.com.mx/tinta-de-sepia-de-calamar-pieza-3212645/p
2026-07-07 21:40:57,Chedraui,carnes-pescados-y-mariscos,,Laminas Pulpa Negra Wagyu Res Cross Kg,3837398,,1299.00,https://www.chedraui.com.mx/laminas-pulpa-negra-wagyu-res-cross-kg-3837398/p
2026-07-07 21:40:57,Chedraui,carnes-pescados-y-mariscos,,Muslo Fresco Pollo Kg,3889234,,102.00,https://www.chedraui.com.mx/muslo-fresco-pollo-kg-3889234/p
2026-07-07 21:40:57,Chedraui,carnes-pescados-y-mariscos,,Longaniza de Cerdo E Istmo por Kg,3275048,,104.00,https://www.chedraui.com.mx/longaniza-de-cerdo-e-istmo-por-kg-3275048/p
2026-07-07 21:40:57,Chedraui,carnes-pescados-y-mariscos,,Ribeye de Res Choice Del Taco Kg,3874039,,869.00,https://www.chedraui.com.mx/ribeye-de-res-choice-del-taco-kg-3874039/p
2026-07-07 21:40:57,Chedraui,carnes-pescados-y-mariscos,,Filete de Salmón Neptuno 140g,3010388,,129.00,https://www.chedraui.com.mx/filete-de-salmon-neptuno-140g-3010388/p
2026-07-07 21:40:57,Chedraui,carnes-pescados-y-mariscos,,Costilla de Cerdo sabor BBQ y Chipotle por Kg,3753296,,169.00,https://www.chedraui.com.mx/costilla-de-cerdo-sabor-bbq-y-chipotle-por-kg-3753296/p
2026-07-07 21:40:57,Chedraui,carnes-pescados-y-mariscos,,Callo de Almeja kg,3010771,,219.00,https://www.chedraui.com.mx/callo-de-almeja-kg-3010771/p
2026-07-07 21:40:57,Chedraui,carnes-pescados-y-mariscos,,Carne Enchilada Cerdo kg,3102695,,162.00,https://www.chedraui.com.mx/carne-enchilada-cerdo-kg-3102695/p
2026-07-07 21:40:57,Chedraui,carnes-pescados-y-mariscos,,Palomitas de Pollo del Día Sabor Cheddar 500g,3664462,,73.00,https://www.chedraui.com.mx/palomitas-de-pollo-del-dia-sabor-cheddar-500g-3664462/p
2026-07-07 21:40:57,Chedraui,carnes-pescados-y-mariscos,,Pierna Bate de Pollo kg,3665519,,84.00,https://www.chedraui.com.mx/pierna-bate-de-pollo-kg-3665519/p
2026-07-07 21:40:57,Chedraui,carnes-pescados-y-mariscos,,Sierra Ahumada Preparada 250g,3120806,,60.00,https://www.chedraui.com.mx/sierra-ahumada-preparada-250g-3120806/p
2026-07-07 21:40:57,Chedraui,carnes-pescados-y-mariscos,,Polvo de Camarón 150g,3490019,,23.00,https://www.chedraui.com.mx/polvo-de-camaron-150g-3490019/p
2026-07-07 21:40:57,Chedraui,carnes-pescados-y-mariscos,,Cordero Rack Nz kg,3195198,,729.00,https://www.chedraui.com.mx/cordero-rack-nz-kg-3195198/p
2026-07-07 21:40:57,Chedraui,carnes-pescados-y-mariscos,,New York de Res Choice Del Taco Kg,3874050,,779.00,https://www.chedraui.com.mx/new-york-de-res-choice-del-taco-kg-3874050/p
2026-07-07 21:40:57,Chedraui,carnes-pescados-y-mariscos,,Pulpa Res Kosher kg,3102665,,329.00,https://www.chedraui.com.mx/pulpa-res-kosher-kg-3102665/p
2026-07-07 21:40:57,Chedraui,carnes-pescados-y-mariscos,,Robalo por Kg,3010201,,319.00,https://www.chedraui.com.mx/robalo-por-kg-3010201/p
2026-07-07 21:41:11,Chedraui,carnes-pescados-y-mariscos,,Brisket High Choice kg,3691640,,329.00,https://www.chedraui.com.mx/brisket-high-choice-kg-3691640/p
2026-07-07 21:41:11,Chedraui,carnes-pescados-y-mariscos,,Albóndiga Res por kg,3671103,,199.00,https://www.chedraui.com.mx/albondiga-res-por-kg-3671103/p
2026-07-07 21:41:11,Chedraui,carnes-pescados-y-mariscos,,Entraña Choice Res por kg,3331740,,569.00,https://www.chedraui.com.mx/entrana-choice-res-por-kg-3331740/p
2026-07-07 21:41:11,Chedraui,carnes-pescados-y-mariscos,,Hamburguesa de Res Sabor Asado Kg,3869614,,190.00,https://www.chedraui.com.mx/hamburguesa-de-res-sabor-asado-kg-3869614/p
2026-07-07 21:41:11,Chedraui,carnes-pescados-y-mariscos,,Pierna de Cerdo sin Piel sin Codillo F. kg,3537323,,85.90,https://www.chedraui.com.mx/pierna-de-cerdo-sin-piel-sin-codillo-f-kg-3537323/p
2026-07-07 21:41:11,Chedraui,carnes-pescados-y-mariscos,,Milanesa Res Kosher por kg,3102652,,369.00,https://www.chedraui.com.mx/milanesa-res-kosher-por-kg-3102652/p
2026-07-07 21:41:11,Chedraui,carnes-pescados-y-mariscos,,Arrachera Marinada de Res por Kg,3814127,,369.00,https://www.chedraui.com.mx/arrachera-marinada-de-res-por-kg-3814127/p
2026-07-07 21:41:11,Chedraui,carnes-pescados-y-mariscos,,Rib Eye de Cerdo Finas Hierbas kg,3695860,,169.00,https://www.chedraui.com.mx/rib-eye-de-cerdo-finas-hierbas-kg-3695860/p
2026-07-07 21:41:11,Chedraui,carnes-pescados-y-mariscos,,Baby Back Ribs Cerdo por kg,3161310,,224.00,https://www.chedraui.com.mx/baby-back-ribs-cerdo-por-kg-3161310/p
2026-07-07 21:41:11,Chedraui,carnes-pescados-y-mariscos,,Milanesa Plant Squad Natural Sabor Pollo 460g,3722289,,189.00,https://www.chedraui.com.mx/milanesa-plant-squad-natural-sabor-pollo-460g-3722289/p
2026-07-07 21:41:11,Chedraui,carnes-pescados-y-mariscos,,Salchicha Kowi para Asar 400g,3497870,,52.00,https://www.chedraui.com.mx/salchicha-kowi-para-asar-400g-3497870/p
2026-07-07 21:41:11,Chedraui,carnes-pescados-y-mariscos,,Chorizo Toluca Verde Dcca kg,3268003,,104.00,https://www.chedraui.com.mx/chorizo-toluca-verde-dcca-kg-3268003/p
2026-07-07 21:41:11,Chedraui,carnes-pescados-y-mariscos,,Brocheta Preparada de Res por kg,3326596,,197.00,https://www.chedraui.com.mx/brocheta-preparada-de-res-por-kg-3326596/p
2026-07-07 21:41:11,Chedraui,carnes-pescados-y-mariscos,,Filete de Calamar kg,3010742,,189.00,https://www.chedraui.com.mx/filete-de-calamar-kg-3010742/p
2026-07-07 21:41:11,Chedraui,carnes-pescados-y-mariscos,,Nuggets sin Pollo Plant Squad 460g,3668055,,179.00,https://www.chedraui.com.mx/nuggets-sin-pollo-plant-squad-460g-3668055/p
2026-07-07 21:41:11,Chedraui,carnes-pescados-y-mariscos,,Pechuga Marinada Ajo Perejil Fresco Crio,3299853,,144.00,https://www.chedraui.com.mx/pechuga-marinada-ajo-perejil-fresco-crio-3299853/p
2026-07-07 21:41:24,Chedraui,carnes-pescados-y-mariscos,,Palomitas de Pollo Del Día con Salsas Negras 500g,3865615,,59.00,https://www.chedraui.com.mx/palomitas-de-pollo-del-dia-con-salsas-negras-500g-3865615/p
2026-07-07 21:41:24,Chedraui,carnes-pescados-y-mariscos,,Brocheta Preparada de Filete de Res Kg,3869610,,539.00,https://www.chedraui.com.mx/brocheta-preparada-de-filete-de-res-kg-3869610/p
2026-07-07 21:41:24,Chedraui,carnes-pescados-y-mariscos,,Pescadin kg,3234198,,132.00,https://www.chedraui.com.mx/pescadin-kg-3234198/p
2026-07-07 21:41:24,Chedraui,carnes-pescados-y-mariscos,,Chicharrón Placero Cerdo Ib kg,3102706,,355.00,https://www.chedraui.com.mx/chicharron-placero-cerdo-ib-kg-3102706/p
2026-07-07 21:41:24,Chedraui,carnes-pescados-y-mariscos,,Pechuga Natural de Pavo con Hueso Kg,3724449,,115.90,https://www.chedraui.com.mx/pechuga-natural-de-pavo-con-hueso-kg-3724449/p
2026-07-07 21:41:24,Chedraui,carnes-pescados-y-mariscos,,Muslo de Pollo sin Hueso y Sin Piel Just Bare 540g,3810433,,65.00,https://www.chedraui.com.mx/muslo-de-pollo-sin-hueso-y-sin-piel-just-bare-540g-3810433/p
2026-07-07 21:41:24,Chedraui,carnes-pescados-y-mariscos,,"Dolores Premium, Hamburguesa de Salmón, 4 piezas de 400g",3906888,98.62,84.00,https://www.chedraui.com.mx/dolores-premium-hamburguesa-de-salmon-4-piezas-de-400g-3906888/p
2026-07-07 21:41:24,Chedraui,carnes-pescados-y-mariscos,,Pollo Entero Patsa por Kg,3297384,59.00,36.00,https://www.chedraui.com.mx/pollo-entero-patsa-por-kg-3297384/p
2026-07-07 21:41:24,Chedraui,carnes-pescados-y-mariscos,,Chistorra Ag kg,3427990,,134.00,https://www.chedraui.com.mx/chistorra-ag-kg-3427990/p
2026-07-07 21:41:24,Chedraui,carnes-pescados-y-mariscos,,Chuletón sin Hueso Cerdo por kg,3102721,,117.00,https://www.chedraui.com.mx/chuleton-sin-hueso-cerdo-por-kg-3102721/p
2026-07-07 21:41:24,Chedraui,carnes-pescados-y-mariscos,,Nugget Farm Food de Pavo Empanizado por Kg,3759534,,105.00,https://www.chedraui.com.mx/nugget-farm-food-de-pavo-empanizado-por-kg-3759534/p
2026-07-07 21:41:24,Chedraui,carnes-pescados-y-mariscos,,New York de Res Sonora kg,3301608,,674.00,https://www.chedraui.com.mx/new-york-de-res-sonora-kg-3301608/p
2026-07-07 21:41:24,Chedraui,carnes-pescados-y-mariscos,,Pierna Horneada Adobada Cerdo kg,3102730,,124.00,https://www.chedraui.com.mx/pierna-horneada-adobada-cerdo-kg-3102730/p
2026-07-07 21:41:24,Chedraui,carnes-pescados-y-mariscos,,Camarón Chico sin Cabeza Crudo 454g,3686972,,179.00,https://www.chedraui.com.mx/camaron-chico-sin-cabeza-crudo-454g-3686972/p
2026-07-07 21:41:24,Chedraui,carnes-pescados-y-mariscos,,Cowboy de Cerdo Finas Hierbas kg,3695863,,139.00,https://www.chedraui.com.mx/cowboy-de-cerdo-finas-hierbas-kg-3695863/p
2026-07-07 21:41:24,Chedraui,carnes-pescados-y-mariscos,,Pollo Entero Light Kg,3161304,,69.00,https://www.chedraui.com.mx/pollo-entero-light-kg-3161304/p
2026-07-07 21:41:38,Chedraui,carnes-pescados-y-mariscos,,Chicharrón Botanero Bolsa IAPI kg,3434494,,279.00,https://www.chedraui.com.mx/chicharron-botanero-bolsa-iapi-kg-3434494/p
2026-07-07 21:41:38,Chedraui,carnes-pescados-y-mariscos,,Lechón Yucateco Pib House 500g,3823090,,226.00,https://www.chedraui.com.mx/lechon-yucateco-pib-house-500g-3823090/p
2026-07-07 21:41:38,Chedraui,carnes-pescados-y-mariscos,,Short Rib Res Choice kg,3673936,,590.00,https://www.chedraui.com.mx/short-rib-res-choice-kg-3673936/p
2026-07-07 21:41:38,Chedraui,carnes-pescados-y-mariscos,,Pulpa Negra Res Picada kg,3532917,,274.00,https://www.chedraui.com.mx/pulpa-negra-res-picada-kg-3532917/p
2026-07-07 21:41:38,Chedraui,carnes-pescados-y-mariscos,,Muslo de Pollo Light Kosher por kg,3102510,,135.00,https://www.chedraui.com.mx/muslo-de-pollo-light-kosher-por-kg-3102510/p
2026-07-07 21:41:38,Chedraui,carnes-pescados-y-mariscos,,Muslo sin Hueso y Piel Fresca Sabro Pollo Kg,3804807,,120.00,https://www.chedraui.com.mx/muslo-sin-hueso-y-piel-fresca-sabro-pollo-kg-3804807/p
2026-07-07 21:41:38,Chedraui,carnes-pescados-y-mariscos,,Molida Vegetal Plant Squad 456g,3667487,,179.00,https://www.chedraui.com.mx/molida-vegetal-plant-squad-456g-3667487/p
2026-07-07 21:41:38,Chedraui,carnes-pescados-y-mariscos,,Molida de Pierna y Muslo de Pollo Kosher Kg,3822763,,180.00,https://www.chedraui.com.mx/molida-de-pierna-y-muslo-de-pollo-kosher-kg-3822763/p
2026-07-07 21:41:38,Chedraui,carnes-pescados-y-mariscos,,Nuggets Notco No Chiken Base Vegano 400g,3880827,,163.00,https://www.chedraui.com.mx/nuggets-notco-no-chiken-base-vegano-400g-3880827/p
2026-07-07 21:41:38,Chedraui,carnes-pescados-y-mariscos,,Churrasco Choice por kg,3609662,,399.00,https://www.chedraui.com.mx/churrasco-choice-por-kg-3609662/p
2026-07-07 21:41:38,Chedraui,carnes-pescados-y-mariscos,,Cowboy de Cerdo Ranchero kg,3695862,,139.00,https://www.chedraui.com.mx/cowboy-de-cerdo-ranchero-kg-3695862/p
2026-07-07 21:41:38,Chedraui,carnes-pescados-y-mariscos,,Lenguado por Kg,3010170,,132.00,https://www.chedraui.com.mx/lenguado-por-kg-3010170/p
2026-07-07 21:41:38,Chedraui,carnes-pescados-y-mariscos,,Filete de Pollo Del Día Pico Gallo 500g,3731308,,66.00,https://www.chedraui.com.mx/filete-de-pollo-del-dia-pico-gallo-500g-3731308/p
2026-07-07 21:41:38,Chedraui,carnes-pescados-y-mariscos,,Cecina Marinada Cerdo Mon por kg,3102699,,145.00,https://www.chedraui.com.mx/cecina-marinada-cerdo-mon-por-kg-3102699/p
2026-07-07 21:41:38,Chedraui,carnes-pescados-y-mariscos,,Nuggets Kids sin Pollo Plant Squad 460g,3755347,,159.00,https://www.chedraui.com.mx/nuggets-kids-sin-pollo-plant-squad-460g-3755347/p
2026-07-07 21:41:38,Chedraui,carnes-pescados-y-mariscos,,Brocheta al Pastor kg,3364707,,114.00,https://www.chedraui.com.mx/brocheta-al-pastor-kg-3364707/p
2026-07-07 21:41:52,Chedraui,carnes-pescados-y-mariscos,,Robalito por Kg,3010224,,149.00,https://www.chedraui.com.mx/robalito-por-kg-3010224/p
2026-07-07 21:41:52,Chedraui,carnes-pescados-y-mariscos,,Ensalada Tampico 250g,3252715,,58.00,https://www.chedraui.com.mx/ensalada-tampico-250g-3252715/p
2026-07-07 21:41:52,Chedraui,carnes-pescados-y-mariscos,,Filete Tilapia Natural Rivera 600g,3283225,,127.00,https://www.chedraui.com.mx/filete-tilapia-natural-rivera-600g-3283225/p
2026-07-07 21:41:52,Chedraui,carnes-pescados-y-mariscos,,Chorizo de Pollo Sabro Pollo Kg,3804988,,148.00,https://www.chedraui.com.mx/chorizo-de-pollo-sabro-pollo-kg-3804988/p
2026-07-07 21:41:52,Chedraui,carnes-pescados-y-mariscos,,Queso Kraft Americano Singles 224 gr,3841476,,70.00,https://www.chedraui.com.mx/queso-kraft-americano-singles-224-gr-3841476/p
2026-07-07 21:41:52,Chedraui,carnes-pescados-y-mariscos,,Pavo Entero Butterball Ahumado Kg,3284216,159.00,59.90,https://www.chedraui.com.mx/pavo-entero-butterball-ahumado-kg-3284216/p
2026-07-07 21:41:52,Chedraui,carnes-pescados-y-mariscos,,Pavo Entero Gold Crest Horneado Kg,3846790,154.00,59.90,https://www.chedraui.com.mx/pavo-entero-gold-crest-horneado-kg-3846790/p
2026-07-07 21:41:52,Chedraui,carnes-pescados-y-mariscos,,Carne Kingsford Deshebrada BBQ 454g,3882789,230.00,184.00,https://www.chedraui.com.mx/carne-kingsford-deshebrada-bbq-454g-3882789/p
2026-07-07 21:41:52,Chedraui,carnes-pescados-y-mariscos,,Diezmillo sin Hueso Wagyu Res Cross Kg,3838094,,729.00,https://www.chedraui.com.mx/diezmillo-sin-hueso-wagyu-res-cross-kg-3838094/p
2026-07-07 21:41:52,Chedraui,carnes-pescados-y-mariscos,,Picana Estabulada Res por kg,3102662,,339.00,https://www.chedraui.com.mx/picana-estabulada-res-por-kg-3102662/p
2026-07-07 21:41:52,Chedraui,carnes-pescados-y-mariscos,,Cowboy Sta Rita Res kg,3285472,,422.00,https://www.chedraui.com.mx/cowboy-sta-rita-res-kg-3285472/p
2026-07-07 21:41:52,Chedraui,carnes-pescados-y-mariscos,,Carne para Asar Res Kosher kg,3102634,,332.00,https://www.chedraui.com.mx/carne-para-asar-res-kosher-kg-3102634/p
2026-07-07 21:41:52,Chedraui,carnes-pescados-y-mariscos,,Jaiba Grande con Concha kg,3010659,,239.00,https://www.chedraui.com.mx/jaiba-grande-con-concha-kg-3010659/p
2026-07-07 21:41:52,Chedraui,carnes-pescados-y-mariscos,,Hamburguesa de Res Sabor Ranchero Kg,3869613,,190.00,https://www.chedraui.com.mx/hamburguesa-de-res-sabor-ranchero-kg-3869613/p
2026-07-07 21:41:52,Chedraui,carnes-pescados-y-mariscos,,Cangrejo Moro kg,3010660,,750.00,https://www.chedraui.com.mx/cangrejo-moro-kg-3010660/p
2026-07-07 21:41:52,Chedraui,carnes-pescados-y-mariscos,,Pechuga sin Hueso Kosher kg,3102501,,345.00,https://www.chedraui.com.mx/pechuga-sin-hueso-kosher-kg-3102501/p
2026-07-07 21:42:07,Chedraui,carnes-pescados-y-mariscos,,Rib Eye de Cerdo Ranchero kg,3695738,,169.00,https://www.chedraui.com.mx/rib-eye-de-cerdo-ranchero-kg-3695738/p
2026-07-07 21:42:07,Chedraui,carnes-pescados-y-mariscos,,Chuleta Res Kosher por kg,3102607,,302.00,https://www.chedraui.com.mx/chuleta-res-kosher-por-kg-3102607/p
2026-07-07 21:42:07,Chedraui,carnes-pescados-y-mariscos,,Hígado de Pollo por Kg,3109869,,44.90,https://www.chedraui.com.mx/higado-de-pollo-por-kg-3109869/p
2026-07-07 21:42:07,Chedraui,carnes-pescados-y-mariscos,,Pollo Entero Marinado Sabor Pastor Kg,3753297,,64.90,https://www.chedraui.com.mx/pollo-entero-marinado-sabor-pastor-kg-3753297/p
2026-07-07 21:42:07,Chedraui,carnes-pescados-y-mariscos,,Piernas de Pollo Bate Kg,3683025,,81.00,https://www.chedraui.com.mx/piernas-de-pollo-bate-kg-3683025/p
2026-07-07 21:42:07,Chedraui,carnes-pescados-y-mariscos,,Muslo Corte Americano Pollo Fresca Kg,3889233,,89.00,https://www.chedraui.com.mx/muslo-corte-americano-pollo-fresca-kg-3889233/p
2026-07-07 21:42:07,Chedraui,carnes-pescados-y-mariscos,,Cubos para Guisados Verdes Motivos 450g,3618194,,178.00,https://www.chedraui.com.mx/cubos-para-guisados-verdes-motivos-450g-3618194/p
2026-07-07 21:42:07,Chedraui,carnes-pescados-y-mariscos,,Fajita Aires del Campo Pechuga de Pollo Congelado Orgánico Kg,3886917,,400.00,https://www.chedraui.com.mx/fajita-aires-del-campo-pechuga-de-pollo-congelado-organico-kg-3886917/p
2026-07-07 21:42:07,Chedraui,carnes-pescados-y-mariscos,,Chicharrón Prensado Cerdo Atiz kg,3320989,,122.00,https://www.chedraui.com.mx/chicharron-prensado-cerdo-atiz-kg-3320989/p
2026-07-07 21:42:07,Chedraui,carnes-pescados-y-mariscos,,Carne Enchilada Zaachila Cerdo por kg,3102698,,159.00,https://www.chedraui.com.mx/carne-enchilada-zaachila-cerdo-por-kg-3102698/p
2026-07-07 21:42:07,Chedraui,carnes-pescados-y-mariscos,,Picadita de Lomo de Cerdo Kg,3869488,,165.00,https://www.chedraui.com.mx/picadita-de-lomo-de-cerdo-kg-3869488/p
2026-07-07 21:42:07,Chedraui,carnes-pescados-y-mariscos,,Chorizo Verde Mon por kg,3199462,,104.00,https://www.chedraui.com.mx/chorizo-verde-mon-por-kg-3199462/p
2026-07-07 21:42:07,Chedraui,carnes-pescados-y-mariscos,,Chicharrón Placero Bolsa kg,3382693,,404.00,https://www.chedraui.com.mx/chicharron-placero-bolsa-kg-3382693/p
2026-07-07 21:42:07,Chedraui,carnes-pescados-y-mariscos,,Rabadilla de Pollo Kosher por kg,3260914,,33.00,https://www.chedraui.com.mx/rabadilla-de-pollo-kosher-por-kg-3260914/p
2026-07-07 21:42:07,Chedraui,carnes-pescados-y-mariscos,,Filete Tilapia con Quinoa y Finas Hierbas 500g,3668131,,137.00,https://www.chedraui.com.mx/filete-tilapia-con-quinoa-y-finas-hierbas-500g-3668131/p
2026-07-07 21:42:07,Chedraui,carnes-pescados-y-mariscos,,Bites sin Pollo Plant Squad 460g,3755348,,174.00,https://www.chedraui.com.mx/bites-sin-pollo-plant-squad-460g-3755348/p
2026-07-07 21:42:22,Chedraui,carnes-pescados-y-mariscos,,Pechuga con Hueso Light de Pollo Kg,3889237,,169.00,https://www.chedraui.com.mx/pechuga-con-hueso-light-de-pollo-kg-3889237/p
2026-07-07 21:42:22,Chedraui,carnes-pescados-y-mariscos,,Pechuga de Pollo Marinada Mezquite por Kg,3102542,,183.00,https://www.chedraui.com.mx/pechuga-de-pollo-marinada-mezquite-por-kg-3102542/p
2026-07-07 21:42:22,Chedraui,carnes-pescados-y-mariscos,,Moronga de Cerdo kg,3551397,,42.00,https://www.chedraui.com.mx/moronga-de-cerdo-kg-3551397/p
2026-07-07 21:42:22,Chedraui,carnes-pescados-y-mariscos,,Ensalada Surimi Chipotle 250g,3252718,,55.00,https://www.chedraui.com.mx/ensalada-surimi-chipotle-250g-3252718/p
2026-07-07 21:42:22,Chedraui,carnes-pescados-y-mariscos,,Filete de Pescado Marinado Pimienta Limón Rivera 500g.,3260177,,134.00,https://www.chedraui.com.mx/filete-de-pescado-marinado-pimienta-limon-rivera-500g-3260177/p
2026-07-07 21:42:22,Chedraui,carnes-pescados-y-mariscos,,Entrecot de Res por kg,3458687,,267.00,https://www.chedraui.com.mx/entrecot-de-res-por-kg-3458687/p
2026-07-07 21:42:22,Chedraui,carnes-pescados-y-mariscos,,Estrellita de Pescado kg,3234199,,132.00,https://www.chedraui.com.mx/estrellita-de-pescado-kg-3234199/p
2026-07-07 21:42:22,Chedraui,carnes-pescados-y-mariscos,,Pierna de Pavo Natural Rend Kg,3724451,,115.90,https://www.chedraui.com.mx/pierna-de-pavo-natural-rend-kg-3724451/p
2026-07-07 21:42:22,Chedraui,carnes-pescados-y-mariscos,,T-Bone de Res Sonora kg,3301609,,639.00,https://www.chedraui.com.mx/t-bone-de-res-sonora-kg-3301609/p
2026-07-07 21:42:22,Chedraui,carnes-pescados-y-mariscos,,T-Bone Sta Rita Res kg,3285475,,414.00,https://www.chedraui.com.mx/t-bone-sta-rita-res-kg-3285475/p
2026-07-07 21:42:22,Chedraui,carnes-pescados-y-mariscos,,Muslo Crío Adobada con Hueso kg,3665520,,84.00,https://www.chedraui.com.mx/muslo-crio-adobada-con-hueso-kg-3665520/p
2026-07-07 21:42:22,Chedraui,carnes-pescados-y-mariscos,,Costilla Norteña para Asar Res kg,3334170,,237.00,https://www.chedraui.com.mx/costilla-nortena-para-asar-res-kg-3334170/p
2026-07-07 21:42:22,Chedraui,carnes-pescados-y-mariscos,,Alitas Marinadas Frescas de Pollo kg,3286638,,129.00,https://www.chedraui.com.mx/alitas-marinadas-frescas-de-pollo-kg-3286638/p
2026-07-07 21:42:22,Chedraui,carnes-pescados-y-mariscos,,Cola de Langosta Crustáceo kg,3010656,,2100.00,https://www.chedraui.com.mx/cola-de-langosta-crustaceo-kg-3010656/p
2026-07-07 21:42:22,Chedraui,carnes-pescados-y-mariscos,,Salmon Entero Granel Kg,3010270,,440.00,https://www.chedraui.com.mx/salmon-entero-granel-kg-3010270/p
2026-07-07 21:42:22,Chedraui,carnes-pescados-y-mariscos,,Aguja Norteña para Asar Res kg,3334018,,237.00,https://www.chedraui.com.mx/aguja-nortena-para-asar-res-kg-3334018/p
2026-07-07 21:42:35,Chedraui,carnes-pescados-y-mariscos,,Salchicha Italiana kg,3224291,,147.00,https://www.chedraui.com.mx/salchicha-italiana-kg-3224291/p
2026-07-07 21:42:35,Chedraui,carnes-pescados-y-mariscos,,Cow Boy Choice Angus de Res kg,3640038,,854.00,https://www.chedraui.com.mx/cow-boy-choice-angus-de-res-kg-3640038/p
2026-07-07 21:42:35,Chedraui,carnes-pescados-y-mariscos,,Callo de Hacha kg,3010775,,642.00,https://www.chedraui.com.mx/callo-de-hacha-kg-3010775/p
2026-07-07 21:42:35,Chedraui,carnes-pescados-y-mariscos,,Hamburguesa de Arrachera Res Choice Kg,3869611,,539.00,https://www.chedraui.com.mx/hamburguesa-de-arrachera-res-choice-kg-3869611/p
2026-07-07 21:42:35,Chedraui,carnes-pescados-y-mariscos,,Mejillón Nueva Zelanda kg,3692544,,339.00,https://www.chedraui.com.mx/mejillon-nueva-zelanda-kg-3692544/p
2026-07-07 21:42:35,Chedraui,carnes-pescados-y-mariscos,,Rib Eye Prime Res por kg,3206407,,1209.00,https://www.chedraui.com.mx/rib-eye-prime-res-por-kg-3206407/p
2026-07-07 21:42:35,Chedraui,carnes-pescados-y-mariscos,,Patas de Pollo por Kg,3109874,,44.90,https://www.chedraui.com.mx/patas-de-pollo-por-kg-3109874/p
2026-07-07 21:42:35,Chedraui,carnes-pescados-y-mariscos,,Pierna Hueso Cordero Fresco kg,3216462,,229.00,https://www.chedraui.com.mx/pierna-hueso-cordero-fresco-kg-3216462/p
2026-07-07 21:42:35,Chedraui,carnes-pescados-y-mariscos,,Chorizo Sonorense Prácticos Bachoco 500g,3738909,,44.00,https://www.chedraui.com.mx/chorizo-sonorense-practicos-bachoco-500g-3738909/p
2026-07-07 21:42:35,Chedraui,carnes-pescados-y-mariscos,,Chuleta Diezmillo Wagyu Res Cross Kg,3838092,,690.00,https://www.chedraui.com.mx/chuleta-diezmillo-wagyu-res-cross-kg-3838092/p
2026-07-07 21:42:35,Chedraui,carnes-pescados-y-mariscos,,Chuleta del 7 de Res kg,3532945,,189.00,https://www.chedraui.com.mx/chuleta-del-7-de-res-kg-3532945/p
2026-07-07 21:42:35,Chedraui,carnes-pescados-y-mariscos,,Cabrería Estabulada Res kg,3102600,,409.00,https://www.chedraui.com.mx/cabreria-estabulada-res-kg-3102600/p
2026-07-07 21:42:35,Chedraui,carnes-pescados-y-mariscos,,Longaniza Cerdo por kg,3102725,,104.00,https://www.chedraui.com.mx/longaniza-cerdo-por-kg-3102725/p
2026-07-07 21:42:35,Chedraui,carnes-pescados-y-mariscos,,Hueso Tuétano de Res Parrillero Ranchero Kg,3869616,,130.00,https://www.chedraui.com.mx/hueso-tuetano-de-res-parrillero-ranchero-kg-3869616/p
2026-07-07 21:42:35,Chedraui,carnes-pescados-y-mariscos,,Atún Fresco por Kg,3010275,,79.00,https://www.chedraui.com.mx/atun-fresco-por-kg-3010275/p
2026-07-07 21:42:35,Chedraui,carnes-pescados-y-mariscos,,Manteca de Cerdo Mister Kuino Cerdo por kg,3208235,,109.00,https://www.chedraui.com.mx/manteca-de-cerdo-mister-kuino-cerdo-por-kg-3208235/p
2026-07-07 21:42:49,Chedraui,carnes-pescados-y-mariscos,,Pechuga de Pollo con Hueso Kosher por kg,3102517,,260.00,https://www.chedraui.com.mx/pechuga-de-pollo-con-hueso-kosher-por-kg-3102517/p
2026-07-07 21:42:49,Chedraui,carnes-pescados-y-mariscos,,Camarón Pacotilla Pelado y Desvenado.,3524146,,479.00,https://www.chedraui.com.mx/camaron-pacotilla-pelado-y-desvenado-3524146/p
2026-07-07 21:42:49,Chedraui,carnes-pescados-y-mariscos,,Almeja Negra kg,3010726,,89.00,https://www.chedraui.com.mx/almeja-negra-kg-3010726/p
2026-07-07 21:42:49,Chedraui,carnes-pescados-y-mariscos,,Boneless Plantsquad Natural 460g,3735242,,194.00,https://www.chedraui.com.mx/boneless-plantsquad-natural-460g-3735242/p
2026-07-07 21:42:49,Chedraui,carnes-pescados-y-mariscos,,Mero por Kg,3010177,,229.00,https://www.chedraui.com.mx/mero-por-kg-3010177/p
2026-07-07 21:42:49,Chedraui,carnes-pescados-y-mariscos,,Pierna de Pollo Bate Light Kosher por kg,3102524,,135.00,https://www.chedraui.com.mx/pierna-de-pollo-bate-light-kosher-por-kg-3102524/p
2026-07-07 21:42:49,Chedraui,carnes-pescados-y-mariscos,,New York Estabulado Res kg,3102661,,359.00,https://www.chedraui.com.mx/new-york-estabulado-res-kg-3102661/p
2026-07-07 21:42:49,Chedraui,carnes-pescados-y-mariscos,,Chorizo de Cerdo Brasileño DCCA por Kg,3838960,,115.00,https://www.chedraui.com.mx/chorizo-de-cerdo-brasileno-dcca-por-kg-3838960/p
2026-07-07 21:42:49,Chedraui,carnes-pescados-y-mariscos,,Salchicha Desayuno kg,3224294,,147.00,https://www.chedraui.com.mx/salchicha-desayuno-kg-3224294/p
2026-07-07 21:42:49,Chedraui,carnes-pescados-y-mariscos,,Falafel Kosher 56 Pzas,3836372,,159.00,https://www.chedraui.com.mx/falafel-kosher-56-pzas-3836372/p
2026-07-07 21:42:49,Chedraui,carnes-pescados-y-mariscos,,Robalo Selecto,3576200,,349.00,https://www.chedraui.com.mx/robalo-selecto-3576200/p
2026-07-07 21:42:49,Chedraui,carnes-pescados-y-mariscos,,Milanesa Blanca Kg,3799000,,139.00,https://www.chedraui.com.mx/milanesa-blanca-kg-3799000/p
2026-07-07 21:42:49,Chedraui,carnes-pescados-y-mariscos,,Camarón Cocido Pelado Con Cola Todo Marisco 500 g,3755340,,269.00,https://www.chedraui.com.mx/camaron-cocido-pelado-con-cola-todo-marisco-500-g-3755340/p
2026-07-07 21:42:49,Chedraui,carnes-pescados-y-mariscos,,Centro de Lomo de Res Kg,3438910,,414.00,https://www.chedraui.com.mx/centro-de-lomo-de-res-kg-3438910/p
2026-07-07 21:42:49,Chedraui,carnes-pescados-y-mariscos,,Molida de Pechuga de Pollo Kosher Kg,3822762,,299.00,https://www.chedraui.com.mx/molida-de-pechuga-de-pollo-kosher-kg-3822762/p
2026-07-07 21:42:49,Chedraui,carnes-pescados-y-mariscos,,Carne al Pastor Sabro Pollo 453g,3804989,,79.00,https://www.chedraui.com.mx/carne-al-pastor-sabro-pollo-453g-3804989/p
2026-07-07 21:43:03,Chedraui,carnes-pescados-y-mariscos,,Hamburguesa de Pollo Libre Pastoreo 350g,3595264,,99.00,https://www.chedraui.com.mx/hamburguesa-de-pollo-libre-pastoreo-350g-3595264/p
2026-07-07 21:43:03,Chedraui,carnes-pescados-y-mariscos,,Brocheta Ranchera de Res Kg,3869489,,274.00,https://www.chedraui.com.mx/brocheta-ranchera-de-res-kg-3869489/p
2026-07-07 21:43:03,Chedraui,carnes-pescados-y-mariscos,,Mejillones Naturales Camanchaca,3752869,,64.00,https://www.chedraui.com.mx/mejillones-naturales-camanchaca-3752869/p
2026-07-07 21:43:03,Chedraui,carnes-pescados-y-mariscos,,Filete de Pierna y Muslo al Carbón Fresco Crio,3299852,,131.00,https://www.chedraui.com.mx/filete-de-pierna-y-muslo-al-carbon-fresco-crio-3299852/p
2026-07-07 21:43:03,Chedraui,carnes-pescados-y-mariscos,,Puntas de Pechuga de Pollo Kosher Kg,3822764,,299.00,https://www.chedraui.com.mx/puntas-de-pechuga-de-pollo-kosher-kg-3822764/p
2026-07-07 21:43:03,Chedraui,carnes-pescados-y-mariscos,,Longaniza Zaachila Cerdo por Kg,3102726,,105.00,https://www.chedraui.com.mx/longaniza-zaachila-cerdo-por-kg-3102726/p
2026-07-07 21:43:03,Chedraui,carnes-pescados-y-mariscos,,Lomo Sierra Ahumado kg,3010568,,319.00,https://www.chedraui.com.mx/lomo-sierra-ahumado-kg-3010568/p
2026-07-07 21:43:03,Chedraui,carnes-pescados-y-mariscos,,Pechuga Natural de Pavo sin Hueso Kg,3724841,,115.90,https://www.chedraui.com.mx/pechuga-natural-de-pavo-sin-hueso-kg-3724841/p
2026-07-07 21:43:03,Chedraui,carnes-pescados-y-mariscos,,Dolores Premium Palomitas de Salmón de 270g,3906889,149.66,128.00,https://www.chedraui.com.mx/dolores-premium-palomitas-de-salmon-de-270g-3906889/p
2026-07-07 21:43:03,Chedraui,carnes-pescados-y-mariscos,,Pavo Entero Pilgrims Ahumado Kg,3281042,154.00,59.90,https://www.chedraui.com.mx/pavo-entero-pilgrims-ahumado-kg-3281042/p
2026-07-07 21:43:03,Chedraui,carnes-pescados-y-mariscos,,Pavo Entero Ahumado Turkey Supreme Kg,3102550,154.00,74.90,https://www.chedraui.com.mx/pavo-entero-ahumado-turkey-supreme-kg-3102550/p
2026-07-07 21:43:03,Chedraui,carnes-pescados-y-mariscos,,Sandwich de Pollo Empanizado 4 Piezas,3868886,146.00,69.90,https://www.chedraui.com.mx/sandwich-de-pollo-empanizado-4-piezas-3868886/p
2026-07-07 21:43:03,Chedraui,carnes-pescados-y-mariscos,,Pollo Entero Nutrypollo Congelado Kg,3882183,59.00,35.80,https://www.chedraui.com.mx/pollo-entero-nutrypollo-congelado-kg-3882183/p
2026-07-07 21:43:03,Chedraui,carnes-pescados-y-mariscos,,Huacal de Pollo Kg,3889644,49.90,29.90,https://www.chedraui.com.mx/huacal-de-pollo-kg-3889644/p
2026-07-07 21:43:03,Chedraui,carnes-pescados-y-mariscos,,Rabadilla de Pollo Kg,3889643,49.90,29.90,https://www.chedraui.com.mx/rabadilla-de-pollo-kg-3889643/p
2026-07-07 21:43:03,Chedraui,carnes-pescados-y-mariscos,,Chuleta de Cerdo Ahumada Bachoco 500g,3877844,,82.00,https://www.chedraui.com.mx/chuleta-de-cerdo-ahumada-bachoco-500g-3877844/p
2026-07-07 21:43:17,Chedraui,carnes-pescados-y-mariscos,,Camarón Macuil kg,3010602,349.00,329.00,https://www.chedraui.com.mx/camaron-macuil-kg-3010602/p
2026-07-07 21:43:17,Chedraui,carnes-pescados-y-mariscos,,Tentáculos de Calamar Cocido kg,3010674,,239.00,https://www.chedraui.com.mx/tentaculos-de-calamar-cocido-kg-3010674/p
2026-07-07 21:43:17,Chedraui,carnes-pescados-y-mariscos,,Fajitas de pollo kg,3694940,,134.00,https://www.chedraui.com.mx/fajitas-de-pollo-kg-3694940/p
2026-07-07 21:43:17,Chedraui,carnes-pescados-y-mariscos,,Steak de Trucha Tasmania kg,3746505,,999.00,https://www.chedraui.com.mx/steak-de-trucha-tasmania-kg-3746505/p
2026-07-07 21:43:17,Chedraui,carnes-pescados-y-mariscos,,Vampiros de Pulpa Negra Res kg,3716726,,295.00,https://www.chedraui.com.mx/vampiros-de-pulpa-negra-res-kg-3716726/p
2026-07-07 21:43:17,Chedraui,carnes-pescados-y-mariscos,,Tomahawk Res Sonora kg,3595470,,849.00,https://www.chedraui.com.mx/tomahawk-res-sonora-kg-3595470/p
2026-07-07 21:43:17,Chedraui,carnes-pescados-y-mariscos,,Tira Argentina Res Kosher 2 Pzas,3836383,,424.00,https://www.chedraui.com.mx/tira-argentina-res-kosher-2-pzas-3836383/p
2026-07-07 21:43:17,Chedraui,carnes-pescados-y-mariscos,,St Louis Ribs Tony Roma's 1kg,3540682,,326.00,https://www.chedraui.com.mx/st-louis-ribs-tony-romas-1kg-3540682/p
2026-07-07 21:43:17,Chedraui,carnes-pescados-y-mariscos,,Camarón Pacotilla Pulpa por kg,3669379,,399.00,https://www.chedraui.com.mx/camaron-pacotilla-pulpa-por-kg-3669379/p
2026-07-07 21:43:17,Chedraui,carnes-pescados-y-mariscos,,Mojarra de Mar kg,3010285,,69.00,https://www.chedraui.com.mx/mojarra-de-mar-kg-3010285/p
2026-07-07 21:43:17,Chedraui,carnes-pescados-y-mariscos,,Rueda Cordero kg,3102770,,169.00,https://www.chedraui.com.mx/rueda-cordero-kg-3102770/p
2026-07-07 21:43:17,Chedraui,carnes-pescados-y-mariscos,,Espaldilla Cordero kg,3109891,,299.00,https://www.chedraui.com.mx/espaldilla-cordero-kg-3109891/p
2026-07-07 21:43:17,Chedraui,carnes-pescados-y-mariscos,,Alita Patsa Marinada Fresca Kg,3102533,,129.00,https://www.chedraui.com.mx/alita-patsa-marinada-fresca-kg-3102533/p
2026-07-07 21:43:17,Chedraui,carnes-pescados-y-mariscos,,Costilla Short Rib Res kg,3334019,,237.00,https://www.chedraui.com.mx/costilla-short-rib-res-kg-3334019/p
2026-07-07 21:43:17,Chedraui,carnes-pescados-y-mariscos,,Cabeza de Cerdo Kg,3811712,,52.90,https://www.chedraui.com.mx/cabeza-de-cerdo-kg-3811712/p
2026-07-07 21:43:17,Chedraui,carnes-pescados-y-mariscos,,Picaña Wagyu Res Cross Kg,3838095,,937.00,https://www.chedraui.com.mx/picana-wagyu-res-cross-kg-3838095/p
2026-07-07 21:43:30,Chedraui,carnes-pescados-y-mariscos,,Pierna con Muslo de Pollo Kg,3889239,,91.00,https://www.chedraui.com.mx/pierna-con-muslo-de-pollo-kg-3889239/p
2026-07-07 21:43:30,Chedraui,carnes-pescados-y-mariscos,,Pechuga Just Bare Cubo Empanizado 600g,3881367,,245.00,https://www.chedraui.com.mx/pechuga-just-bare-cubo-empanizado-600g-3881367/p
2026-07-07 21:43:30,Chedraui,carnes-pescados-y-mariscos,,Pastrami Res Kosher 250 Gr,3836379,,122.00,https://www.chedraui.com.mx/pastrami-res-kosher-250-gr-3836379/p
2026-07-07 21:43:30,Chedraui,carnes-pescados-y-mariscos,,Mejillón Media Concha kg,3010754,,279.00,https://www.chedraui.com.mx/mejillon-media-concha-kg-3010754/p
2026-07-07 21:43:30,Chedraui,carnes-pescados-y-mariscos,,Lengua Cerdo kg,3102691,,164.00,https://www.chedraui.com.mx/lengua-cerdo-kg-3102691/p
2026-07-07 21:43:30,Chedraui,carnes-pescados-y-mariscos,,Marlin Lomo Ahumado Selecto kg,3753302,,299.00,https://www.chedraui.com.mx/marlin-lomo-ahumado-selecto-kg-3753302/p
2026-07-07 21:43:30,Chedraui,carnes-pescados-y-mariscos,,Pollo Entero Marinado a la Parilla por Kg,3820436,,70.00,https://www.chedraui.com.mx/pollo-entero-marinado-a-la-parilla-por-kg-3820436/p
2026-07-07 21:43:30,Chedraui,carnes-pescados-y-mariscos,,Cocido Comercial kg,3532940,,134.00,https://www.chedraui.com.mx/cocido-comercial-kg-3532940/p
2026-07-07 21:43:30,Chedraui,carnes-pescados-y-mariscos,,Pechuga con Hueso de Pollo Kg,3889236,,151.00,https://www.chedraui.com.mx/pechuga-con-hueso-de-pollo-kg-3889236/p
2026-07-07 21:43:30,Chedraui,carnes-pescados-y-mariscos,,Carne Molida Aires de Campo de Res Orgánica 500g,3643379,,209.00,https://www.chedraui.com.mx/carne-molida-aires-de-campo-de-res-organica-500g-3643379/p
2026-07-07 21:43:30,Chedraui,carnes-pescados-y-mariscos,,Alitas Nutrypollo Chile Limón 500g,3652002,,58.00,https://www.chedraui.com.mx/alitas-nutrypollo-chile-limon-500g-3652002/p
2026-07-07 21:43:30,Chedraui,carnes-pescados-y-mariscos,,Cuero sin Grasa Cerdo kg,3102723,,44.00,https://www.chedraui.com.mx/cuero-sin-grasa-cerdo-kg-3102723/p
2026-07-07 21:43:30,Chedraui,carnes-pescados-y-mariscos,,Pechuga Del Día Rellenas 490g,3670384,,76.00,https://www.chedraui.com.mx/pechuga-del-dia-rellenas-490g-3670384/p
2026-07-07 21:43:30,Chedraui,carnes-pescados-y-mariscos,,Almeja Chocolata Selecto Kg,3753481,,109.00,https://www.chedraui.com.mx/almeja-chocolata-selecto-kg-3753481/p
2026-07-07 21:43:30,Chedraui,carnes-pescados-y-mariscos,,Cuero Delgado de Pierna de Cerdo por kg.,3538811,,77.00,https://www.chedraui.com.mx/cuero-delgado-de-pierna-de-cerdo-por-kg-3538811/p
2026-07-07 21:43:30,Chedraui,carnes-pescados-y-mariscos,,Pulpo Cocido La Sanitaria 500g,3770433,,384.00,https://www.chedraui.com.mx/pulpo-cocido-la-sanitaria-500g-3770433/p
2026-07-07 21:43:44,Chedraui,carnes-pescados-y-mariscos,,Mojarra Pluma kg,3010186,,42.20,https://www.chedraui.com.mx/mojarra-pluma-kg-3010186/p
2026-07-07 21:43:44,Chedraui,carnes-pescados-y-mariscos,,Carne para Hamburguesa Res Kosher 6 Pzas,3836373,,359.00,https://www.chedraui.com.mx/carne-para-hamburguesa-res-kosher-6-pzas-3836373/p
2026-07-07 21:43:44,Chedraui,carnes-pescados-y-mariscos,,New York Wagyu Japonés kg,3548111,,4290.00,https://www.chedraui.com.mx/new-york-wagyu-japones-kg-3548111/p
2026-07-07 21:43:44,Chedraui,carnes-pescados-y-mariscos,,Camarón U/8kg,3121648,,950.00,https://www.chedraui.com.mx/camaron-u8kg-3121648/p
2026-07-07 21:43:44,Chedraui,carnes-pescados-y-mariscos,,Arrachera Búfalo Orgánica Indomitus 500g,3694284,,399.00,https://www.chedraui.com.mx/arrachera-bufalo-organica-indomitus-500g-3694284/p
2026-07-07 21:43:44,Chedraui,carnes-pescados-y-mariscos,,Ostión Vivo Extragrande por Pieza,3272931,,39.00,https://www.chedraui.com.mx/ostion-vivo-extragrande-por-pieza-3272931/p
2026-07-07 21:43:44,Chedraui,carnes-pescados-y-mariscos,,Chambarete sin Hueso Res Kosher kg,3102636,,329.00,https://www.chedraui.com.mx/chambarete-sin-hueso-res-kosher-kg-3102636/p
2026-07-07 21:43:44,Chedraui,carnes-pescados-y-mariscos,,Sirloin Wagyu Japonés kg,3548112,,3200.00,https://www.chedraui.com.mx/sirloin-wagyu-japones-kg-3548112/p
2026-07-07 21:43:44,Chedraui,carnes-pescados-y-mariscos,,Papada de Cerdo Altosano Kg,3774898,,229.00,https://www.chedraui.com.mx/papada-de-cerdo-altosano-kg-3774898/p
2026-07-07 21:43:44,Chedraui,carnes-pescados-y-mariscos,,Pulpa de Jaiba kg,3010680,,495.00,https://www.chedraui.com.mx/pulpa-de-jaiba-kg-3010680/p
2026-07-07 21:43:44,Chedraui,carnes-pescados-y-mariscos,,New York Wagyu Res Cross Kg,3838091,,1499.00,https://www.chedraui.com.mx/new-york-wagyu-res-cross-kg-3838091/p
2026-07-07 21:43:44,Chedraui,carnes-pescados-y-mariscos,,Costilla para Cocido de Res kg,3532943,,169.00,https://www.chedraui.com.mx/costilla-para-cocido-de-res-kg-3532943/p
2026-07-07 21:43:44,Chedraui,carnes-pescados-y-mariscos,,Rib Eye Wagyu Americano por kg,3223777,,2519.00,https://www.chedraui.com.mx/rib-eye-wagyu-americano-por-kg-3223777/p
2026-07-07 21:43:44,Chedraui,carnes-pescados-y-mariscos,,Pierna Cerdo sin Piel con Codillo Kg,3537324,,82.00,https://www.chedraui.com.mx/pierna-cerdo-sin-piel-con-codillo-kg-3537324/p
2026-07-07 21:43:44,Chedraui,carnes-pescados-y-mariscos,,Brisket de Res por kg,3532935,,299.00,https://www.chedraui.com.mx/brisket-de-res-por-kg-3532935/p
2026-07-07 21:43:44,Chedraui,carnes-pescados-y-mariscos,,Rack Cordero Fresco kg,3216465,,657.00,https://www.chedraui.com.mx/rack-cordero-fresco-kg-3216465/p
2026-07-07 21:44:00,Chedraui,carnes-pescados-y-mariscos,,Chuletón de Res kg,3364706,,269.00,https://www.chedraui.com.mx/chuleton-de-res-kg-3364706/p
2026-07-07 21:44:00,Chedraui,carnes-pescados-y-mariscos,,Aguja Norteña de Res Mostaza Kg,3873737,,239.90,https://www.chedraui.com.mx/aguja-nortena-de-res-mostaza-kg-3873737/p
2026-07-07 21:44:00,Chedraui,carnes-pescados-y-mariscos,,Chambarete con Hueso Res Kosher kg,3102602,,276.00,https://www.chedraui.com.mx/chambarete-con-hueso-res-kosher-kg-3102602/p
2026-07-07 21:44:00,Chedraui,carnes-pescados-y-mariscos,,Ostión Fresco en Agua Frasco,3010787,,99.00,https://www.chedraui.com.mx/ostion-fresco-en-agua-frasco-3010787/p
2026-07-07 21:44:00,Chedraui,carnes-pescados-y-mariscos,,Bistec Paleta para Asar de Res por Kg,3102627,,259.00,https://www.chedraui.com.mx/bistec-paleta-para-asar-de-res-por-kg-3102627/p
2026-07-07 21:44:00,Chedraui,carnes-pescados-y-mariscos,,Hamburguesa de Sirloin de Res Choice Kg,3869612,,519.00,https://www.chedraui.com.mx/hamburguesa-de-sirloin-de-res-choice-kg-3869612/p
2026-07-07 21:44:00,Chedraui,carnes-pescados-y-mariscos,,Lisa por Kg,3010174,,49.90,https://www.chedraui.com.mx/lisa-por-kg-3010174/p
2026-07-07 21:44:00,Chedraui,carnes-pescados-y-mariscos,,Espinazo de Cerdo Cargado kg,3716721,,134.00,https://www.chedraui.com.mx/espinazo-de-cerdo-cargado-kg-3716721/p
2026-07-07 21:44:00,Chedraui,carnes-pescados-y-mariscos,,Alitas Nutrypollo Habanero 500g,3652004,,58.00,https://www.chedraui.com.mx/alitas-nutrypollo-habanero-500g-3652004/p
2026-07-07 21:44:00,Chedraui,carnes-pescados-y-mariscos,,Filete de Salmón Kosher Corazón de Mar 1kg,3577773,,539.00,https://www.chedraui.com.mx/filete-de-salmon-kosher-corazon-de-mar-1kg-3577773/p
2026-07-07 21:44:00,Chedraui,carnes-pescados-y-mariscos,,Ribeye Res Kosher 2 Pzas,3836384,,495.00,https://www.chedraui.com.mx/ribeye-res-kosher-2-pzas-3836384/p
2026-07-07 21:44:00,Chedraui,carnes-pescados-y-mariscos,,Camarón Seco Pescamar sin Cabeza kg,3503409,,559.00,https://www.chedraui.com.mx/camaron-seco-pescamar-sin-cabeza-kg-3503409/p
2026-07-07 21:44:00,Chedraui,carnes-pescados-y-mariscos,,Molida de Pulpa Negra Res Premium por kg,3364704,,267.00,https://www.chedraui.com.mx/molida-de-pulpa-negra-res-premium-por-kg-3364704/p
2026-07-07 21:44:00,Chedraui,carnes-pescados-y-mariscos,,Picada Pulpa de Res por Kg,3818175,,164.00,https://www.chedraui.com.mx/picada-pulpa-de-respor-kg-3818175/p
2026-07-07 21:44:00,Chedraui,carnes-pescados-y-mariscos,,Camarón U10 kg,3010625,,848.00,https://www.chedraui.com.mx/camaron-u10-kg-3010625/p
2026-07-07 21:44:00,Chedraui,carnes-pescados-y-mariscos,,Pulpo Cocido Brasa Kg,3746508,,999.00,https://www.chedraui.com.mx/pulpo-cocido-brasa-kg-3746508/p
2026-07-07 21:44:15,Chedraui,carnes-pescados-y-mariscos,,Bife de Chorizo por kg,3458683,,364.00,https://www.chedraui.com.mx/bife-de-chorizo-por-kg-3458683/p
2026-07-07 21:44:15,Chedraui,carnes-pescados-y-mariscos,,Pecho de Cerdo kg,3376294,,104.00,https://www.chedraui.com.mx/pecho-de-cerdo-kg-3376294/p
2026-07-07 21:44:15,Chedraui,carnes-pescados-y-mariscos,,Chuleta Adobada de Sirloin de Puerco por kg,3532948,,164.00,https://www.chedraui.com.mx/chuleta-adobada-de-sirloin-de-puerco-por-kg-3532948/p
2026-07-07 21:44:15,Chedraui,carnes-pescados-y-mariscos,,Cubos Diezmillo Wagyu Res Cross Kg,3838093,,690.00,https://www.chedraui.com.mx/cubos-diezmillo-wagyu-res-cross-kg-3838093/p
2026-07-07 21:44:15,Chedraui,carnes-pescados-y-mariscos,,Deshebrada de Pulpa Negra Res kg,3532918,,274.00,https://www.chedraui.com.mx/deshebrada-de-pulpa-negra-res-kg-3532918/p
2026-07-07 21:44:15,Chedraui,carnes-pescados-y-mariscos,,Pierna de Pollo Kg,3889640,,98.00,https://www.chedraui.com.mx/pierna-de-pollo-kg-3889640/p
2026-07-07 21:44:15,Chedraui,carnes-pescados-y-mariscos,,Ciabatta Bimbo Pavo 6 Piezas 130g,3886442,,325.00,https://www.chedraui.com.mx/ciabatta-bimbo-pavo-6-piezas-130g-3886442/p
2026-07-07 21:44:15,Chedraui,carnes-pescados-y-mariscos,,Salami Res Natural Kosher 250 Gr,3836377,,109.00,https://www.chedraui.com.mx/salami-res-natural-kosher-250-gr-3836377/p
2026-07-07 21:44:15,Chedraui,carnes-pescados-y-mariscos,,Camarón Pacotilla Pulpa kg,3010605,,379.00,https://www.chedraui.com.mx/camaron-pacotilla-pulpa-kg-3010605/p
2026-07-07 21:44:15,Chedraui,carnes-pescados-y-mariscos,,Pierna Muslo Anatómica Congelado por Kg,3396716,,81.00,https://www.chedraui.com.mx/pierna-muslo-anatomica-congelado-por-kg-3396716/p
2026-07-07 21:44:15,Chedraui,carnes-pescados-y-mariscos,,Asiento de Chicharrón Porky Kg,3121459,,93.00,https://www.chedraui.com.mx/asiento-de-chicharron-porky-kg-3121459/p
2026-07-07 21:44:15,Chedraui,carnes-pescados-y-mariscos,,Arrachera de Pollo Jalapeño 500g,3577613,,86.00,https://www.chedraui.com.mx/arrachera-de-pollo-jalapeno-500g-3577613/p
2026-07-07 21:44:15,Chedraui,carnes-pescados-y-mariscos,,Ciabatta Bimbo Quesos 6 Piezas 130g,3886445,,325.00,https://www.chedraui.com.mx/ciabatta-bimbo-quesos-6-piezas-130g-3886445/p
2026-07-07 21:44:15,Chedraui,carnes-pescados-y-mariscos,,Pechuga de Pavo Ahumado con Hueso Kg,3724450,,139.00,https://www.chedraui.com.mx/pechuga-de-pavo-ahumado-con-hueso-kg-3724450/p
2026-07-07 21:44:15,Chedraui,carnes-pescados-y-mariscos,,Camarón U15 kg,3010647,,670.00,https://www.chedraui.com.mx/camaron-u15-kg-3010647/p
2026-07-07 21:44:15,Chedraui,carnes-pescados-y-mariscos,,Camarón Macuil Selecto kg,3262912,,539.00,https://www.chedraui.com.mx/camaron-macuil-selecto-kg-3262912/p
2026-07-07 21:44:29,Chedraui,carnes-pescados-y-mariscos,,Almeja Vieira Selecto kg,3753305,,579.00,https://www.chedraui.com.mx/almeja-vieira-selecto-kg-3753305/p
2026-07-07 21:44:29,Chedraui,carnes-pescados-y-mariscos,,Navajas Selecto kg,3753300,,339.00,https://www.chedraui.com.mx/navajas-selecto-kg-3753300/p
2026-07-07 21:44:29,Chedraui,carnes-pescados-y-mariscos,,Chuleta Sirloin de Cerdo por kg,3532960,,134.00,https://www.chedraui.com.mx/chuleta-sirloin-de-cerdo-por-kg-3532960/p
2026-07-07 21:44:29,Chedraui,carnes-pescados-y-mariscos,,Pechuga de Pollo con Hueso Anatómico Fresco por kg,3332536,,151.00,https://www.chedraui.com.mx/pechuga-de-pollo-con-hueso-anatomico-fresco-por-kg-3332536/p
2026-07-07 21:44:29,Chedraui,carnes-pescados-y-mariscos,,Salchicha Res Arabe Kosher 500 gr,3836382,,192.00,https://www.chedraui.com.mx/salchicha-res-arabe-kosher-500-gr-3836382/p
2026-07-07 21:44:29,Chedraui,carnes-pescados-y-mariscos,,Fajita de Pulpa Negra Res kg,3532930,,274.00,https://www.chedraui.com.mx/fajita-de-pulpa-negra-res-kg-3532930/p
2026-07-07 21:44:29,Chedraui,carnes-pescados-y-mariscos,,Pargo Huachinango por Kg,3010259,,369.00,https://www.chedraui.com.mx/pargo-huachinango-por-kg-3010259/p
2026-07-07 21:44:29,Chedraui,carnes-pescados-y-mariscos,,Muslo Fresco Marinado para la Parilla por Kg,3820438,,89.90,https://www.chedraui.com.mx/muslo-fresco-marinado-para-la-parilla-por-kg-3820438/p
2026-07-07 21:44:29,Chedraui,carnes-pescados-y-mariscos,,Arrachera de Pollo Norteño 500g,3577614,,84.00,https://www.chedraui.com.mx/arrachera-de-pollo-norteno-500g-3577614/p
2026-07-07 21:44:29,Chedraui,carnes-pescados-y-mariscos,,Pierna y Muslo sin Piel de Pollo Kg,3889642,,104.00,https://www.chedraui.com.mx/pierna-y-muslo-sin-piel-de-pollo-kg-3889642/p
2026-07-07 21:44:29,Chedraui,carnes-pescados-y-mariscos,,Pavo Entero Ahumado Red Daimond Kg,3846791,,154.00,https://www.chedraui.com.mx/pavo-entero-ahumado-red-daimond-kg-3846791/p
2026-07-07 21:44:29,Chedraui,carnes-pescados-y-mariscos,,Ensalada Seca Sabor Surimi 250g,3120811,,53.00,https://www.chedraui.com.mx/ensalada-seca-sabor-surimi-250g-3120811/p
2026-07-07 21:44:29,Chedraui,carnes-pescados-y-mariscos,,Pollo Entero Kosher por kg,3260912,,140.00,https://www.chedraui.com.mx/pollo-entero-kosher-por-kg-3260912/p
2026-07-07 21:44:29,Chedraui,carnes-pescados-y-mariscos,,Chuleta de Res Choice Kg,3815548,,699.00,https://www.chedraui.com.mx/chuleta-de-res-choice-kg-3815548/p
2026-07-07 21:44:29,Chedraui,carnes-pescados-y-mariscos,,Matambre de Cerdo kg,3458688,,179.00,https://www.chedraui.com.mx/matambre-de-cerdo-kg-3458688/p
2026-07-07 21:44:29,Chedraui,carnes-pescados-y-mariscos,,Chuleta de Cerdo Finas Hierbas Mar Kg,3753298,,137.00,https://www.chedraui.com.mx/chuleta-de-cerdo-finas-hierbas-mar-kg-3753298/p
2026-07-07 21:44:43,Chedraui,carnes-pescados-y-mariscos,,Pierna Bate en Charola Pollo kg,3154718,,69.90,https://www.chedraui.com.mx/pierna-bate-en-charola-pollo-kg-3154718/p
2026-07-07 21:44:43,Chedraui,carnes-pescados-y-mariscos,,New York Wagyu Americano kg,3223778,,2419.00,https://www.chedraui.com.mx/new-york-wagyu-americano-kg-3223778/p
2026-07-07 21:44:43,Chedraui,carnes-pescados-y-mariscos,,Pierna Fresca Marinada para la Parilla Kg,3820437,,94.90,https://www.chedraui.com.mx/pierna-fresca-marinada-para-la-parilla-kg-3820437/p
2026-07-07 21:44:43,Chedraui,carnes-pescados-y-mariscos,,Muslo de Pavo Ahumado Kg,3724844,,139.00,https://www.chedraui.com.mx/muslo-de-pavo-ahumado-kg-3724844/p
2026-07-07 21:44:43,Chedraui,carnes-pescados-y-mariscos,,Pechuga Finas Hierbas Kg,3874075,,154.00,https://www.chedraui.com.mx/pechuga-finas-hierbas-kg-3874075/p
2026-07-07 21:44:43,Chedraui,carnes-pescados-y-mariscos,,Sierra Ahumada Prep Jalapeño 250g,3252719,,63.00,https://www.chedraui.com.mx/sierra-ahumada-prep-jalapeno-250g-3252719/p
2026-07-07 21:44:43,Chedraui,carnes-pescados-y-mariscos,,Brocheta Res Kosher kg,3102633,,326.00,https://www.chedraui.com.mx/brocheta-res-kosher-kg-3102633/p
2026-07-07 21:44:43,Chedraui,carnes-pescados-y-mariscos,,Pierna y Muslo de Pollo Kosher Kg,3102529,,135.00,https://www.chedraui.com.mx/pierna-y-muslo-de-pollo-kosher-kg-3102529/p
2026-07-07 21:44:43,Chedraui,carnes-pescados-y-mariscos,,Salchicha Ranchera kg,3224209,,129.00,https://www.chedraui.com.mx/salchicha-ranchera-kg-3224209/p
2026-07-07 21:44:43,Chedraui,carnes-pescados-y-mariscos,,Camarón Pelado Desvenado Grande kg,3669659,,499.00,https://www.chedraui.com.mx/camaron-pelado-desvenado-grande-kg-3669659/p
2026-07-07 21:44:43,Chedraui,carnes-pescados-y-mariscos,,Camarón U12 kg,3010637,,749.00,https://www.chedraui.com.mx/camaron-u12-kg-3010637/p
2026-07-07 21:44:44,Chedraui,carnes-pescados-y-mariscos,,Cangrejo Moro Grande Selecto kg,3753282,,759.00,https://www.chedraui.com.mx/cangrejo-moro-grande-selecto-kg-3753282/p
2026-07-07 21:44:44,Chedraui,carnes-pescados-y-mariscos,,Picada Para Discada Mixta por Kg,3818178,,159.00,https://www.chedraui.com.mx/picada-para-discada-mixta-por-kg-3818178/p
2026-07-07 21:44:44,Chedraui,carnes-pescados-y-mariscos,,Kabab de Res Kosher 12 Pzas,3836374,,359.00,https://www.chedraui.com.mx/kabab-de-res-kosher-12-pzas-3836374/p
2026-07-07 21:44:44,Chedraui,carnes-pescados-y-mariscos,,Chuleta de Cerdo Finas Hierbas kg,3695865,,119.00,https://www.chedraui.com.mx/chuleta-de-cerdo-finas-hierbas-kg-3695865/p
2026-07-07 21:44:44,Chedraui,carnes-pescados-y-mariscos,,Churrasco Estabulado Res por kg,3102637,,294.00,https://www.chedraui.com.mx/churrasco-estabulado-res-por-kg-3102637/p
2026-07-07 21:44:57,Chedraui,carnes-pescados-y-mariscos,,Retazo Res Kosher por kg,3102618,,244.00,https://www.chedraui.com.mx/retazo-res-kosher-por-kg-3102618/p
2026-07-07 21:44:57,Chedraui,carnes-pescados-y-mariscos,,Huachinango Pargo Selecto,3576201,,364.00,https://www.chedraui.com.mx/huachinango-pargo-selecto-3576201/p
2026-07-07 21:44:57,Chedraui,carnes-pescados-y-mariscos,,Salmón en Porciones Camanchaca 500g,3752868,,289.00,https://www.chedraui.com.mx/salmon-en-porciones-camanchaca-500g-3752868/p
2026-07-07 21:44:57,Chedraui,carnes-pescados-y-mariscos,,Milanesa Empanizado Jalapeño Kg,3874073,,200.00,https://www.chedraui.com.mx/milanesa-empanizado-jalapeno-kg-3874073/p
2026-07-07 21:44:57,Chedraui,carnes-pescados-y-mariscos,,Flecha de Res Mostaza por kg,3572622,,175.00,https://www.chedraui.com.mx/flecha-de-res-mostaza-por-kg-3572622/p
2026-07-07 21:44:57,Chedraui,carnes-pescados-y-mariscos,,Filete de pescado Marinado Finas Hierbas por kg,3242134,,154.00,https://www.chedraui.com.mx/filete-de-pescado-marinado-finas-hierbas-por-kg-3242134/p
2026-07-07 21:44:57,Chedraui,carnes-pescados-y-mariscos,,Carne Nutrypollo al Pastor 500g,3652006,,80.00,https://www.chedraui.com.mx/carne-nutrypollo-al-pastor-500g-3652006/p
2026-07-07 21:44:57,Chedraui,carnes-pescados-y-mariscos,,Muslo Natural de Pavo Kg,3724843,,115.90,https://www.chedraui.com.mx/muslo-natural-de-pavo-kg-3724843/p
2026-07-07 21:44:57,Chedraui,carnes-pescados-y-mariscos,,Tiras de Pescado kg,3234196,,219.00,https://www.chedraui.com.mx/tiras-de-pescado-kg-3234196/p
2026-07-07 21:44:57,Chedraui,carnes-pescados-y-mariscos,,Chorizo de Res Kosher 4 Pzas,3836371,,419.00,https://www.chedraui.com.mx/chorizo-de-res-kosher-4-pzas-3836371/p
2026-07-07 21:44:57,Chedraui,carnes-pescados-y-mariscos,,Picada Cerdo para Disco por Kg,3818176,,159.00,https://www.chedraui.com.mx/picada-cerdo-para-discopor-kg-3818176/p
2026-07-07 21:44:57,Chedraui,carnes-pescados-y-mariscos,,Asado de Tira Sta Rita Res por kg,3285471,,239.00,https://www.chedraui.com.mx/asado-de-tira-sta-rita-res-por-kg-3285471/p
2026-07-07 21:44:57,Chedraui,carnes-pescados-y-mariscos,,Rabadilla y Huacal de Pollo por kg,3332561,,49.90,https://www.chedraui.com.mx/rabadilla-y-huacal-de-pollo-por-kg-3332561/p
2026-07-07 21:44:57,Chedraui,carnes-pescados-y-mariscos,,Huachinango Chico kg,3200363,,169.00,https://www.chedraui.com.mx/huachinango-chico-kg-3200363/p
2026-07-07 21:44:57,Chedraui,carnes-pescados-y-mariscos,,Chuleta Kurobuta Cerdo kg,3223890,,619.00,https://www.chedraui.com.mx/chuleta-kurobuta-cerdo-kg-3223890/p
2026-07-07 21:44:57,Chedraui,carnes-pescados-y-mariscos,,Chorizo Rojo Cerdo Ag kg,3102713,,107.00,https://www.chedraui.com.mx/chorizo-rojo-cerdo-ag-kg-3102713/p
2026-07-07 21:45:11,Chedraui,carnes-pescados-y-mariscos,,Pierna de Pollo Sin Hueso y Sin Piel Just Bare 445g,3810434,,67.00,https://www.chedraui.com.mx/pierna-de-pollo-sin-hueso-y-sin-piel-just-bare-445g-3810434/p
2026-07-07 21:45:11,Chedraui,carnes-pescados-y-mariscos,,Camarón Seco kg,3010711,,519.00,https://www.chedraui.com.mx/camaron-seco-kg-3010711/p
2026-07-07 21:45:11,Chedraui,carnes-pescados-y-mariscos,,Paleta de Res sin Hueso por Kg,3833987,,151.90,https://www.chedraui.com.mx/paleta-de-res-sin-hueso-por-kg-3833987/p
2026-07-07 21:45:11,Chedraui,carnes-pescados-y-mariscos,,Pescuezo de Pollo por Kg,3109879,,44.90,https://www.chedraui.com.mx/pescuezo-de-pollo-por-kg-3109879/p
2026-07-07 21:45:11,Chedraui,carnes-pescados-y-mariscos,,Hamburguesa Desayuno Cerdo por kg,3224298,,159.00,https://www.chedraui.com.mx/hamburguesa-desayuno-cerdo-por-kg-3224298/p
2026-07-07 21:45:11,Chedraui,carnes-pescados-y-mariscos,,Pan Wow Bao Manzana Canela 283g,3882941,,240.00,https://www.chedraui.com.mx/pan-wow-bao-manzana-canela-283g-3882941/p
2026-07-07 21:45:11,Chedraui,carnes-pescados-y-mariscos,,Pierna de Pavo Ahumada Rend Kg,3724452,,139.00,https://www.chedraui.com.mx/pierna-de-pavo-ahumada-rend-kg-3724452/p
2026-07-07 21:45:11,Chedraui,carnes-pescados-y-mariscos,,Hamburguesa Cerdo kg,3224295,,159.00,https://www.chedraui.com.mx/hamburguesa-cerdo-kg-3224295/p
2026-07-07 21:45:11,Chedraui,carnes-pescados-y-mariscos,,Pierna Light de Pollo Kg,3889641,,102.00,https://www.chedraui.com.mx/pierna-light-de-pollo-kg-3889641/p
2026-07-07 21:45:11,Chedraui,carnes-pescados-y-mariscos,,Salchicha Mexicana kg,3224290,,129.00,https://www.chedraui.com.mx/salchicha-mexicana-kg-3224290/p
2026-07-07 21:45:11,Chedraui,carnes-pescados-y-mariscos,,Aguja de Cerdo sin Hueso kg,3716723,,132.00,https://www.chedraui.com.mx/aguja-de-cerdo-sin-hueso-kg-3716723/p
2026-07-07 21:45:11,Chedraui,carnes-pescados-y-mariscos,,Chuleta del 0 Mostaza por kg,3572620,,169.00,https://www.chedraui.com.mx/chuleta-del-0-mostaza-por-kg-3572620/p
2026-07-07 21:45:11,Chedraui,carnes-pescados-y-mariscos,,Brocheta de Pulpa Negra Res kg,3532919,,267.00,https://www.chedraui.com.mx/brocheta-de-pulpa-negra-res-kg-3532919/p
2026-07-07 21:45:11,Chedraui,carnes-pescados-y-mariscos,,Fajitas Saborizadas Chipotle Kg,3874074,,194.00,https://www.chedraui.com.mx/fajitas-saborizadas-chipotle-kg-3874074/p
2026-07-07 21:45:11,Chedraui,carnes-pescados-y-mariscos,,Milanesa Parmesana Kg,3874072,,200.00,https://www.chedraui.com.mx/milanesa-parmesana-kg-3874072/p
2026-07-07 21:45:11,Chedraui,carnes-pescados-y-mariscos,,Milanesa Empanizada Kg,3874071,,200.00,https://www.chedraui.com.mx/milanesa-empanizada-kg-3874071/p
2026-07-07 21:45:25,Chedraui,carnes-pescados-y-mariscos,,Fajita de Cerdo Kg,3873739,,134.90,https://www.chedraui.com.mx/fajita-de-cerdo-kg-3873739/p
2026-07-07 21:45:25,Chedraui,carnes-pescados-y-mariscos,,Club Steak de Res Kg,3833986,,224.00,https://www.chedraui.com.mx/club-steak-de-res-kg-3833986/p
2026-07-07 21:45:25,Chedraui,carnes-pescados-y-mariscos,,Pollo Entero Fresco con Piel Sabro Kg,3803074,,81.90,https://www.chedraui.com.mx/pollo-entero-fresco-con-piel-sabro-kg-3803074/p
2026-07-07 21:45:25,Chedraui,carnes-pescados-y-mariscos,,Aguja de Cerdo sin Hueso Rebanada kg,3716722,,132.00,https://www.chedraui.com.mx/aguja-de-cerdo-sin-hueso-rebanada-kg-3716722/p
2026-07-07 21:45:25,Chedraui,carnes-pescados-y-mariscos,,Back Ribs Choice por kg,3607647,,709.00,https://www.chedraui.com.mx/back-ribs-choice-por-kg-3607647/p
2026-07-07 21:45:25,Chedraui,carnes-pescados-y-mariscos,,Chuleta del 7 Mostaza por kg,3572621,,169.00,https://www.chedraui.com.mx/chuleta-del-7-mostaza-por-kg-3572621/p
2026-07-07 21:45:25,Chedraui,carnes-pescados-y-mariscos,,Chorizo Verde Toluca Cerdo Ag por Kg,3102717,,104.00,https://www.chedraui.com.mx/chorizo-verde-toluca-cerdo-ag-por-kg-3102717/p
2026-07-07 21:45:25,Chedraui,carnes-pescados-y-mariscos,,Chicharrón Zaachila Cerdo por kg,3102711,,214.00,https://www.chedraui.com.mx/chicharron-zaachila-cerdo-por-kg-3102711/p
2026-07-07 21:45:25,Chedraui,carnes-pescados-y-mariscos,,Milanesa de Cerdo Bachoco 500g,3877845,,,https://www.chedraui.com.mx/milanesa-de-cerdo-bachoco-500g-3877845/p
2026-07-07 21:46:18,Chedraui,frutas-y-verduras,,Aguacate Hass por Kg,3102848,64.00,29.90,https://www.chedraui.com.mx/aguacate-hass-por-kg-3102848/p
2026-07-07 21:46:18,Chedraui,frutas-y-verduras,,Cereza Natural kg,3102794,125.00,95.00,https://www.chedraui.com.mx/cereza-natural-kg-3102794/p
2026-07-07 21:46:18,Chedraui,frutas-y-verduras,,Limón sin Semilla por Kg,3102776,24.90,12.50,https://www.chedraui.com.mx/limon-sin-semilla-por-kg-3102776/p
2026-07-07 21:46:18,Chedraui,frutas-y-verduras,,Tomate Saladet por kg,3102861,24.50,12.50,https://www.chedraui.com.mx/tomate-saladet-por-kg-3102861/p
2026-07-07 21:46:18,Chedraui,frutas-y-verduras,,Blue Berry Tamaño Jumbo 278g,3824068,129.00,119.00,https://www.chedraui.com.mx/blue-berry-tamano-jumbo-278g-3824068/p
2026-07-07 21:46:18,Chedraui,frutas-y-verduras,,Brócoli por Kg,3102867,39.50,29.50,https://www.chedraui.com.mx/brocoli-por-kg-3102867/p
2026-07-07 21:46:18,Chedraui,frutas-y-verduras,,Ciruela por kg,3102784,69.00,68.00,https://www.chedraui.com.mx/ciruela-por-kg-3102784/p
2026-07-07 21:46:18,Chedraui,frutas-y-verduras,,Col Blanca por kg,3102879,19.50,14.90,https://www.chedraui.com.mx/col-blanca-por-kg-3102879/p
2026-07-07 21:46:18,Chedraui,frutas-y-verduras,,Mamey por Kg,3102834,30.50,27.50,https://www.chedraui.com.mx/mamey-por-kg-3102834/p
2026-07-07 21:46:18,Chedraui,frutas-y-verduras,,Manzana Granny Smith por Kg,3102803,44.50,39.90,https://www.chedraui.com.mx/manzana-granny-smith-por-kg-3102803/p
2026-07-07 21:46:18,Chedraui,frutas-y-verduras,,Mezcla de Berries 227g,3824067,129.00,109.00,https://www.chedraui.com.mx/mezcla-de-berries-227g-3824067/p
2026-07-07 21:46:18,Chedraui,frutas-y-verduras,,Naranja Paramount kg,3214646,42.50,39.50,https://www.chedraui.com.mx/naranja-paramount-kg-3214646/p
2026-07-07 21:46:18,Chedraui,frutas-y-verduras,,Pera Bartlett kg,3102796,49.90,44.50,https://www.chedraui.com.mx/pera-bartlett-kg-3102796/p
2026-07-07 21:46:18,Chedraui,frutas-y-verduras,,Plátano Chiapas por Kg,3102828,24.00,19.90,https://www.chedraui.com.mx/platano-chiapas-por-kg-3102828/p
2026-07-07 21:46:18,Chedraui,frutas-y-verduras,,Cebolla Blanca por kg,3102851,39.90,26.00,https://www.chedraui.com.mx/cebolla-blanca-por-kg-3102851/p
2026-07-07 21:46:18,Chedraui,frutas-y-verduras,,Zanahoria por kg,3102876,,17.90,https://www.chedraui.com.mx/zanahoria-por-kg-3102876/p
2026-07-07 21:46:31,Chedraui,frutas-y-verduras,,Calabaza Italiana por Kg,3102869,,36.50,https://www.chedraui.com.mx/calabaza-italiana-por-kg-3102869/p
2026-07-07 21:46:31,Chedraui,frutas-y-verduras,,Papa Blanca por kg,3102855,62.00,51.90,https://www.chedraui.com.mx/papa-blanca-por-kg-3102855/p
2026-07-07 21:46:31,Chedraui,frutas-y-verduras,,Pepino Verde por Kg,3102874,,22.50,https://www.chedraui.com.mx/pepino-verde-por-kg-3102874/p
2026-07-07 21:46:31,Chedraui,frutas-y-verduras,,Cilantro Rollo,3100920,,9.90,https://www.chedraui.com.mx/cilantro-rollo-3100920/p
2026-07-07 21:46:31,Chedraui,frutas-y-verduras,,Papaya Maradol por kg,3102815,,38.50,https://www.chedraui.com.mx/papaya-maradol-por-kg-3102815/p
2026-07-07 21:46:31,Chedraui,frutas-y-verduras,,Tomate Verde por kg,3102860,,37.50,https://www.chedraui.com.mx/tomate-verde-por-kg-3102860/p
2026-07-07 21:46:31,Chedraui,frutas-y-verduras,,Limón Colima por Kg,3102774,,34.90,https://www.chedraui.com.mx/limon-colima-por-kg-3102774/p
2026-07-07 21:46:31,Chedraui,frutas-y-verduras,,Chayote sin Espinas por kg,3102870,,29.50,https://www.chedraui.com.mx/chayote-sin-espinas-por-kg-3102870/p
2026-07-07 21:46:31,Chedraui,frutas-y-verduras,,Nopal por kg,3017673,29.50,25.00,https://www.chedraui.com.mx/nopal-por-kg-3017673/p
2026-07-07 21:46:31,Chedraui,frutas-y-verduras,,Melón Chino por Kg,3102830,34.90,34.00,https://www.chedraui.com.mx/melon-chino-por-kg-3102830/p
2026-07-07 21:46:31,Chedraui,frutas-y-verduras,,Espinacas Rollo,3100923,,9.90,https://www.chedraui.com.mx/espinacas-rollo-3100923/p
2026-07-07 21:46:31,Chedraui,frutas-y-verduras,,Chile Serrano por Kg,3109737,,49.90,https://www.chedraui.com.mx/chile-serrano-por-kg-3109737/p
2026-07-07 21:46:31,Chedraui,frutas-y-verduras,,Cebolla Morada por kg,3102852,29.90,22.50,https://www.chedraui.com.mx/cebolla-morada-por-kg-3102852/p
2026-07-07 21:46:31,Chedraui,frutas-y-verduras,,Pera Mantequilla por Kg,3102789,49.90,49.00,https://www.chedraui.com.mx/pera-mantequilla-por-kg-3102789/p
2026-07-07 21:46:31,Chedraui,frutas-y-verduras,,Lechuga Romana Pieza,3100940,,22.00,https://www.chedraui.com.mx/lechuga-romana-pieza-3100940/p
2026-07-07 21:46:31,Chedraui,frutas-y-verduras,,Ajo por Kg,3102887,,89.90,https://www.chedraui.com.mx/ajo-por-kg-3102887/p
2026-07-07 21:46:45,Chedraui,frutas-y-verduras,,Naranja de Jugo por Kg,3102779,,27.90,https://www.chedraui.com.mx/naranja-de-jugo-por-kg-3102779/p
2026-07-07 21:46:45,Chedraui,frutas-y-verduras,,Manzana Golden Chica en Bolsa por Kg,3102807,,54.00,https://www.chedraui.com.mx/manzana-golden-chica-en-bolsa-por-kg-3102807/p
2026-07-07 21:46:45,Chedraui,frutas-y-verduras,,Manzana Golden Mediana por Kg,3102800,,54.50,https://www.chedraui.com.mx/manzana-golden-mediana-por-kg-3102800/p
2026-07-07 21:46:45,Chedraui,frutas-y-verduras,,Mango Paraíso por Kg,3102820,29.90,21.50,https://www.chedraui.com.mx/mango-paraiso-por-kg-3102820/p
2026-07-07 21:46:45,Chedraui,frutas-y-verduras,,Uva Roja sin Semilla por Kg,3102810,57.50,44.00,https://www.chedraui.com.mx/uva-roja-sin-semilla-por-kg-3102810/p
2026-07-07 21:46:45,Chedraui,frutas-y-verduras,,Plátano Macho por Kg,3102825,34.90,29.50,https://www.chedraui.com.mx/platano-macho-por-kg-3102825/p
2026-07-07 21:46:45,Chedraui,frutas-y-verduras,,Pimiento Verde por kg,3109738,99.00,68.50,https://www.chedraui.com.mx/pimiento-verde-por-kg-3109738/p
2026-07-07 21:46:45,Chedraui,frutas-y-verduras,,Perejil Liso Rollo,3100927,11.90,7.90,https://www.chedraui.com.mx/perejil-liso-rollo-3100927/p
2026-07-07 21:46:45,Chedraui,frutas-y-verduras,,Ejote por kg,3102872,,59.90,https://www.chedraui.com.mx/ejote-por-kg-3102872/p
2026-07-07 21:46:45,Chedraui,frutas-y-verduras,,Uva Verde por kg,3102808,,99.00,https://www.chedraui.com.mx/uva-verde-por-kg-3102808/p
2026-07-07 21:46:45,Chedraui,frutas-y-verduras,,Papa Cambray por kg,3102856,49.90,34.50,https://www.chedraui.com.mx/papa-cambray-por-kg-3102856/p
2026-07-07 21:46:45,Chedraui,frutas-y-verduras,,Limón Eureka Paramount kg,3121671,,59.00,https://www.chedraui.com.mx/limon-eureka-paramount-kg-3121671/p
2026-07-07 21:46:45,Chedraui,frutas-y-verduras,,Pimiento Sweet Peppers 3 Piezas,3156464,,54.50,https://www.chedraui.com.mx/pimiento-sweet-peppers-3-piezas-3156464/p
2026-07-07 21:46:45,Chedraui,frutas-y-verduras,,Champiñón Monteblanco Selección 225g,3356345,,33.90,https://www.chedraui.com.mx/champinon-monteblanco-seleccion-225g-3356345/p
2026-07-07 21:46:45,Chedraui,frutas-y-verduras,,Apio por kg,3102881,,36.90,https://www.chedraui.com.mx/apio-por-kg-3102881/p
2026-07-07 21:46:45,Chedraui,frutas-y-verduras,,Espinaca Baby Vegetalistos 125g,3656711,37.90,28.42,https://www.chedraui.com.mx/espinaca-baby-vegetalistos-125g-3656711/p
2026-07-07 21:47:01,Chedraui,frutas-y-verduras,,Tomate Bola por kg,3102859,,39.90,https://www.chedraui.com.mx/tomate-bola-por-kg-3102859/p
2026-07-07 21:47:01,Chedraui,frutas-y-verduras,,Toronja por Kg,3102780,,32.00,https://www.chedraui.com.mx/toronja-por-kg-3102780/p
2026-07-07 21:47:01,Chedraui,frutas-y-verduras,,Cebolla de Cambray por Manojo,3100911,,10.50,https://www.chedraui.com.mx/cebolla-de-cambray-por-manojo-3100911/p
2026-07-07 21:47:01,Chedraui,frutas-y-verduras,,Kiwi por Kg,3102786,100.00,94.50,https://www.chedraui.com.mx/kiwi-por-kg-3102786/p
2026-07-07 21:47:01,Chedraui,frutas-y-verduras,,Camote Amarillo por kg,3110068,,59.90,https://www.chedraui.com.mx/camote-amarillo-por-kg-3110068/p
2026-07-07 21:47:01,Chedraui,frutas-y-verduras,,Mandarina Chumis 674g,3679957,,68.90,https://www.chedraui.com.mx/mandarina-chumis-674g-3679957/p
2026-07-07 21:47:01,Chedraui,frutas-y-verduras,,Chile Poblano por Kg,3109736,,59.90,https://www.chedraui.com.mx/chile-poblano-por-kg-3109736/p
2026-07-07 21:47:01,Chedraui,frutas-y-verduras,,Zarzamora por Pieza,3100901,,48.50,https://www.chedraui.com.mx/zarzamora-por-pieza-3100901/p
2026-07-07 21:47:01,Chedraui,frutas-y-verduras,,Lechuga Eva Italiana Viva 1 Pieza,3154880,,39.10,https://www.chedraui.com.mx/lechuga-eva-italiana-viva-1-pieza-3154880/p
2026-07-07 21:47:01,Chedraui,frutas-y-verduras,,Mango Manila por Kg,3102818,,49.90,https://www.chedraui.com.mx/mango-manila-por-kg-3102818/p
2026-07-07 21:47:01,Chedraui,frutas-y-verduras,,Espinaca Baby Vegetalistos 250g,3224393,61.90,46.42,https://www.chedraui.com.mx/espinaca-baby-vegetalistos-250g-3224393/p
2026-07-07 21:47:01,Chedraui,frutas-y-verduras,,Acelgas Rollo,3100919,,9.90,https://www.chedraui.com.mx/acelgas-rollo-3100919/p
2026-07-07 21:47:01,Chedraui,frutas-y-verduras,,Pepino Europeo por Kg,3312937,39.00,19.90,https://www.chedraui.com.mx/pepino-europeo-por-kg-3312937/p
2026-07-07 21:47:01,Chedraui,frutas-y-verduras,,Ajo Enmallado por pieza,3101308,,44.90,https://www.chedraui.com.mx/ajo-enmallado-por-pieza-3101308/p
2026-07-07 21:47:01,Chedraui,frutas-y-verduras,,Jengibre por kg,3017704,,99.00,https://www.chedraui.com.mx/jengibre-por-kg-3017704/p
2026-07-07 21:47:01,Chedraui,frutas-y-verduras,,Chile Habanero por Kg,3109734,,110.00,https://www.chedraui.com.mx/chile-habanero-por-kg-3109734/p
2026-07-07 21:47:14,Chedraui,frutas-y-verduras,,Frambuesa Domo 170g,3100902,,58.50,https://www.chedraui.com.mx/frambuesa-domo-170g-3100902/p
2026-07-07 21:47:14,Chedraui,frutas-y-verduras,,Corazón Apio Mr. Lucky Orgánico 454g,3258586,,32.50,https://www.chedraui.com.mx/corazon-apio-mr-lucky-organico-454g-3258586/p
2026-07-07 21:47:14,Chedraui,frutas-y-verduras,,Blue Berry Domo 170g,3100903,,58.50,https://www.chedraui.com.mx/blue-berry-domo-170g-3100903/p
2026-07-07 21:47:14,Chedraui,frutas-y-verduras,,Mandarina por Kg,3102777,,54.90,https://www.chedraui.com.mx/mandarina-por-kg-3102777/p
2026-07-07 21:47:14,Chedraui,frutas-y-verduras,,Jamaica por kg,3102900,,159.00,https://www.chedraui.com.mx/jamaica-por-kg-3102900/p
2026-07-07 21:47:14,Chedraui,frutas-y-verduras,,Sandía Personal kg,3108755,,22.90,https://www.chedraui.com.mx/sandia-personal-kg-3108755/p
2026-07-07 21:47:14,Chedraui,frutas-y-verduras,,Tomates Cherry NatureSweet Glorys 283g,3356338,56.90,45.52,https://www.chedraui.com.mx/tomates-cherry-naturesweet-glorys-283g-3356338/p
2026-07-07 21:47:14,Chedraui,frutas-y-verduras,,Lechuga Italiana Pieza,3100937,,19.90,https://www.chedraui.com.mx/lechuga-italiana-pieza-3100937/p
2026-07-07 21:47:14,Chedraui,frutas-y-verduras,,Manzana Royal Gala en Bolsa por kg,3017144,44.00,38.00,https://www.chedraui.com.mx/manzana-royal-gala-en-bolsa-por-kg-3017144/p
2026-07-07 21:47:14,Chedraui,frutas-y-verduras,,Lechuga Fresh Garden Sucrine 2 Piezas 270g,3679406,,43.90,https://www.chedraui.com.mx/lechuga-fresh-garden-sucrine-2-piezas-270g-3679406/p
2026-07-07 21:47:14,Chedraui,frutas-y-verduras,,Berenjena por Kg,3102866,64.90,45.00,https://www.chedraui.com.mx/berenjena-por-kg-3102866/p
2026-07-07 21:47:14,Chedraui,frutas-y-verduras,,Camote Morado por kg,3017687,,58.00,https://www.chedraui.com.mx/camote-morado-por-kg-3017687/p
2026-07-07 21:47:14,Chedraui,frutas-y-verduras,,Rábano Cambray Manojo,3017730,,17.90,https://www.chedraui.com.mx/rabano-cambray-manojo-pieza-3017730/p
2026-07-07 21:47:14,Chedraui,frutas-y-verduras,,Durazno Rojo por Kg,3102785,,69.00,https://www.chedraui.com.mx/durazno-rojo-por-kg-3102785/p
2026-07-07 21:47:14,Chedraui,frutas-y-verduras,,Manzana Roja Chica en Bolsa por Kg,3102806,,45.00,https://www.chedraui.com.mx/manzana-roja-chica-en-bolsa-por-kg-3102806/p
2026-07-07 21:47:14,Chedraui,frutas-y-verduras,,Lechuga Eva Francesa Viva 1 Pieza,3154878,,38.90,https://www.chedraui.com.mx/lechuga-eva-francesa-viva-1-pieza-3154878/p
2026-07-07 21:47:29,Chedraui,frutas-y-verduras,,Poro Pieza,3017726,,24.90,https://www.chedraui.com.mx/poro-pieza-3017726/p
2026-07-07 21:47:29,Chedraui,frutas-y-verduras,,Plátano Orgánico por Penca,3621446,,35.00,https://www.chedraui.com.mx/platano-organico-por-penca-3621446/p
2026-07-07 21:47:29,Chedraui,frutas-y-verduras,,Hierba Buena Rollo,3100928,,12.90,https://www.chedraui.com.mx/hierba-buena-rollo-3100928/p
2026-07-07 21:47:29,Chedraui,frutas-y-verduras,,Uva Globo Emperador por kg,3102809,,94.50,https://www.chedraui.com.mx/uva-globo-emperador-por-kg-3102809/p
2026-07-07 21:47:29,Chedraui,frutas-y-verduras,,Ensalada Selecto Campestre 284g,3275423,,39.00,https://www.chedraui.com.mx/ensalada-selecto-campestre-284g-3275423/p
2026-07-07 21:47:29,Chedraui,frutas-y-verduras,,Zanahoria Baby Vegetalistos 340g,3485924,39.90,29.92,https://www.chedraui.com.mx/zanahoria-baby-vegetalistos-340g-3485924/p
2026-07-07 21:47:29,Chedraui,frutas-y-verduras,,Palitos de Apio Orgánico 4 Piezas de 100gr,3285250,,44.50,https://www.chedraui.com.mx/palitos-de-apio-organico-4-piezas-de-100gr-3285250/p
2026-07-07 21:47:29,Chedraui,frutas-y-verduras,,Ensalada Freshly Mixta 300g,3551012,,37.00,https://www.chedraui.com.mx/ensalada-freshly-mixta-300g-3551012/p
2026-07-07 21:47:29,Chedraui,frutas-y-verduras,,Pimiento Naranja por kg,3109740,99.00,59.90,https://www.chedraui.com.mx/pimiento-naranja-por-kg-3109740/p
2026-07-07 21:47:29,Chedraui,frutas-y-verduras,,Cebolla Amarilla por kg,3102853,,24.90,https://www.chedraui.com.mx/cebolla-amarilla-por-kg-3102853/p
2026-07-07 21:47:29,Chedraui,frutas-y-verduras,,Esparrago Verde 454g,3638632,,149.00,https://www.chedraui.com.mx/esparrago-verde-454g-3638632/p
2026-07-07 21:47:29,Chedraui,frutas-y-verduras,,Tomate Cherry Uva NatureSweet 113g,3794612,24.90,11.92,https://www.chedraui.com.mx/tomate-cherry-uva-naturesweet-113g-3794612/p
2026-07-07 21:47:29,Chedraui,frutas-y-verduras,,Calabaza Criolla por Kg,3102868,,42.50,https://www.chedraui.com.mx/calabaza-criolla-por-kg-3102868/p
2026-07-07 21:47:29,Chedraui,frutas-y-verduras,,Albahaca Rollo,3100935,,11.90,https://www.chedraui.com.mx/albahaca-rollo-3100935/p
2026-07-07 21:47:29,Chedraui,frutas-y-verduras,,Pera Bosc por Kg,3102788,,54.90,https://www.chedraui.com.mx/pera-bosc-por-kg-3102788/p
2026-07-07 21:47:29,Chedraui,frutas-y-verduras,,Lechuga Larga Pieza,3159292,,22.50,https://www.chedraui.com.mx/lechuga-larga-pieza-3159292/p
2026-07-07 21:47:44,Chedraui,frutas-y-verduras,,Espinaca Baby Selecto 250g,3854645,,39.90,https://www.chedraui.com.mx/espinaca-baby-selecto-250g-3854645/p
2026-07-07 21:47:44,Chedraui,frutas-y-verduras,,Brócoli en Floretes Fresh Garden 454g,3801146,,39.00,https://www.chedraui.com.mx/brocoli-en-floretes-fresh-garden-454g-3801146/p
2026-07-07 21:47:44,Chedraui,frutas-y-verduras,,Manzana Pink Lady por kg,3190819,,59.90,https://www.chedraui.com.mx/manzana-pink-lady-por-kg-3190819/p
2026-07-07 21:47:44,Chedraui,frutas-y-verduras,,Ensalada Selecto Verde 284g,3275436,,39.00,https://www.chedraui.com.mx/ensalada-selecto-verde-284g-3275436/p
2026-07-07 21:47:44,Chedraui,frutas-y-verduras,,Nopal Cambray por kg,3017675,,74.50,https://www.chedraui.com.mx/nopal-cambray-por-kg-3017675/p
2026-07-07 21:47:44,Chedraui,frutas-y-verduras,,Col Morada por kg,3017693,,36.90,https://www.chedraui.com.mx/col-morada-por-kg-3017693/p
2026-07-07 21:47:44,Chedraui,frutas-y-verduras,,Melón Amarillo por Kg,3102829,,34.90,https://www.chedraui.com.mx/melon-amarillo-por-kg-3102829/p
2026-07-07 21:47:44,Chedraui,frutas-y-verduras,,Zanahoria rallada Vegetalistos 340g,3485928,32.90,24.68,https://www.chedraui.com.mx/zanahoria-rallada-vegetalistos-340g-3485928/p
2026-07-07 21:47:44,Chedraui,frutas-y-verduras,,Nectarina por Kg,3102787,,99.90,https://www.chedraui.com.mx/nectarina-por-kg-3102787/p
2026-07-07 21:47:44,Chedraui,frutas-y-verduras,,Tuna por kg,3102835,58.90,19.90,https://www.chedraui.com.mx/tuna-por-kg-3102835/p
2026-07-07 21:47:44,Chedraui,frutas-y-verduras,,Manzana Granny Smith en Bolsa por kg,3679434,,58.00,https://www.chedraui.com.mx/manzana-granny-smith-en-bolsa-por-kg-3679434/p
2026-07-07 21:47:44,Chedraui,frutas-y-verduras,,Uva Negra sin Semilla kg,3102811,,89.90,https://www.chedraui.com.mx/uva-negra-sin-semilla-kg-3102811/p
2026-07-07 21:47:44,Chedraui,frutas-y-verduras,,Ensalada Ranch Vegetalistos Bolsa 200g,3709732,37.90,28.42,https://www.chedraui.com.mx/ensalada-ranch-vegetalistos-bolsa-200g-3709732/p
2026-07-07 21:47:44,Chedraui,frutas-y-verduras,,Tomates Uva y Cherry NatureSweet Constellation 467g,3592443,94.90,75.92,https://www.chedraui.com.mx/tomates-uva-y-cherry-naturesweet-constellation-467g-3592443/p
2026-07-07 21:47:44,Chedraui,frutas-y-verduras,,Manzana Golden Chumis 552g,3679959,,49.50,https://www.chedraui.com.mx/manzana-golden-chumis-552g-3679959/p
2026-07-07 21:47:44,Chedraui,frutas-y-verduras,,Corazón de Lechuga Orejona Selecto 2 piezas,3867517,,33.50,https://www.chedraui.com.mx/corazon-de-lechuga-orejona-selecto-2-piezas-3867517/p
2026-07-07 21:47:59,Chedraui,frutas-y-verduras,,Lechuga Francesa Pieza,3100936,,19.90,https://www.chedraui.com.mx/lechuga-francesa-pieza-3100936/p
2026-07-07 21:47:59,Chedraui,frutas-y-verduras,,Ensalada Orgánica Earthbound Farm Baby Arúgula 142g,3108805,,124.90,https://www.chedraui.com.mx/ensalada-organica-earthbound-farm-baby-arugula-142g-3108805/p
2026-07-07 21:47:59,Chedraui,frutas-y-verduras,,Mezcla Mr. Lucky Brócoli Coliflor 454g,3651298,,37.00,https://www.chedraui.com.mx/mezcla-mr-lucky-brocoli-coliflor-454g-3651298/p
2026-07-07 21:47:59,Chedraui,frutas-y-verduras,,Lechuga Francesa Corazón de Eva 2 Piezas,3154891,,44.90,https://www.chedraui.com.mx/lechuga-francesa-corazon-de-eva-2-piezas-3154891/p
2026-07-07 21:47:59,Chedraui,frutas-y-verduras,,Lechuga Sweet Crunchy Eva 2 Piezas,3794606,,53.00,https://www.chedraui.com.mx/lechuga-sweet-crunchy-eva-2-piezas-3794606/p
2026-07-07 21:47:59,Chedraui,frutas-y-verduras,,Mandarina Rancho Tierra Generosa 800g,3890330,,49.00,https://www.chedraui.com.mx/mandarina-rancho-tierra-generosa-800g-3890330/p
2026-07-07 21:47:59,Chedraui,frutas-y-verduras,,Romero por Pieza,3108760,,11.90,https://www.chedraui.com.mx/romero-por-pieza-3108760/p
2026-07-07 21:47:59,Chedraui,frutas-y-verduras,,Kiwi Chumis 450g,3679956,,74.50,https://www.chedraui.com.mx/kiwi-chumis-450g-3679956/p
2026-07-07 21:47:59,Chedraui,frutas-y-verduras,,Lechuga Eva Corazones Rústicos 4 Piezas,3613732,,76.90,https://www.chedraui.com.mx/lechuga-eva-corazones-rusticos-4-piezas-3613732/p
2026-07-07 21:47:59,Chedraui,frutas-y-verduras,,Menta Fresca Tiempo de Cosecha 50g,3579215,,43.50,https://www.chedraui.com.mx/menta-fresca-tiempo-de-cosecha-50g-3579215/p
2026-07-07 21:47:59,Chedraui,frutas-y-verduras,,Mini Pepino Persa Campo Vivo Orgánico 400g,3575638,,52.00,https://www.chedraui.com.mx/mini-pepino-persa-campo-vivo-organico-400g-3575638/p
2026-07-07 21:47:59,Chedraui,frutas-y-verduras,,Chile de Árbol por Kg,3109739,,115.00,https://www.chedraui.com.mx/chile-de-arbol-por-kg-3109739/p
2026-07-07 21:47:59,Chedraui,frutas-y-verduras,,Manzana Granny Chumis 552g,3680380,,56.50,https://www.chedraui.com.mx/manzana-granny-chumis-552g-3680380/p
2026-07-07 21:47:59,Chedraui,frutas-y-verduras,,Manzana Fuji kg,3102804,,59.90,https://www.chedraui.com.mx/manzana-fuji-kg-3102804/p
2026-07-07 21:47:59,Chedraui,frutas-y-verduras,,Naranja Agria kg,3102781,,41.00,https://www.chedraui.com.mx/naranja-agria-kg-3102781/p
2026-07-07 21:47:59,Chedraui,frutas-y-verduras,,Germen de Soya por kg,3102898,,64.90,https://www.chedraui.com.mx/germen-de-soya-por-kg-3102898/p
2026-07-07 21:48:14,Chedraui,frutas-y-verduras,,Tomates Cherry NatureSweet Glorys 467g,3794611,94.90,23.92,https://www.chedraui.com.mx/tomates-cherry-naturesweet-glorys-467g-3794611/p
2026-07-07 21:48:14,Chedraui,frutas-y-verduras,,Jitomate Cherry Campo Vivo Orgánico 280g,3231132,,48.50,https://www.chedraui.com.mx/jitomate-cherry-campo-vivo-organico-280g-3231132/p
2026-07-07 21:48:14,Chedraui,frutas-y-verduras,,Lechuga Nutribits Corazón de Lechuga 3 Piezas,3103017,,49.90,https://www.chedraui.com.mx/lechuga-nutribits-corazon-de-lechuga-3-piezas-3103017/p
2026-07-07 21:48:14,Chedraui,frutas-y-verduras,,Lechuga Escarola Pieza,3100941,,17.50,https://www.chedraui.com.mx/lechuga-escarola-pieza-3100941/p
2026-07-07 21:48:14,Chedraui,frutas-y-verduras,,Calabaza Local Granel kg,3224767,,55.00,https://www.chedraui.com.mx/calabaza-local-granel-kg-3224767/p
2026-07-07 21:48:14,Chedraui,frutas-y-verduras,,Champiñón Monteblanco Baby 250g,3101352,,37.90,https://www.chedraui.com.mx/champinon-monteblanco-baby-250g-3101352/p
2026-07-07 21:48:14,Chedraui,frutas-y-verduras,,Manzana Puré Harvest Golden 600g,3534378,,34.50,https://www.chedraui.com.mx/manzana-pure-harvest-golden-600g-3534378/p
2026-07-07 21:48:14,Chedraui,frutas-y-verduras,,Flor de Calabaza por kg,3017702,,99.90,https://www.chedraui.com.mx/flor-de-calabaza-por-kg-3017702/p
2026-07-07 21:48:14,Chedraui,frutas-y-verduras,,Lechuga Fresh Garden Baby 6 Piezas 400g,3100944,,65.90,https://www.chedraui.com.mx/lechuga-fresh-garden-baby-6-piezas-400g-3100944/p
2026-07-07 21:48:14,Chedraui,frutas-y-verduras,,Zanahoria Baby Bolthouse 340g,3383238,,44.50,https://www.chedraui.com.mx/zanahoria-baby-bolthouse-340g-3383238/p
2026-07-07 21:48:14,Chedraui,frutas-y-verduras,,Chile Güero por Kg,3109733,,89.50,https://www.chedraui.com.mx/chile-guero-por-kg-3109733/p
2026-07-07 21:48:14,Chedraui,frutas-y-verduras,,Kale Vegetalistos 150g,3364812,55.90,41.92,https://www.chedraui.com.mx/kale-vegetalistos-150g-3364812/p
2026-07-07 21:48:14,Chedraui,frutas-y-verduras,,Floretes de Coliflor Mr. Lucky 454g,3285534,,33.50,https://www.chedraui.com.mx/floretes-de-coliflor-mr-lucky-454g-3285534/p
2026-07-07 21:48:14,Chedraui,frutas-y-verduras,,Jícama Vegetalistos 454g,3485929,44.00,33.00,https://www.chedraui.com.mx/jicama-vegetalistos-454g-3485929/p
2026-07-07 21:48:14,Chedraui,frutas-y-verduras,,Pepino Criollo kg,3102885,,19.90,https://www.chedraui.com.mx/pepino-criollo-kg-3102885/p
2026-07-07 21:48:14,Chedraui,frutas-y-verduras,,Uva Cotton Candy kg,3476714,,125.00,https://www.chedraui.com.mx/uva-cotton-candy-kg-3476714/p
2026-07-07 21:48:30,Chedraui,frutas-y-verduras,,Higo Pieza,3100909,,89.00,https://www.chedraui.com.mx/higo-pieza-3100909/p
2026-07-07 21:48:30,Chedraui,frutas-y-verduras,,Lechuga Sangría Pieza,3100938,,24.50,https://www.chedraui.com.mx/lechuga-sangria-pieza-3100938/p
2026-07-07 21:48:30,Chedraui,frutas-y-verduras,,Ajo Campo Vivo Orgánico 1 Pieza,3575613,,43.00,https://www.chedraui.com.mx/ajo-campo-vivo-organico-1-pieza-3575613/p
2026-07-07 21:48:30,Chedraui,frutas-y-verduras,,Durazno Amarillo kg,3102791,,120.00,https://www.chedraui.com.mx/durazno-amarillo-kg-3102791/p
2026-07-07 21:48:30,Chedraui,frutas-y-verduras,,Seta Monteblanco Selección 250g,3101357,,33.50,https://www.chedraui.com.mx/seta-monteblanco-seleccion-250g-3101357/p
2026-07-07 21:48:30,Chedraui,frutas-y-verduras,,Ensalada Super Foood 5 Vegetalistos 200g,3437500,56.90,42.68,https://www.chedraui.com.mx/ensalada-super-foood-5-vegetalistos-200g-3437500/p
2026-07-07 21:48:30,Chedraui,frutas-y-verduras,,Zanahoria Baby Vegetalistos 150g,3865395,22.90,17.18,https://www.chedraui.com.mx/zanahoria-baby-vegetalistos-150g-3865395/p
2026-07-07 21:48:30,Chedraui,frutas-y-verduras,,Espinaca Mr Lucky Popeye 170g,3882492,,44.50,https://www.chedraui.com.mx/espinaca-mr-lucky-popeye-170g-3882492/p
2026-07-07 21:48:30,Chedraui,frutas-y-verduras,,Col Bruselas por kg,3017689,,99.50,https://www.chedraui.com.mx/col-bruselas-por-kg-3017689/p
2026-07-07 21:48:30,Chedraui,frutas-y-verduras,,Manzana Roja Rancho Tierra Generosa 600g (4 unidades),3890333,,32.00,https://www.chedraui.com.mx/manzana-roja-rancho-tierra-generosa-600g-4-unidades-3890333/p
2026-07-07 21:48:30,Chedraui,frutas-y-verduras,,Cremini Monteblanco Selección 225g,3356349,,33.90,https://www.chedraui.com.mx/cremini-monteblanco-seleccion-225g-3356349/p
2026-07-07 21:48:30,Chedraui,frutas-y-verduras,,Berros Rollo,3100915,,11.90,https://www.chedraui.com.mx/berros-rollo-3100915/p
2026-07-07 21:48:30,Chedraui,frutas-y-verduras,,Manzanilla Rollo,3100925,,11.90,https://www.chedraui.com.mx/manzanilla-rollo-3100925/p
2026-07-07 21:48:30,Chedraui,frutas-y-verduras,,Verdolaga por kg,3017712,,27.90,https://www.chedraui.com.mx/verdolaga-por-kg-3017712/p
2026-07-07 21:48:30,Chedraui,frutas-y-verduras,,Jitomate Cherry Hidrocool 380g,3205228,,44.50,https://www.chedraui.com.mx/jitomate-cherry-hidrocool-380g-3205228/p
2026-07-07 21:48:30,Chedraui,frutas-y-verduras,,Pera Asiática por Kg,3102793,,59.90,https://www.chedraui.com.mx/pera-asiatica-por-kg-3102793/p
2026-07-07 21:48:43,Chedraui,frutas-y-verduras,,Manzana Ambrosia kg,3718342,59.90,15.90,https://www.chedraui.com.mx/manzana-ambrosia-kg-3718342/p
2026-07-07 21:48:43,Chedraui,frutas-y-verduras,,Limón Eureka Fresh Garden 908g,3832791,,79.90,https://www.chedraui.com.mx/limon-eureka-fresh-garden-908g-3832791/p
2026-07-07 21:48:43,Chedraui,frutas-y-verduras,,Betabel Cambray con Rabo,3277702,,30.00,https://www.chedraui.com.mx/betabel-cambray-con-rabo-3277702/p
2026-07-07 21:48:43,Chedraui,frutas-y-verduras,,Lechuga Eva Mini Romana 4 Piezas,3235575,,78.90,https://www.chedraui.com.mx/lechuga-eva-mini-romana-4-piezas-3235575/p
2026-07-07 21:48:43,Chedraui,frutas-y-verduras,,Manzana Sugar Bee por kg,3645571,,59.90,https://www.chedraui.com.mx/manzana-sugar-bee-por-kg-3645571/p
2026-07-07 21:48:43,Chedraui,frutas-y-verduras,,Espinaca EarthBound Baby Organica 284g,3882395,,159.90,https://www.chedraui.com.mx/espinaca-earthbound-baby-organica-284g-3882395/p
2026-07-07 21:48:43,Chedraui,frutas-y-verduras,,Limón sin Semilla Rancho Tierra Generosa 1000g,3890329,,19.00,https://www.chedraui.com.mx/limon-sin-semilla-rancho-tierra-generosa-1000g-3890329/p
2026-07-07 21:48:43,Chedraui,frutas-y-verduras,,Maracuyá kg,3332423,,98.00,https://www.chedraui.com.mx/maracuya-kg-3332423/p
2026-07-07 21:48:43,Chedraui,frutas-y-verduras,,Ensalada Fresca Mixta Eva 300g,3876278,,48.50,https://www.chedraui.com.mx/ensalada-fresca-mixta-eva-300g-3876278/p
2026-07-07 21:48:43,Chedraui,frutas-y-verduras,,Aguacate Campo Vivo Orgánico 450 g,3334612,,89.90,https://www.chedraui.com.mx/aguacate-campo-vivo-organico-450-g-3334612/p
2026-07-07 21:48:43,Chedraui,frutas-y-verduras,,Ensalada Freshly Coleslaw 420g,3584031,,42.00,https://www.chedraui.com.mx/ensalada-freshly-coleslaw-420g-3584031/p
2026-07-07 21:48:43,Chedraui,frutas-y-verduras,,Champiñón Monteblanco Jumbo 500g,3356361,,71.90,https://www.chedraui.com.mx/champinon-monteblanco-jumbo-500g-3356361/p
2026-07-07 21:48:43,Chedraui,frutas-y-verduras,,Cebolla Morada Organica Bolsa 700g,3696354,,22.50,https://www.chedraui.com.mx/cebolla-morada-organica-bolsa-700g-3696354/p
2026-07-07 21:48:43,Chedraui,frutas-y-verduras,,Champiñón Monteblanco 225g,3696371,,34.50,https://www.chedraui.com.mx/champinon-monteblanco-225g-3696371/p
2026-07-07 21:48:43,Chedraui,frutas-y-verduras,,Huitlacoche Monteblanco 250g,3784225,,21.50,https://www.chedraui.com.mx/huitlacoche-monteblanco-250g-3784225/p
2026-07-07 21:48:43,Chedraui,frutas-y-verduras,,Albahaca Verde Fresca Tiempo de Cosecha 50g,3578815,44.50,34.90,https://www.chedraui.com.mx/albahaca-verde-fresca-tiempo-de-cosecha-50g-3578815/p
2026-07-07 21:48:57,Chedraui,frutas-y-verduras,,Arugula Baby Daily 120g,3210944,,64.50,https://www.chedraui.com.mx/arugula-baby-daily-120g-3210944/p
2026-07-07 21:48:57,Chedraui,frutas-y-verduras,,Lechuga Mini Romana 2 Piezas,3214481,,51.90,https://www.chedraui.com.mx/lechuga-mini-romana-2-piezas-3214481/p
2026-07-07 21:48:57,Chedraui,frutas-y-verduras,,Arugula EarthBound Organica 284g,3882394,,159.90,https://www.chedraui.com.mx/arugula-earthbound-organica-284g-3882394/p
2026-07-07 21:48:57,Chedraui,frutas-y-verduras,,Nopal Flor Azteca en tira en Salmuera 1kg,3109729,,59.90,https://www.chedraui.com.mx/nopal-flor-azteca-en-tira-en-salmuera-1kg-3109729/p
2026-07-07 21:48:57,Chedraui,frutas-y-verduras,,Espinaca Baby Mr. Lucky Popeye 180g,3285548,,65.50,https://www.chedraui.com.mx/espinaca-baby-mr-lucky-popeye-180g-3285548/p
2026-07-07 21:48:57,Chedraui,frutas-y-verduras,,Ensalada Básica Mixta Vegetalistos 200g,3835682,34.90,26.18,https://www.chedraui.com.mx/ensalada-basica-mixta-vegetalistos-200g-3835682/p
2026-07-07 21:48:57,Chedraui,frutas-y-verduras,,Lechuga Mr Lucky Orejona Organica 2 Piezas,3882491,,44.50,https://www.chedraui.com.mx/lechuga-mr-lucky-orejona-organica-2-piezas-3882491/p
2026-07-07 21:48:57,Chedraui,frutas-y-verduras,,Tomates Uva NatureSweet Cherubs 283g,3356335,59.90,47.92,https://www.chedraui.com.mx/tomates-uva-naturesweet-cherubs-283g-3356335/p
2026-07-07 21:48:57,Chedraui,frutas-y-verduras,,Manzana Honeycrisp por kg,3332578,,59.90,https://www.chedraui.com.mx/manzana-honeycrisp-por-kg-3332578/p
2026-07-07 21:48:57,Chedraui,frutas-y-verduras,,Zanahoria Baby Mr. Lucky 454g,3285665,,59.00,https://www.chedraui.com.mx/zanahoria-baby-mr-lucky-454g-3285665/p
2026-07-07 21:48:57,Chedraui,frutas-y-verduras,,Perejil Chino Rollo,3100926,,13.90,https://www.chedraui.com.mx/perejil-chino-rollo-3100926/p
2026-07-07 21:48:57,Chedraui,frutas-y-verduras,,Germinado de Alfalfa 240g,3383783,,60.00,https://www.chedraui.com.mx/germinado-de-alfalfa-240g-3383783/p
2026-07-07 21:48:57,Chedraui,frutas-y-verduras,,Germen Alfalfa por kg,3017538,,98.00,https://www.chedraui.com.mx/germen-alfalfa-por-kg-3017538/p
2026-07-07 21:48:57,Chedraui,frutas-y-verduras,,Cebolla Blanca Campo Vivo Orgánica 700g,3575615,,59.90,https://www.chedraui.com.mx/cebolla-blanca-campo-vivo-organica-700g-3575615/p
2026-07-07 21:48:57,Chedraui,frutas-y-verduras,,Lechuga Eva Trio Viva 1 Pieza,3258595,,47.00,https://www.chedraui.com.mx/lechuga-eva-trio-viva-1-pieza-3258595/p
2026-07-07 21:48:57,Chedraui,frutas-y-verduras,,Yuca Granel kg,3017719,,44.00,https://www.chedraui.com.mx/yuca-granel-kg-3017719/p
2026-07-07 21:49:11,Chedraui,frutas-y-verduras,,Tamarindo Chedraui 500g,3101279,,88.50,https://www.chedraui.com.mx/tamarindo-chedraui-500g-3101279/p
2026-07-07 21:49:11,Chedraui,frutas-y-verduras,,Zanahoria Campo Vivo Orgánica Bolsa 450g,3696353,,37.00,https://www.chedraui.com.mx/zanahoria-campo-vivo-organica-bolsa-450g-3696353/p
2026-07-07 21:49:11,Chedraui,frutas-y-verduras,,Champiñón Fresco Rebanado Monteblanco 450g,3813392,,65.50,https://www.chedraui.com.mx/champinon-fresco-rebanado-monteblanco-450g-3813392/p
2026-07-07 21:49:11,Chedraui,frutas-y-verduras,,Coco por Pieza,3100904,,44.90,https://www.chedraui.com.mx/coco-por-pieza-3100904/p
2026-07-07 21:49:11,Chedraui,frutas-y-verduras,,Lechuga Hidropónica Fresh Garden Francesa 1 Pieza,3736343,,38.90,https://www.chedraui.com.mx/lechuga-hidroponica-fresh-garden-francesa-1-pieza-3736343/p
2026-07-07 21:49:11,Chedraui,frutas-y-verduras,,Germen de Alfalfa Germimax Natural 200g,3268545,,47.90,https://www.chedraui.com.mx/germen-de-alfalfa-germimax-natural-200g-3268545/p
2026-07-07 21:49:11,Chedraui,frutas-y-verduras,,Tamarindo por Kg,3102821,,139.90,https://www.chedraui.com.mx/tamarindo-por-kg-3102821/p
2026-07-07 21:49:11,Chedraui,frutas-y-verduras,,Naranja en Arpilla 5kg,3100896,,125.00,https://www.chedraui.com.mx/naranja-en-arpilla-5kg-3100896/p
2026-07-07 21:49:11,Chedraui,frutas-y-verduras,,Cebolla de Rabo por kg,3102854,,56.50,https://www.chedraui.com.mx/cebolla-de-rabo-por-kg-3102854/p
2026-07-07 21:49:11,Chedraui,frutas-y-verduras,,Palitos de Apio Mr. Lucky 8 Piezas de 100gr,3285117,,63.00,https://www.chedraui.com.mx/palitos-de-apio-mr-lucky-8-piezas-de-100gr-3285117/p
2026-07-07 21:49:11,Chedraui,frutas-y-verduras,,Ajo Pelado Mr. Lucky 280g,3103028,,88.00,https://www.chedraui.com.mx/ajo-pelado-mr-lucky-280g-3103028/p
2026-07-07 21:49:11,Chedraui,frutas-y-verduras,,Alcachofa Microwave 59g,3102864,179.00,39.90,https://www.chedraui.com.mx/alcachofa-microwave-59g-3102864/p
2026-07-07 21:49:11,Chedraui,frutas-y-verduras,,Elote Mr. Lucky Charola 3 Piezas,3313388,,75.00,https://www.chedraui.com.mx/elote-mr-lucky-charola-3-piezas-3313388/p
2026-07-07 21:49:11,Chedraui,frutas-y-verduras,,Mini Pepino Mr. Lucky 500g,3881400,,49.90,https://www.chedraui.com.mx/mini-pepino-mr-lucky-500g-3881400/p
2026-07-07 21:49:11,Chedraui,frutas-y-verduras,,Guayaba Clamshell kg,3864941,,69.50,https://www.chedraui.com.mx/guayaba-clamshell-kg-3864941/p
2026-07-07 21:49:11,Chedraui,frutas-y-verduras,,Habas por kg,3102873,,69.50,https://www.chedraui.com.mx/habas-por-kg-3102873/p
2026-07-07 21:49:24,Chedraui,frutas-y-verduras,,Floretes de Coliflor Fresh Garden 500g,3832119,,39.00,https://www.chedraui.com.mx/floretes-de-coliflor-fresh-garden-500g-3832119/p
2026-07-07 21:49:24,Chedraui,frutas-y-verduras,,Portabella Monteblanco Selección 500g,3101349,,77.90,https://www.chedraui.com.mx/portabella-monteblanco-seleccion-500g-3101349/p
2026-07-07 21:49:24,Chedraui,frutas-y-verduras,,Betabel con Rabo,3277700,,38.90,https://www.chedraui.com.mx/betabel-con-rabo-3277700/p
2026-07-07 21:49:24,Chedraui,frutas-y-verduras,,Laurel por Pieza,3277709,,24.50,https://www.chedraui.com.mx/laurel-por-pieza-3277709/p
2026-07-07 21:49:24,Chedraui,frutas-y-verduras,,Papa Baby Amarilla 680g,3811420,,98.50,https://www.chedraui.com.mx/papa-baby-amarilla-680g-3811420/p
2026-07-07 21:49:24,Chedraui,frutas-y-verduras,,Hongo Portobello por Kg,3102902,,149.90,https://www.chedraui.com.mx/hongo-portobello-por-kg-3102902/p
2026-07-07 21:49:24,Chedraui,frutas-y-verduras,,Manzana Grany Rancho Tierra Generosa 600g (4 unidades),3890332,,54.90,https://www.chedraui.com.mx/manzana-grany-rancho-tierra-generosa-600g-4-unidades-3890332/p
2026-07-07 21:49:24,Chedraui,frutas-y-verduras,,Cebollín Fresco Tiempo de Cosecha 50g,3578972,,43.50,https://www.chedraui.com.mx/cebollin-fresco-tiempo-de-cosecha-50g-3578972/p
2026-07-07 21:49:24,Chedraui,frutas-y-verduras,,Naranja Valenciana Rancho Tierra Generosa 800g (4 unidades),3890338,,57.90,https://www.chedraui.com.mx/naranja-valenciana-rancho-tierra-generosa-800g-4-unidades-3890338/p
2026-07-07 21:49:24,Chedraui,frutas-y-verduras,,Manzana Golden Rancho Tierra Generosa 600g (4 unidades),3890331,,54.90,https://www.chedraui.com.mx/manzana-golden-rancho-tierra-generosa-600g-4-unidades-3890331/p
2026-07-07 21:49:24,Chedraui,frutas-y-verduras,,Coliflor Naranja 750g,3214624,,41.50,https://www.chedraui.com.mx/coliflor-naranja-750g-3214624/p
2026-07-07 21:49:24,Chedraui,frutas-y-verduras,,Pera Rancho Tierra Generosa 700g (4 unidades),3890340,,45.00,https://www.chedraui.com.mx/pera-rancho-tierra-generosa-700g-4-unidades-3890340/p
2026-07-07 21:49:25,Chedraui,frutas-y-verduras,,Naranja Navel en Malla Fresh Garden 908g,3818171,,74.50,https://www.chedraui.com.mx/naranja-navel-en-malla-fresh-garden-908g-3818171/p
2026-07-07 21:49:25,Chedraui,frutas-y-verduras,,Hojas de Lechuga MrLucky' Orejona Orgánica 250g,3285549,,57.50,https://www.chedraui.com.mx/hojas-de-lechuga-mrlucky-orejona-organica-250g-3285549/p
2026-07-07 21:49:25,Chedraui,frutas-y-verduras,,Ensalada Eva César Premium 250g,3154892,,68.00,https://www.chedraui.com.mx/ensalada-eva-cesar-premium-250g-3154892/p
2026-07-07 21:49:25,Chedraui,frutas-y-verduras,,Germen Combinado Germimax de Alfalfa y Zanahoria 200g,3268541,,42.90,https://www.chedraui.com.mx/germen-combinado-germimax-de-alfalfa-y-zanahoria-200g-3268541/p
2026-07-07 21:49:39,Chedraui,frutas-y-verduras,,Tomates Uva NatureSweet Cherubs 467g,3736353,94.90,75.92,https://www.chedraui.com.mx/tomates-uva-naturesweet-cherubs-467g-3736353/p
2026-07-07 21:49:39,Chedraui,frutas-y-verduras,,Ensalada Vegetalistos Italiana 175g,3882401,37.00,27.75,https://www.chedraui.com.mx/ensalada-vegetalistos-italiana-175g-3882401/p
2026-07-07 21:49:39,Chedraui,frutas-y-verduras,,Aguacate Chiapas por Kg,3110600,59.50,54.50,https://www.chedraui.com.mx/aguacate-chiapas-por-kg-3110600/p
2026-07-07 21:49:39,Chedraui,frutas-y-verduras,,Tomate Saladet Rancho Tierra Generosa 1000g,3890341,,29.90,https://www.chedraui.com.mx/tomate-saladet-rancho-tierra-generosa-1000g-3890341/p
2026-07-07 21:49:39,Chedraui,frutas-y-verduras,,Pera Chumis 680g,3849213,,53.90,https://www.chedraui.com.mx/pera-chumis-680g-3849213/p
2026-07-07 21:49:39,Chedraui,frutas-y-verduras,,Zanahoria Cambray por kg,3277713,,24.90,https://www.chedraui.com.mx/zanahoria-cambray-por-kg-3277713/p
2026-07-07 21:49:39,Chedraui,frutas-y-verduras,,Hoja de Plátano Pieza,3100933,,45.00,https://www.chedraui.com.mx/hoja-de-platano-pieza-3100933/p
2026-07-07 21:49:39,Chedraui,frutas-y-verduras,,Cebolla Salada Fresh Gourmet Topping para ensalada 99g,3286618,,52.00,https://www.chedraui.com.mx/cebolla-salada-fresh-gourmet-topping-para-ensalada-99g-3286618/p
2026-07-07 21:49:39,Chedraui,frutas-y-verduras,,Espinaca Mr Lucky Arugula 200g,3882493,,86.00,https://www.chedraui.com.mx/espinaca-mr-lucky-arugula-200g-3882493/p
2026-07-07 21:49:39,Chedraui,frutas-y-verduras,,Col de Bruselas Campo Vivo Orgánico 400g,3575662,,79.90,https://www.chedraui.com.mx/col-de-bruselas-campo-vivo-organico-400g-3575662/p
2026-07-07 21:49:39,Chedraui,frutas-y-verduras,,Shiitake Monteblanco Selección 160g,3285993,,49.90,https://www.chedraui.com.mx/shiitake-monteblanco-seleccion-160g-3285993/p
2026-07-07 21:49:39,Chedraui,frutas-y-verduras,,Mezcla Mr. Lucky Brócoli Zanahoria 454g,3651299,,49.00,https://www.chedraui.com.mx/mezcla-mr-lucky-brocoli-zanahoria-454g-3651299/p
2026-07-07 21:49:39,Chedraui,frutas-y-verduras,,Chicozapote por Kg,3102837,,69.90,https://www.chedraui.com.mx/chicozapote-por-kg-3102837/p
2026-07-07 21:49:39,Chedraui,frutas-y-verduras,,Uva Roja Domo 908g,3711105,,79.90,https://www.chedraui.com.mx/uva-roja-domo-908g-3711105/p
2026-07-07 21:49:39,Chedraui,frutas-y-verduras,,Tomillo Fresco Tiempo de Cosecha 50g,3579333,,43.50,https://www.chedraui.com.mx/tomillo-fresco-tiempo-de-cosecha-50g-3579333/p
2026-07-07 21:49:39,Chedraui,frutas-y-verduras,,Papa Baby Trio The Little Potato Co 680g,3811422,,98.50,https://www.chedraui.com.mx/papa-baby-trio-the-little-potato-co-680g-3811422/p
2026-07-07 21:49:54,Chedraui,frutas-y-verduras,,Betabel Crujiente Fresh Gourmet Topping para Ensalada 99g,3613934,,55.00,https://www.chedraui.com.mx/betabel-crujiente-fresh-gourmet-topping-para-ensalada-99g-3613934/p
2026-07-07 21:49:54,Chedraui,frutas-y-verduras,,Nopal Flor Azteca Baby Nopal 500g,3247785,,39.50,https://www.chedraui.com.mx/nopal-flor-azteca-baby-nopal-500g-3247785/p
2026-07-07 21:49:54,Chedraui,frutas-y-verduras,,Raíz de Azafrán por kg,3017710,,63.90,https://www.chedraui.com.mx/raiz-de-azafran-por-kg-3017710/p
2026-07-07 21:49:54,Chedraui,frutas-y-verduras,,Espinaca Daily 300g,3100946,,49.90,https://www.chedraui.com.mx/espinaca-daily-300g-3100946/p
2026-07-07 21:49:54,Chedraui,frutas-y-verduras,,Tomates Uva NatureSweet Cherubs to Go tjn71g,3811432,19.90,15.92,https://www.chedraui.com.mx/tomates-uva-naturesweet-cherubs-to-go-tjn71g-3811432/p
2026-07-07 21:49:54,Chedraui,frutas-y-verduras,,Ensalada Arugula Campo Vivo Orgánica 180g,3231122,,77.50,https://www.chedraui.com.mx/ensalada-arugula-campo-vivo-organica-180g-3231122/p
2026-07-07 21:49:54,Chedraui,frutas-y-verduras,,Romero Fresco Tiempo de Cosecha 50g,3579253,,43.50,https://www.chedraui.com.mx/romero-fresco-tiempo-de-cosecha-50g-3579253/p
2026-07-07 21:49:54,Chedraui,frutas-y-verduras,,Manzana Beaburn por kg,3190621,,59.90,https://www.chedraui.com.mx/manzana-beaburn-por-kg-3190621/p
2026-07-07 21:49:54,Chedraui,frutas-y-verduras,,Ensalada EarthBound Primavera 284g,3882396,,159.90,https://www.chedraui.com.mx/ensalada-earthbound-primavera-284g-3882396/p
2026-07-07 21:49:54,Chedraui,frutas-y-verduras,,Ensalada Mr. Lucky Mixta 454g,3099015,,41.50,https://www.chedraui.com.mx/ensalada-mr-lucky-mixta-454g-3099015/p
2026-07-07 21:49:54,Chedraui,frutas-y-verduras,,Té de Limón Manojo por Pieza,3100930,,14.90,https://www.chedraui.com.mx/te-de-limon-manojo-por-pieza-3100930/p
2026-07-07 21:49:54,Chedraui,frutas-y-verduras,,Ensalada Eva Mexicana 250g,3216484,,66.80,https://www.chedraui.com.mx/ensalada-eva-mexicana-250g-3216484/p
2026-07-07 21:49:54,Chedraui,frutas-y-verduras,,Hoja de Chaya por kg,3378590,,80.00,https://www.chedraui.com.mx/hoja-de-chaya-por-kg-3378590/p
2026-07-07 21:49:54,Chedraui,frutas-y-verduras,,Manzana Autumn Glory kg,3683977,,59.90,https://www.chedraui.com.mx/manzana-autumn-glory-kg-3683977/p
2026-07-07 21:49:54,Chedraui,frutas-y-verduras,,Combo Monteblanco Champiñón y Cremini 500g,3356380,,72.50,https://www.chedraui.com.mx/combo-monteblanco-champinon-y-cremini-500g-3356380/p
2026-07-07 21:49:54,Chedraui,frutas-y-verduras,,Cruton Cesar Fresh Gourmet para Ensalada 142g,3286627,,66.00,https://www.chedraui.com.mx/cruton-cesar-fresh-gourmet-para-ensalada-142g-3286627/p
2026-07-07 21:50:08,Chedraui,frutas-y-verduras,,Pepino Blanco kg,3017735,,57.00,https://www.chedraui.com.mx/pepino-blanco-kg-3017735/p
2026-07-07 21:50:08,Chedraui,frutas-y-verduras,,Papa Cambray Rosada por kg,3342688,,78.90,https://www.chedraui.com.mx/papa-cambray-rosada-por-kg-3342688/p
2026-07-07 21:50:08,Chedraui,frutas-y-verduras,,Chayote Cambray por kg,3102882,,59.90,https://www.chedraui.com.mx/chayote-cambray-por-kg-3102882/p
2026-07-07 21:50:08,Chedraui,frutas-y-verduras,,Chilacayote por Kg,3156768,,39.90,https://www.chedraui.com.mx/chilacayote-por-kg-3156768/p
2026-07-07 21:50:08,Chedraui,frutas-y-verduras,,Cruton Italiano Fresh Gourmet para ensalada 142g,3286665,,56.50,https://www.chedraui.com.mx/cruton-italiano-fresh-gourmet-para-ensalada-142g-3286665/p
2026-07-07 21:50:08,Chedraui,frutas-y-verduras,,Lechuga Mr. Lucky Rallada 284g,3651297,,35.00,https://www.chedraui.com.mx/lechuga-mr-lucky-rallada-284g-3651297/p
2026-07-07 21:50:08,Chedraui,frutas-y-verduras,,Champiñón Cremini Fresco Entero Monteblanco 450g,3813393,,65.50,https://www.chedraui.com.mx/champinon-cremini-fresco-entero-monteblanco-450g-3813393/p
2026-07-07 21:50:08,Chedraui,frutas-y-verduras,,Germen Cultivos Naturales San Francisco Alfalfa 200g,3099020,,45.00,https://www.chedraui.com.mx/germen-cultivos-naturales-san-francisco-alfalfa-200g-3099020/p
2026-07-07 21:50:08,Chedraui,frutas-y-verduras,,Berzas Pieza,3156769,,22.50,https://www.chedraui.com.mx/berzas-pieza-3156769/p
2026-07-07 21:50:08,Chedraui,frutas-y-verduras,,Manzana Gala Orgánica Fresh Garden 907g,3819926,91.50,64.50,https://www.chedraui.com.mx/manzana-gala-organica-fresh-garden-907g-3819926/p
2026-07-07 21:50:08,Chedraui,frutas-y-verduras,,Seta kg,3169736,,79.90,https://www.chedraui.com.mx/seta-kg-3169736/p
2026-07-07 21:50:08,Chedraui,frutas-y-verduras,,Chile Xcatic por Kg,3109744,,165.00,https://www.chedraui.com.mx/chile-xcatic-por-kg-3109744/p
2026-07-07 21:50:08,Chedraui,frutas-y-verduras,,Ensalada Tropical Vegetalistos 230g,3867507,46.00,34.50,https://www.chedraui.com.mx/ensalada-tropical-vegetalistos-230g-3867507/p
2026-07-07 21:50:08,Chedraui,frutas-y-verduras,,Coliflor Verde 750g,3214626,,41.50,https://www.chedraui.com.mx/coliflor-verde-750g-3214626/p
2026-07-07 21:50:08,Chedraui,frutas-y-verduras,,Coco Diamante A de Coco 1 Pieza,3746345,,74.90,https://www.chedraui.com.mx/coco-diamante-a-de-coco-1-pieza-3746345/p
2026-07-07 21:50:08,Chedraui,frutas-y-verduras,,Nopal Flor Azteca Cambray en Salmuera 1kg,3017680,,74.50,https://www.chedraui.com.mx/nopal-flor-azteca-cambray-en-salmuera-1kg-3017680/p
2026-07-07 21:50:23,Chedraui,frutas-y-verduras,,Germinado Cultivos Naturales San Francisco Alfalfa con Brócoli 200g,3099019,,45.00,https://www.chedraui.com.mx/germinado-cultivos-naturales-san-francisco-alfalfa-con-brocoli-200g-3099019/p
2026-07-07 21:50:23,Chedraui,frutas-y-verduras,,Jitomate Uva Campo Vivo Orgánico 280g,3231133,,51.50,https://www.chedraui.com.mx/jitomate-uva-campo-vivo-organico-280g-3231133/p
2026-07-07 21:50:23,Chedraui,frutas-y-verduras,,Ensalada Arugula Baby Campo Vivo Orgánica 100g,3336428,,62.00,https://www.chedraui.com.mx/ensalada-arugula-baby-campo-vivo-organica-100g-3336428/p
2026-07-07 21:50:23,Chedraui,frutas-y-verduras,,Portabella Monteblanco Selección 250g,3356391,,39.90,https://www.chedraui.com.mx/portabella-monteblanco-seleccion-250g-3356391/p
2026-07-07 21:50:23,Chedraui,frutas-y-verduras,,Ensalada Orgánica Earthbound Farm Spring Mix 142g,3307538,,124.90,https://www.chedraui.com.mx/ensalada-organica-earthbound-farm-spring-mix-142g-3307538/p
2026-07-07 21:50:23,Chedraui,frutas-y-verduras,,Uva Globo Domo 908g,3711104,,114.50,https://www.chedraui.com.mx/uva-globo-domo-908g-3711104/p
2026-07-07 21:50:23,Chedraui,frutas-y-verduras,,Epazote Fresco Tiempo de Cosecha 50g,3578998,,43.50,https://www.chedraui.com.mx/epazote-fresco-tiempo-de-cosecha-50g-3578998/p
2026-07-07 21:50:23,Chedraui,frutas-y-verduras,,Tomates Uva y Cherry NatureSweet Constellation to Go 71g,3811433,21.00,16.80,https://www.chedraui.com.mx/tomates-uva-y-cherry-naturesweet-constellation-to-go-71g-3811433/p
2026-07-07 21:50:23,Chedraui,frutas-y-verduras,,Papa Baby Roja The Little Potato Co 680g,3811421,,98.50,https://www.chedraui.com.mx/papa-baby-roja-the-little-potato-co-680g-3811421/p
2026-07-07 21:50:23,Chedraui,frutas-y-verduras,,Alfalfa Fresca Kg,3277617,,13.90,https://www.chedraui.com.mx/alfalfa-fresca-kg-3277617/p
2026-07-07 21:50:23,Chedraui,frutas-y-verduras,,Manzana Jazz kg,3190856,,59.90,https://www.chedraui.com.mx/manzana-jazz-kg-3190856/p
2026-07-07 21:50:23,Chedraui,frutas-y-verduras,,Ensalada Espinaca Campo Vivo Orgánica 180g,3231123,,80.90,https://www.chedraui.com.mx/ensalada-espinaca-campo-vivo-organica-180g-3231123/p
2026-07-07 21:50:23,Chedraui,frutas-y-verduras,,Kale Arugula Daily Orgánica 150g,3696350,,61.20,https://www.chedraui.com.mx/kale-arugula-daily-organica-150g-3696350/p
2026-07-07 21:50:23,Chedraui,frutas-y-verduras,,Espinaca Freshly 200g,3613705,,36.50,https://www.chedraui.com.mx/espinaca-freshly-200g-3613705/p
2026-07-07 21:50:23,Chedraui,frutas-y-verduras,,Bulbo de Hinojo por Kg,3283761,,212.00,https://www.chedraui.com.mx/bulbo-de-hinojo-por-kg-3283761/p
2026-07-07 21:50:23,Chedraui,frutas-y-verduras,,Espinaca Mr Lucky SpringMix 200g,3882494,,79.00,https://www.chedraui.com.mx/espinaca-mr-lucky-springmix-200g-3882494/p
2026-07-07 21:50:37,Chedraui,frutas-y-verduras,,Endivias FARMS California 3 Piezas,3832793,,99.90,https://www.chedraui.com.mx/endivias-farms-california-3-piezas-3832793/p
2026-07-07 21:50:37,Chedraui,frutas-y-verduras,,Germinado de soya 300g,3383769,,60.00,https://www.chedraui.com.mx/germinado-de-soya-300g-3383769/p
2026-07-07 21:50:37,Chedraui,frutas-y-verduras,,Guanábana por Kg,3102833,,105.00,https://www.chedraui.com.mx/guanabana-por-kg-3102833/p
2026-07-07 21:50:37,Chedraui,frutas-y-verduras,,Ensalada Soya Limón Eva 260g,3832794,,59.00,https://www.chedraui.com.mx/ensalada-soya-limon-eva-260g-3832794/p
2026-07-07 21:50:37,Chedraui,frutas-y-verduras,,Ensalada Hidróponica Hidrocool Energética con Espinaca y Arúgula 250g,3101321,,49.00,https://www.chedraui.com.mx/ensalada-hidroponica-hidrocool-energetica-con-espinaca-y-arugula-250g-3101321/p
2026-07-07 21:50:37,Chedraui,frutas-y-verduras,,Yerbabuena Fresca Tiempo de Cosecha 50g,3579336,,43.50,https://www.chedraui.com.mx/yerbabuena-fresca-tiempo-de-cosecha-50g-3579336/p
2026-07-07 21:50:37,Chedraui,frutas-y-verduras,,Zanahoria Mr Lucky Baby 100g,3882498,,53.00,https://www.chedraui.com.mx/zanahoria-mr-lucky-baby-100g-3882498/p
2026-07-07 21:50:37,Chedraui,frutas-y-verduras,,Elote Cocido Los Aztecas 2 Pieza,3157531,,44.50,https://www.chedraui.com.mx/elote-cocido-los-aztecas-2-pieza-3157531/p
2026-07-07 21:50:37,Chedraui,frutas-y-verduras,,Ajo Shallot Pieza Malla 200g,3736349,,65.00,https://www.chedraui.com.mx/ajo-shallot-pieza-malla-200g-3736349/p
2026-07-07 21:50:37,Chedraui,frutas-y-verduras,,Veggie Snack Mr Lucky 560g,3865394,,67.50,https://www.chedraui.com.mx/veggie-snack-mr-lucky-560g-3865394/p
2026-07-07 21:50:37,Chedraui,frutas-y-verduras,,Chile Cera por Kg,3109731,,149.50,https://www.chedraui.com.mx/chile-cera-por-kg-3109731/p
2026-07-07 21:50:37,Chedraui,frutas-y-verduras,,Rambután kg,3108767,,89.90,https://www.chedraui.com.mx/rambutan-kg-3108767/p
2026-07-07 21:50:37,Chedraui,frutas-y-verduras,,Esquites Cocidos Los Aztecas 500g,3157527,,69.90,https://www.chedraui.com.mx/esquites-cocidos-los-aztecas-500g-3157527/p
2026-07-07 21:50:37,Chedraui,frutas-y-verduras,,Cruton Queso y Ajo Fresh Gourmet para Ensalada 142g,3286668,,56.50,https://www.chedraui.com.mx/cruton-queso-y-ajo-fresh-gourmet-para-ensalada-142g-3286668/p
2026-07-07 21:50:37,Chedraui,frutas-y-verduras,,Lechuga Baby Escarlata Fresh Garden 4 Piezas,3832118,,53.90,https://www.chedraui.com.mx/lechuga-baby-escarlata-fresh-garden-4-piezas-3832118/p
2026-07-07 21:50:37,Chedraui,frutas-y-verduras,,Hinojo Fresco Tiempo de Cosecha 50g,3579212,,43.50,https://www.chedraui.com.mx/hinojo-fresco-tiempo-de-cosecha-50g-3579212/p
2026-07-07 21:50:52,Chedraui,frutas-y-verduras,,Manzana Royal Rancho Tierra Generosa 600g (4 unidades),3890334,,54.90,https://www.chedraui.com.mx/manzana-royal-rancho-tierra-generosa-600g-4-unidades-3890334/p
2026-07-07 21:50:52,Chedraui,frutas-y-verduras,,Mini Flakes Mr. Lucky de Brócoli Coliflor 454g,3613836,,42.00,https://www.chedraui.com.mx/mini-flakes-mr-lucky-de-brocoli-coliflor-454g-3613836/p
2026-07-07 21:50:52,Chedraui,frutas-y-verduras,,Tuna Roja por Kg,3102839,,64.90,https://www.chedraui.com.mx/tuna-roja-por-kg-3102839/p
2026-07-07 21:50:52,Chedraui,frutas-y-verduras,,Ensalada Orgánica Earthbound Farm Kale con Arúgula 142g,3327557,,124.90,https://www.chedraui.com.mx/ensalada-organica-earthbound-farm-kale-con-arugula-142g-3327557/p
2026-07-07 21:50:52,Chedraui,frutas-y-verduras,,Ensalada Orgánica Earthbound Farm Kale 142g,3283828,,124.90,https://www.chedraui.com.mx/ensalada-organica-earthbound-farm-kale-142g-3283828/p
2026-07-07 21:50:52,Chedraui,frutas-y-verduras,,Cruton Mediterráneo Fresh Gourmet para Ensalada 142g,3286629,,56.50,https://www.chedraui.com.mx/cruton-mediterraneo-fresh-gourmet-para-ensalada-142g-3286629/p
2026-07-07 21:50:52,Chedraui,frutas-y-verduras,,Orégano Fresco Tiempo de Cosecha 50g,3579219,,43.50,https://www.chedraui.com.mx/oregano-fresco-tiempo-de-cosecha-50g-3579219/p
2026-07-07 21:50:52,Chedraui,frutas-y-verduras,,Tortilla Salada Fresh Gourmet Topping para ensalada 99g,3286606,,52.00,https://www.chedraui.com.mx/tortilla-salada-fresh-gourmet-topping-para-ensalada-99g-3286606/p
2026-07-07 21:50:52,Chedraui,frutas-y-verduras,,Naranja Cara Cara en Malla Fresh Garden 908g,3818173,,79.90,https://www.chedraui.com.mx/naranja-cara-cara-en-malla-fresh-garden-908g-3818173/p
2026-07-07 21:50:52,Chedraui,frutas-y-verduras,,Mezcla Mr. Lucky Vegetales 454g,3651300,,49.00,https://www.chedraui.com.mx/mezcla-mr-lucky-vegetales-454g-3651300/p
2026-07-07 21:50:52,Chedraui,frutas-y-verduras,,Nopal Picado Granel Kg,3017678,46.90,34.90,https://www.chedraui.com.mx/nopal-picado-granel-kg-3017678/p
2026-07-07 21:50:52,Chedraui,frutas-y-verduras,,Menta Alfavid Empaque 30g,3446923,,20.90,https://www.chedraui.com.mx/menta-alfavid-empaque-30g-3446923/p
2026-07-07 21:50:52,Chedraui,frutas-y-verduras,,Hinojo Pieza,3277703,,39.90,https://www.chedraui.com.mx/hinojo-pieza-3277703/p
2026-07-07 21:50:52,Chedraui,frutas-y-verduras,,Naranja Blood Orange en Malla Fresh Garden 908g,3818172,,89.90,https://www.chedraui.com.mx/naranja-blood-orange-en-malla-fresh-garden-908g-3818172/p
2026-07-07 21:50:52,Chedraui,frutas-y-verduras,,Ensalada Casera Eva 250g,3843533,,63.10,https://www.chedraui.com.mx/ensalada-casera-eva-250g-3843533/p
2026-07-07 21:50:52,Chedraui,frutas-y-verduras,,Hoja Santa Rollo,3100931,,22.50,https://www.chedraui.com.mx/hoja-santa-rollo-3100931/p
2026-07-07 21:51:07,Chedraui,frutas-y-verduras,,Ensalada Francesa Mr. Lucky Orgánica 200g,3285545,,48.00,https://www.chedraui.com.mx/ensalada-francesa-mr-lucky-organica-200g-3285545/p
2026-07-07 21:51:07,Chedraui,frutas-y-verduras,,Recado por kg,3378586,,105.00,https://www.chedraui.com.mx/recado-por-kg-3378586/p
2026-07-07 21:51:07,Chedraui,frutas-y-verduras,,Tomate Verde Orgánico Bolsa 450g,3696355,,43.50,https://www.chedraui.com.mx/tomate-verde-organico-bolsa-450g-3696355/p
2026-07-07 21:51:07,Chedraui,frutas-y-verduras,,Huitlacoche Natural por kg,3277707,,149.50,https://www.chedraui.com.mx/huitlacoche-natural-por-kg-3277707/p
2026-07-07 21:51:07,Chedraui,frutas-y-verduras,,Arúgula Fresca Tiempo de Cosecha 50g,3578948,,43.50,https://www.chedraui.com.mx/arugula-fresca-tiempo-de-cosecha-50g-3578948/p
2026-07-07 21:51:07,Chedraui,frutas-y-verduras,,Col de Bruselas Mr Lucky 40g,3867504,,105.00,https://www.chedraui.com.mx/col-de-bruselas-mr-lucky-40g-3867504/p
2026-07-07 21:51:07,Chedraui,frutas-y-verduras,,Sábila Pieza,3476842,,68.20,https://www.chedraui.com.mx/sabila-pieza-3476842/p
2026-07-07 21:51:07,Chedraui,frutas-y-verduras,,Corazones de Lechuga Romana Campo Vivo 450g,3334607,,40.00,https://www.chedraui.com.mx/corazones-de-lechuga-romana-campo-vivo-450g-3334607/p
2026-07-07 21:51:07,Chedraui,frutas-y-verduras,,Romerito kg,3102875,,29.50,https://www.chedraui.com.mx/romerito-kg-3102875/p
2026-07-07 21:51:07,Chedraui,frutas-y-verduras,,Chile Chedraui Mulato Bolsa 100g,3103021,,32.50,https://www.chedraui.com.mx/chile-chedraui-mulato-bolsa-100g-3103021/p
2026-07-07 21:51:07,Chedraui,frutas-y-verduras,,Baby Bella Monteblanco Selección 350g,3101355,,54.50,https://www.chedraui.com.mx/baby-bella-monteblanco-seleccion-350g-3101355/p
2026-07-07 21:51:07,Chedraui,frutas-y-verduras,,Ensalada Vegetalistos Primavera 250 g,3886258,42.90,32.18,https://www.chedraui.com.mx/ensalada-vegetalistos-primavera-250-g-3886258/p
2026-07-07 21:51:07,Chedraui,frutas-y-verduras,,Ensalada Garden Mix Vegetalistos 150g,3867506,69.00,51.75,https://www.chedraui.com.mx/ensalada-garden-mix-vegetalistos-150g-3867506/p
2026-07-07 21:51:07,Chedraui,frutas-y-verduras,,Hongo Eryngii Monteblanco 160g,3859386,,62.90,https://www.chedraui.com.mx/hongo-eryngii-monteblanco-160g-3859386/p
2026-07-07 21:51:07,Chedraui,frutas-y-verduras,,Pimiento Guernika Rancho San Agustín 24 Piezas,3224490,,99.90,https://www.chedraui.com.mx/pimiento-guernika-rancho-san-agustin-24-piezas-3224490/p
2026-07-07 21:51:07,Chedraui,frutas-y-verduras,,Ensalada Eva Wok Teriyaki 420g,3668954,,64.00,https://www.chedraui.com.mx/ensalada-eva-wok-teriyaki-420g-3668954/p
2026-07-07 21:51:21,Chedraui,frutas-y-verduras,,Pepino Persa Alfavid 600g,3646720,,65.00,https://www.chedraui.com.mx/pepino-persa-alfavid-600g-3646720/p
2026-07-07 21:51:21,Chedraui,frutas-y-verduras,,Crouton Marzetti Garlic&Butter 142g,3237683,,74.90,https://www.chedraui.com.mx/crouton-marzetti-garlicbutter-142g-3237683/p
2026-07-07 21:51:21,Chedraui,frutas-y-verduras,,Germen de Alfalfa Germimax con Aderezo Chile y Limón 80g,3268519,,39.90,https://www.chedraui.com.mx/germen-de-alfalfa-germimax-con-aderezo-chile-y-limon-80g-3268519/p
2026-07-07 21:51:21,Chedraui,frutas-y-verduras,,Té de Limón fresco Tiempo de Cosecha 50g,3579330,,43.50,https://www.chedraui.com.mx/te-de-limon-fresco-tiempo-de-cosecha-50g-3579330/p
2026-07-07 21:51:21,Chedraui,frutas-y-verduras,,Rábano Negro Pieza,3277721,,54.50,https://www.chedraui.com.mx/rabano-negro-pieza-3277721/p
2026-07-07 21:51:21,Chedraui,frutas-y-verduras,,Málaga Pieza,3277718,,54.50,https://www.chedraui.com.mx/malaga-pieza-3277718/p
2026-07-07 21:51:21,Chedraui,frutas-y-verduras,,Grano de Elote por kg,3277701,,68.50,https://www.chedraui.com.mx/grano-de-elote-por-kg-3277701/p
2026-07-07 21:51:21,Chedraui,frutas-y-verduras,,Germen de Trigo por kg,3277696,,34.12,https://www.chedraui.com.mx/germen-de-trigo-por-kg-3277696/p
2026-07-07 21:51:21,Chedraui,frutas-y-verduras,,Lechuga Escarola Baby por kg,3277695,,32.50,https://www.chedraui.com.mx/lechuga-escarola-baby-por-kg-3277695/p
2026-07-07 21:51:21,Chedraui,frutas-y-verduras,,Mora Azul Campo Vivo Orgánica 170g,3651324,,88.50,https://www.chedraui.com.mx/mora-azul-campo-vivo-organica-170g-3651324/p
2026-07-07 21:51:21,Chedraui,frutas-y-verduras,,Rábano Largo Rollo,3017733,,18.50,https://www.chedraui.com.mx/rabano-largo-rollo-3017733/p
2026-07-07 21:51:21,Chedraui,frutas-y-verduras,,Estragón Fresco Tiempo de Cosecha 50g,3579210,,39.00,https://www.chedraui.com.mx/estragon-fresco-tiempo-de-cosecha-50g-3579210/p
2026-07-07 21:51:21,Chedraui,frutas-y-verduras,,Crouton Marzetti Cheese&Garlic 142g,3237680,,74.90,https://www.chedraui.com.mx/crouton-marzetti-cheesegarlic-142g-3237680/p
2026-07-07 21:51:21,Chedraui,frutas-y-verduras,,Germinado de Alfalfa con brócoli Clamsh,3383436,,60.00,https://www.chedraui.com.mx/germinado-de-alfalfa-con-brocoli-clamsh-3383436/p
2026-07-07 21:51:21,Chedraui,frutas-y-verduras,,Champisalsas Champiñones Monteblanco Salsa Verde 250g,3662968,,32.00,https://www.chedraui.com.mx/champisalsas-champinones-monteblanco-salsa-verde-250g-3662968/p
2026-07-07 21:51:21,Chedraui,frutas-y-verduras,,Quinoa Naturalika Vita Semilla 100g,3321114,,49.90,https://www.chedraui.com.mx/quinoa-naturalika-vita-semilla-100g-3321114/p
2026-07-07 21:51:36,Chedraui,frutas-y-verduras,,Pakchoy kg,3277716,,78.50,https://www.chedraui.com.mx/pakchoy-kg-3277716/p
2026-07-07 21:51:36,Chedraui,frutas-y-verduras,,Ensalada Vegetalistos Mixta 250 g,3886259,32.90,24.68,https://www.chedraui.com.mx/ensalada-vegetalistos-mixta-250-g-3886259/p
2026-07-07 21:51:36,Chedraui,frutas-y-verduras,,Ensalada Italiana Daily 200g,3099062,,50.00,https://www.chedraui.com.mx/ensalada-italiana-daily-200g-3099062/p
2026-07-07 21:51:36,Chedraui,frutas-y-verduras,,Pepinillo Pinkle kg,3450454,,78.90,https://www.chedraui.com.mx/pepinillo-pinkle-kg-3450454/p
2026-07-07 21:51:36,Chedraui,frutas-y-verduras,,Hoja de Aguacate por Pieza,3277711,,22.50,https://www.chedraui.com.mx/hoja-de-aguacate-por-pieza-3277711/p
2026-07-07 21:51:36,Chedraui,frutas-y-verduras,,Ruda Fresca Tiempo de Cosecha 50g,3579266,,43.00,https://www.chedraui.com.mx/ruda-fresca-tiempo-de-cosecha-50g-3579266/p
2026-07-07 21:51:36,Chedraui,frutas-y-verduras,,Mini Flakes Mr. Lucky de Coliflor 454g,3613833,,42.00,https://www.chedraui.com.mx/mini-flakes-mr-lucky-de-coliflor-454g-3613833/p
2026-07-07 21:51:36,Chedraui,frutas-y-verduras,,Germen de Soya Germimax 250g,3285994,,35.90,https://www.chedraui.com.mx/germen-de-soya-germimax-250g-3285994/p
2026-07-07 21:51:36,Chedraui,frutas-y-verduras,,Mix de Manzanas Rancho Tierra Generosa 650g (4 unidades),3890336,,54.90,https://www.chedraui.com.mx/mix-de-manzanas-rancho-tierra-generosa-650g-4-unidades-3890336/p
2026-07-07 21:51:37,Chedraui,frutas-y-verduras,,Ensalada Mixta Campo Vivo Orgánica 180g,3231125,85.00,19.90,https://www.chedraui.com.mx/ensalada-mixta-campo-vivo-organica-180g-3231125/p
2026-07-07 21:51:37,Chedraui,frutas-y-verduras,,Mandarina Nova kg,3703560,,69.00,https://www.chedraui.com.mx/mandarina-nova-kg-3703560/p
2026-07-07 21:51:37,Chedraui,frutas-y-verduras,,Tomate Mr Lucky Orgánico 454 g,3882497,,74.00,https://www.chedraui.com.mx/tomate-mr-lucky-organico-454-g-3882497/p
2026-07-07 21:51:37,Chedraui,frutas-y-verduras,,Tortilla Santa Fe Fresh Gourmet Topping para Ensalada 99g,3286615,,52.00,https://www.chedraui.com.mx/tortilla-santa-fe-fresh-gourmet-topping-para-ensalada-99g-3286615/p
2026-07-07 21:51:37,Chedraui,frutas-y-verduras,,Huaje por kg,3277705,174.00,40.00,https://www.chedraui.com.mx/huaje-por-kg-3277705/p
2026-07-07 21:51:37,Chedraui,frutas-y-verduras,,Calabaza Castilla por kg,3102877,,19.90,https://www.chedraui.com.mx/calabaza-castilla-por-kg-3102877/p
2026-07-07 21:51:37,Chedraui,frutas-y-verduras,,Hierbabuena Alfavid 30g,3322168,,20.90,https://www.chedraui.com.mx/hierbabuena-alfavid-30g-3322168/p
2026-07-07 21:51:51,Chedraui,frutas-y-verduras,,Naranja Nave 1kg,3775961,,60.00,https://www.chedraui.com.mx/naranja-nave-1kg-3775961/p
2026-07-07 21:51:51,Chedraui,frutas-y-verduras,,Chabacano kg,3102795,,115.00,https://www.chedraui.com.mx/chabacano-kg-3102795/p
2026-07-07 21:51:51,Chedraui,frutas-y-verduras,,Salvia Manojo,3100932,,14.50,https://www.chedraui.com.mx/salvia-manojo-3100932/p
2026-07-07 21:51:51,Chedraui,frutas-y-verduras,,Colinabo Rollo,3017696,,38.50,https://www.chedraui.com.mx/colinabo-rollo-3017696/p
2026-07-07 21:51:51,Chedraui,frutas-y-verduras,,Mini Flakes Mr. Lucky Brócoli Coliflor y Zanahoria 454ml,3613839,,42.00,https://www.chedraui.com.mx/mini-flakes-mr-lucky-brocoli-coliflor-y-zanahoria-454ml-3613839/p
2026-07-07 21:51:51,Chedraui,frutas-y-verduras,,Romero Alfavid 30g,3322165,,20.90,https://www.chedraui.com.mx/romero-alfavid-30g-3322165/p
2026-07-07 21:51:51,Chedraui,frutas-y-verduras,,Ajo Mr Lucky Pelado 170g,3882490,,59.00,https://www.chedraui.com.mx/ajo-mr-lucky-pelado-170g-3882490/p
2026-07-07 21:51:51,Chedraui,frutas-y-verduras,,Bouquet Hierbas Finas Frescas Tiempo de Cosecha 50g,3579360,,43.50,https://www.chedraui.com.mx/bouquet-hierbas-finas-frescas-tiempo-de-cosecha-50g-3579360/p
2026-07-07 21:51:51,Chedraui,frutas-y-verduras,,Topping Nature Source para Ensalada Bayas Salvaje 99g,3868082,,79.00,https://www.chedraui.com.mx/topping-nature-source-para-ensalada-bayas-salvaje-99g-3868082/p
2026-07-07 21:51:51,Chedraui,frutas-y-verduras,,Topping Natural Source para Ensalada Bayas Salvaje 454g,3868087,,175.00,https://www.chedraui.com.mx/topping-natural-source-para-ensalada-bayas-salvaje-454g-3868087/p
2026-07-07 21:51:51,Chedraui,frutas-y-verduras,,Elote First Street Golden 340g,3902542,,99.50,https://www.chedraui.com.mx/elote-first-street-golden-340g-3902542/p
2026-07-07 21:51:51,Chedraui,frutas-y-verduras,,Chile Anaheim por Kg,3206354,,84.90,https://www.chedraui.com.mx/chile-anaheim-por-kg-3206354/p
2026-07-07 21:51:51,Chedraui,frutas-y-verduras,,Cruton Cesar Ajo Fresh Gourmet Ensalada 142g,3286624,,67.50,https://www.chedraui.com.mx/cruton-cesar-ajo-fresh-gourmet-ensalada-142g-3286624/p
2026-07-07 21:51:51,Chedraui,frutas-y-verduras,,Tomate Cherry Amarillo Clamshell,3583206,,50.00,https://www.chedraui.com.mx/tomate-cherry-amarillo-clamshell-3583206/p
2026-07-07 21:51:51,Chedraui,frutas-y-verduras,,Germen de Alfalfa Germimax Chiki Germi con Aderezo Chile y Limón 40g,3268511,,34.90,https://www.chedraui.com.mx/germen-de-alfalfa-germimax-chiki-germi-con-aderezo-chile-y-limon-40g-3268511/p
2026-07-07 21:51:51,Chedraui,frutas-y-verduras,,Champiñón Baby Bella Relleno Monteblanco 250g,3785601,,59.90,https://www.chedraui.com.mx/champinon-baby-bella-relleno-monteblanco-250g-3785601/p
2026-07-07 21:52:05,Chedraui,frutas-y-verduras,,Croutones Marzetti Ranch 142g,3237647,,74.90,https://www.chedraui.com.mx/croutones-marzetti-ranch-142g-3237647/p
2026-07-07 21:52:05,Chedraui,frutas-y-verduras,,Coles de Bruselas Eat Smart Bolsa 340g,3307531,,99.00,https://www.chedraui.com.mx/coles-de-bruselas-eat-smart-bolsa-340g-3307531/p
2026-07-07 21:52:05,Chedraui,frutas-y-verduras,,Frambuesa Campo Vivo Orgánica 170g,3651323,,89.50,https://www.chedraui.com.mx/frambuesa-campo-vivo-organica-170g-3651323/p
2026-07-07 21:52:05,Chedraui,frutas-y-verduras,,Albahaca Alfavid 30g,3322167,,20.90,https://www.chedraui.com.mx/albahaca-alfavid-30g-3322167/p
2026-07-07 21:52:05,Chedraui,frutas-y-verduras,,Lechugas Baby Mr. Lucky 4 Piezas,3564348,,72.80,https://www.chedraui.com.mx/lechugas-baby-mr-lucky-4-piezas-3564348/p
2026-07-07 21:52:05,Chedraui,frutas-y-verduras,,Epazote Alfavid 30g,3322160,,20.90,https://www.chedraui.com.mx/epazote-alfavid-30g-3322160/p
2026-07-07 21:52:05,Chedraui,frutas-y-verduras,,Mini Flakes Mr. Lucky de Brócoli 454g,3613798,,42.00,https://www.chedraui.com.mx/mini-flakes-mr-lucky-de-brocoli-454g-3613798/p
2026-07-07 21:52:05,Chedraui,frutas-y-verduras,,Gordolobo Pieza,3277706,,11.50,https://www.chedraui.com.mx/gordolobo-pieza-3277706/p
2026-07-07 21:52:05,Chedraui,frutas-y-verduras,,Guarnición Hidrocool Mixta 500g,3374775,,49.00,https://www.chedraui.com.mx/guarnicion-hidrocool-mixta-500g-3374775/p
2026-07-07 21:52:05,Chedraui,frutas-y-verduras,,Santa María Pieza,3277715,,10.00,https://www.chedraui.com.mx/santa-maria-pieza-3277715/p
2026-07-07 21:52:05,Chedraui,frutas-y-verduras,,Ensalada Festival Mr. Lucky Clásica 312g,3258549,,51.00,https://www.chedraui.com.mx/ensalada-festival-mr-lucky-clasica-312g-3258549/p
2026-07-07 21:52:05,Chedraui,frutas-y-verduras,,Bouquet Provence Fresco Tiempo de Cosecha 50g,3579361,,43.50,https://www.chedraui.com.mx/bouquet-provence-fresco-tiempo-de-cosecha-50g-3579361/p
2026-07-07 21:52:05,Chedraui,frutas-y-verduras,,Germen de Lenteja por kg,3277698,48.50,15.00,https://www.chedraui.com.mx/germen-de-lenteja-por-kg-3277698/p
2026-07-07 21:52:05,Chedraui,frutas-y-verduras,,Tomate Nature Sweet Cocktail 454 g,3888404,,69.90,https://www.chedraui.com.mx/tomate-nature-sweet-cocktail-454-g-3888404/p
2026-07-07 21:52:05,Chedraui,frutas-y-verduras,,Ensalada Nutribits Spicy 150 g,3887635,,59.90,https://www.chedraui.com.mx/ensalada-nutribits-spicy-150-g-3887635/p
2026-07-07 21:52:05,Chedraui,frutas-y-verduras,,Topping Nature Source para Ensalada Crujiente 99g,3868084,,79.00,https://www.chedraui.com.mx/topping-nature-source-para-ensalada-crujiente-99g-3868084/p
2026-07-07 21:52:19,Chedraui,frutas-y-verduras,,Xoconostle Kg,3017716,,2.95,https://www.chedraui.com.mx/xoconostle-kg-3017716/p
2026-07-07 21:52:19,Chedraui,frutas-y-verduras,,Vaina de Pájaro Rollo,3100918,,11.90,https://www.chedraui.com.mx/vaina-de-pajaro-rollo-3100918/p
2026-07-07 21:52:19,Chedraui,frutas-y-verduras,,Zanahoria Noodles Nutribits Clam 150g,3685549,,54.50,https://www.chedraui.com.mx/zanahoria-noodles-nutribits-clam-150g-3685549/p
2026-07-07 21:52:19,Chedraui,frutas-y-verduras,,Topping Nature Source Crujiente 454g,3882506,,189.00,https://www.chedraui.com.mx/topping-nature-source-crujiente-454g-3882506/p
2026-07-07 21:52:19,Chedraui,frutas-y-verduras,,Crudité Fuente de Sodas Chedraui,3766616,,29.50,https://www.chedraui.com.mx/crudite-fuente-de-sodas-chedraui-3766616/p
2026-07-07 21:52:19,Chedraui,frutas-y-verduras,,Zanahoria Mr Lucky Rallada 200 g,3882502,,34.00,https://www.chedraui.com.mx/zanahoria-mr-lucky-rallada-200-g-3882502/p
2026-07-07 21:52:19,Chedraui,frutas-y-verduras,,Cereza Domo 250g,3103010,,125.00,https://www.chedraui.com.mx/cereza-domo-250g-3103010/p
2026-07-07 21:52:19,Chedraui,frutas-y-verduras,,Judías Verdes Rancho San Agustín 400g,3224346,,64.90,https://www.chedraui.com.mx/judias-verdes-rancho-san-agustin-400g-3224346/p
2026-07-07 21:52:19,Chedraui,frutas-y-verduras,,Papa Criolla Kg,3102858,,19.90,https://www.chedraui.com.mx/papa-criolla-kg-3102858/p
2026-07-07 21:52:19,Chedraui,frutas-y-verduras,,Frijol Pinto kg,3102897,,44.90,https://www.chedraui.com.mx/frijol-pinto-kg-3102897/p
2026-07-07 21:52:19,Chedraui,frutas-y-verduras,,Alcachofa Microondas Nutribits Bolsa 2 Piezas,3685546,,99.90,https://www.chedraui.com.mx/alcachofa-microondas-nutribits-bolsa-2-piezas-3685546/p
2026-07-07 21:52:19,Chedraui,frutas-y-verduras,,Yaca Fruta kg,3635401,,49.90,https://www.chedraui.com.mx/yaca-fruta-kg-3635401/p
2026-07-07 21:52:19,Chedraui,frutas-y-verduras,,Melón Juan Canario Kg,3683110,,49.90,https://www.chedraui.com.mx/melon-juan-canario-kg-3683110/p
2026-07-07 21:52:19,Chedraui,frutas-y-verduras,,Ponche de Frutas Infusiónate 200g,3153591,,86.90,https://www.chedraui.com.mx/ponche-de-frutas-infusionate-200g-3153591/p
2026-07-07 21:52:19,Chedraui,frutas-y-verduras,,Bouquet Garni Frescas Tiempo de Cosecha 50g,3579338,,43.50,https://www.chedraui.com.mx/bouquet-garni-frescas-tiempo-de-cosecha-50g-3579338/p
2026-07-07 21:52:19,Chedraui,frutas-y-verduras,,Germinados Alfavid Alfalfa y Brócoli Pieza,3321928,,34.50,https://www.chedraui.com.mx/germinados-alfavid-alfalfa-y-brocoli-pieza-3321928/p
2026-07-07 21:52:32,Chedraui,frutas-y-verduras,,Manzana Envy kg,3190837,,59.90,https://www.chedraui.com.mx/manzana-envy-kg-3190837/p
2026-07-07 21:52:32,Chedraui,frutas-y-verduras,,Mix de Frutas Rancho Tierra Generosa 650g (4 unidades),3890335,,59.90,https://www.chedraui.com.mx/mix-de-frutas-rancho-tierra-generosa-650g-4-unidades-3890335/p
2026-07-07 21:52:32,Chedraui,frutas-y-verduras,,Ensalada Eva Fresca Mixta 200g,3154893,,44.90,https://www.chedraui.com.mx/ensalada-eva-fresca-mixta-200g-3154893/p
2026-07-07 21:52:32,Chedraui,frutas-y-verduras,,Alfalfa Fresca Tiempo de Cosecha 50g,3578925,,43.50,https://www.chedraui.com.mx/alfalfa-fresca-tiempo-de-cosecha-50g-3578925/p
2026-07-07 21:52:32,Chedraui,frutas-y-verduras,,Ensalada Festival Mr. Lucky Europea 312g,3258553,,51.00,https://www.chedraui.com.mx/ensalada-festival-mr-lucky-europea-312g-3258553/p
2026-07-07 21:52:32,Chedraui,frutas-y-verduras,,Lechuga Hidropónica Francesa 220g,3784235,,29.90,https://www.chedraui.com.mx/lechuga-hidroponica-francesa-220g-3784235/p
2026-07-07 21:52:32,Chedraui,frutas-y-verduras,,Melón Hami,3834920,,54.90,https://www.chedraui.com.mx/melon-hami-3834920/p
2026-07-07 21:52:32,Chedraui,frutas-y-verduras,,Cereza Natural Clam Top Sell 1Lb,3876279,,150.00,https://www.chedraui.com.mx/cereza-natural-clam-top-sell-1lb-3876279/p
2026-07-07 21:52:32,Chedraui,frutas-y-verduras,,Cruton Cesar Orgánico Fresh Gourmet para Ensalada 142g,3286667,,56.50,https://www.chedraui.com.mx/cruton-cesar-organico-fresh-gourmet-para-ensalada-142g-3286667/p
2026-07-07 21:52:32,Chedraui,frutas-y-verduras,,Ensalada Supergreen Orgánica Nutribits Clamshell 142g,3685547,,84.90,https://www.chedraui.com.mx/ensalada-supergreen-organica-nutribits-clamshell-142g-3685547/p
2026-07-07 21:52:32,Chedraui,frutas-y-verduras,,Ajo Japonés Malla 150g,3338870,,98.50,https://www.chedraui.com.mx/ajo-japones-malla-150g-3338870/p
2026-07-07 21:52:32,Chedraui,frutas-y-verduras,,Champisalsas Champiñones Monteblanco Salsa Pasilla 250g,3662969,,33.00,https://www.chedraui.com.mx/champisalsas-champinones-monteblanco-salsa-pasilla-250g-3662969/p
2026-07-07 21:53:26,Chedraui,lacteos-y-huevo,,Huevo San Juan Blanco 30 Piezas,3101215,,66.00,https://www.chedraui.com.mx/huevo-san-juan-blanco-30-piezas-3101215/p
2026-07-07 21:53:26,Chedraui,lacteos-y-huevo,,Huevos Blancos Chedraui 30 Piezas,3349702,,87.90,https://www.chedraui.com.mx/huevos-blancos-chedraui-30-piezas-3349702/p
2026-07-07 21:53:26,Chedraui,lacteos-y-huevo,,Leche Alpura Deslactosada 4 Piezas de 1L c/u,3713406,126.50,117.00,https://www.chedraui.com.mx/leche-alpura-deslactosada-4-piezas-de-1l-cu-3713406/p
2026-07-07 21:53:26,Chedraui,lacteos-y-huevo,,Yakult Producto a base de leche fermentada 80ml,3016340,,40.00,https://www.chedraui.com.mx/yakult-producto-a-base-de-leche-fermentada-80ml-3016340/p
2026-07-07 21:53:26,Chedraui,lacteos-y-huevo,,Huevo San Juan Blanco 18 Piezas,3101214,44.00,42.00,https://www.chedraui.com.mx/huevo-san-juan-blanco-18-piezas-3101214/p
2026-07-07 21:53:26,Chedraui,lacteos-y-huevo,,Huevo San Juan Blanco 12 Piezas,3101213,30.00,28.00,https://www.chedraui.com.mx/huevo-san-juan-blanco-12-piezas-3101213/p
2026-07-07 21:53:26,Chedraui,lacteos-y-huevo,,Yogurt Griego Oikos Selecto Natural 12g de Proteína Sin Azúcar Añadida 900g,3638695,100.00,95.00,https://www.chedraui.com.mx/yogurt-griego-oikos-selecto-natural-12g-de-proteina-sin-azucar-anadida-900g-3638695/p
2026-07-07 21:53:26,Chedraui,lacteos-y-huevo,,Leche Evaporada Nestlé Carnation Clavel Original 1 Lata de 360g,3334924,20.50,20.00,https://www.chedraui.com.mx/leche-evaporada-nestle-carnation-clavel-original-1-lata-de-360g-3334924/p
2026-07-07 21:53:26,Chedraui,lacteos-y-huevo,,Crema Lala Entera 426ml,3646609,49.00,46.00,https://www.chedraui.com.mx/crema-lala-entera-426ml-3646609/p
2026-07-07 21:53:26,Chedraui,lacteos-y-huevo,,Mantequilla Gloria sin sal 90g,3097001,,30.00,https://www.chedraui.com.mx/mantequilla-gloria-sin-sal-90g-3097001/p
2026-07-07 21:53:26,Chedraui,lacteos-y-huevo,,Media Crema Alpura 250ml,3019764,,17.00,https://www.chedraui.com.mx/media-crema-alpura-250ml-3019764/p
2026-07-07 21:53:26,Chedraui,lacteos-y-huevo,,Leche Lala Deslactosada 6 piezas de 1L,3586168,224.50,186.00,https://www.chedraui.com.mx/leche-lala-deslactosada-6-piezas-de-1l-3586168/p
2026-07-07 21:53:26,Chedraui,lacteos-y-huevo,,Leche Santa Clara Entera 1L,3019421,,36.00,https://www.chedraui.com.mx/leche-santa-clara-entera-1l-3019421/p
2026-07-07 21:53:26,Chedraui,lacteos-y-huevo,,Leche Lala 100 Reducida en Grasa sin Lactosa 1L,3430871,51.50,45.00,https://www.chedraui.com.mx/leche-lala-100-reducida-en-grasa-sin-lactosa-1l-3430871/p
2026-07-07 21:53:26,Chedraui,lacteos-y-huevo,,Huevo Blanco El Calvario 30 Piezas,3295668,69.00,67.00,https://www.chedraui.com.mx/huevo-blanco-el-calvario-30-piezas-3295668/p
2026-07-07 21:53:26,Chedraui,lacteos-y-huevo,,Huevo Blanco Los Portales 30 Piezas,3815408,,58.00,https://www.chedraui.com.mx/huevo-blanco-los-portales-30-piezas-3815408/p
2026-07-07 21:53:40,Chedraui,lacteos-y-huevo,,Yoghurt Yoplait Batido Natural 1Kg,3098934,,53.00,https://www.chedraui.com.mx/yoghurt-yoplait-batido-natural-1kg-3098934/p
2026-07-07 21:53:40,Chedraui,lacteos-y-huevo,,Leche Pronto Condensada 380g,3304102,29.00,20.00,https://www.chedraui.com.mx/leche-pronto-condensada-380g-3304102/p
2026-07-07 21:53:40,Chedraui,lacteos-y-huevo,,Huevo Blanco Bachoco 18 Piezas,3101195,,56.00,https://www.chedraui.com.mx/huevo-blanco-bachoco-18-piezas-3101195/p
2026-07-07 21:53:40,Chedraui,lacteos-y-huevo,,Leche Entera Lala Cartón UHT 6 Pack x 1L,3718257,191.00,160.00,https://www.chedraui.com.mx/leche-entera-lala-carton-uht-6-pack-x-1l-3718257/p
2026-07-07 21:53:40,Chedraui,lacteos-y-huevo,,Leche Alpura Deslactosada Light 4 Piezas de 1L c/u,3713407,126.50,117.00,https://www.chedraui.com.mx/leche-alpura-deslactosada-light-4-piezas-de-1l-cu-3713407/p
2026-07-07 21:53:40,Chedraui,lacteos-y-huevo,,Huevo Blanco Bachoco 30 piezas,3101196,,73.00,https://www.chedraui.com.mx/huevo-blanco-bachoco-30-piezas-3101196/p
2026-07-07 21:53:40,Chedraui,lacteos-y-huevo,,Mantequilla Lala sin Sal Barra 90g,3215828,28.00,25.00,https://www.chedraui.com.mx/mantequilla-lala-sin-sal-barra-90g-3215828/p
2026-07-07 21:53:40,Chedraui,lacteos-y-huevo,,Leche Santa Clara Deslactosada 1L,3019328,,37.00,https://www.chedraui.com.mx/leche-santa-clara-deslactosada-1l-3019328/p
2026-07-07 21:53:40,Chedraui,lacteos-y-huevo,,Leche Condensada Nestlé La Lechera 209g,3414592,,15.00,https://www.chedraui.com.mx/leche-condensada-nestle-la-lechera-209g-3414592/p
2026-07-07 21:53:40,Chedraui,lacteos-y-huevo,,Yoghurt Danone Sabor Natural Sin Azúcar 900g,3487280,,49.00,https://www.chedraui.com.mx/yoghurt-danone-sabor-natural-sin-azucar-900g-3487280/p
2026-07-07 21:53:40,Chedraui,lacteos-y-huevo,,Leche Selecto Brand Entera 1L,3108094,,23.50,https://www.chedraui.com.mx/leche-selecto-brand-entera-1l-3108094/p
2026-07-07 21:53:40,Chedraui,lacteos-y-huevo,,Leche Santa Clara Deslactosada Light 1L,3294168,,37.00,https://www.chedraui.com.mx/leche-santa-clara-deslactosada-light-1l-3294168/p
2026-07-07 21:53:40,Chedraui,lacteos-y-huevo,,Yoghurt Alpura Batido Fresa 900g,3680849,45.00,44.00,https://www.chedraui.com.mx/yoghurt-alpura-batido-fresa-900g-3680849/p
2026-07-07 21:53:40,Chedraui,lacteos-y-huevo,,Mantequilla Lala sin Sal Barra 90g 4 Piezas,3215829,99.90,90.00,https://www.chedraui.com.mx/mantequilla-lala-sin-sal-barra-90g-4-piezas-3215829/p
2026-07-07 21:53:40,Chedraui,lacteos-y-huevo,,Huevo Blanco Bachoco 12 Piezas,3101194,42.00,41.00,https://www.chedraui.com.mx/huevo-blanco-bachoco-12-piezas-3101194/p
2026-07-07 21:53:40,Chedraui,lacteos-y-huevo,,Crema Alpura Entera 900ml,3013345,,87.00,https://www.chedraui.com.mx/crema-alpura-entera-900ml-3013345/p
2026-07-07 21:53:56,Chedraui,lacteos-y-huevo,,Yoghurt Yoplait Bebible Mix 6 Piezas,3015535,,60.00,https://www.chedraui.com.mx/yoghurt-yoplait-bebible-mix-6-piezas-3015535/p
2026-07-07 21:53:56,Chedraui,lacteos-y-huevo,,4 Pack Leche Santa Clara Deslactosada 1L,3810748,127.00,123.00,https://www.chedraui.com.mx/4-pack-leche-santa-clara-deslactosada-1l-3810748/p
2026-07-07 21:53:56,Chedraui,lacteos-y-huevo,,4 Pack Leche Santa Clara Entera de 1L,3810747,124.50,122.00,https://www.chedraui.com.mx/4-pack-leche-santa-clara-entera-de-1l-3810747/p
2026-07-07 21:53:56,Chedraui,lacteos-y-huevo,,Leche Santa Clara Chocolate Ultra 180ml,3724320,,12.00,https://www.chedraui.com.mx/leche-santa-clara-chocolate-ultra-180ml-3724320/p
2026-07-07 21:53:56,Chedraui,lacteos-y-huevo,,Leche Alpura LacDel Deslactosada 1L,3419036,,27.00,https://www.chedraui.com.mx/leche-alpura-lacdel-deslactosada-1l-3419036/p
2026-07-07 21:53:56,Chedraui,lacteos-y-huevo,,Yoghurt Alpura Batido Natural 900g,3110186,,48.00,https://www.chedraui.com.mx/yoghurt-alpura-batido-natural-900g-3110186/p
2026-07-07 21:53:56,Chedraui,lacteos-y-huevo,,Yoghurt Yoplait Griego Sin Azúcar Natural Batido 442g,3728531,,47.00,https://www.chedraui.com.mx/yoghurt-yoplait-griego-sin-azucar-natural-batido-442g-3728531/p
2026-07-07 21:53:56,Chedraui,lacteos-y-huevo,,Silk Bebida Vegetal Sabor Almendra de California Sin Azúcar 946ml,3764002,52.50,47.00,https://www.chedraui.com.mx/silk-bebida-vegetal-sabor-almendra-de-california-sin-azucar-946ml-3764002/p
2026-07-07 21:53:56,Chedraui,lacteos-y-huevo,,Leche UHT Lala Deslactosada Light 6 piezas de 1L,3758978,194.00,186.00,https://www.chedraui.com.mx/leche-uht-lala-deslactosada-light-6-piezas-de-1l-3758978/p
2026-07-07 21:53:56,Chedraui,lacteos-y-huevo,,Yakult 40 LT Producto a base de leche fermentada sin azúcar 80ml,3770596,,44.00,https://www.chedraui.com.mx/yakult-40-lt-producto-a-base-de-leche-fermentada-sin-azucar-80ml-3770596/p
2026-07-07 21:53:56,Chedraui,lacteos-y-huevo,,Yoghurt Yoplait Batido Griego Natural 1kg,3344364,106.00,93.00,https://www.chedraui.com.mx/yoghurt-yoplait-batido-griego-natural-1kg-3344364/p
2026-07-07 21:53:56,Chedraui,lacteos-y-huevo,,Leche Evaporada Nestlé Carnation Clavel Original envase 360 g,3685738,,20.00,https://www.chedraui.com.mx/leche-evaporada-nestle-carnation-clavel-original-envase-360-g-3685738/p
2026-07-07 21:53:56,Chedraui,lacteos-y-huevo,,Yoghurt Griego Oikos Natural 900g,3487281,90.00,88.00,https://www.chedraui.com.mx/yoghurt-griego-oikos-natural-900g-3487281/p
2026-07-07 21:53:56,Chedraui,lacteos-y-huevo,,Huevo Blanco El Calvario 18 Piezas,3295667,39.00,37.00,https://www.chedraui.com.mx/huevo-blanco-el-calvario-18-piezas-3295667/p
2026-07-07 21:53:56,Chedraui,lacteos-y-huevo,,Media Crema San Marcos 250ml,3019755,,19.00,https://www.chedraui.com.mx/media-crema-san-marcos-250ml-3019755/p
2026-07-07 21:53:56,Chedraui,lacteos-y-huevo,,Crema Lala Entera 900ml,3011797,95.00,86.00,https://www.chedraui.com.mx/crema-lala-entera-900ml-3011797/p
2026-07-07 21:54:11,Chedraui,lacteos-y-huevo,,Producto Lácteo Combinado Nutri Entero 2x1L,3399407,53.00,47.00,https://www.chedraui.com.mx/producto-lacteo-combinado-nutri-entero-2x1l-3399407/p
2026-07-07 21:54:11,Chedraui,lacteos-y-huevo,,Clara Huevo Liquida Pasteurizada 500g,3256475,28.00,26.00,https://www.chedraui.com.mx/clara-huevo-liquida-pasteurizada-500g-3256475/p
2026-07-07 21:54:11,Chedraui,lacteos-y-huevo,,Huevo Blanco Dorado Bachoco 30 piezas,3255642,91.00,61.00,https://www.chedraui.com.mx/huevo-blanco-dorado-bachoco-30-piezas-3255642/p
2026-07-07 21:54:11,Chedraui,lacteos-y-huevo,,Leche Bové Entera Organica 1L,3278923,46.00,44.00,https://www.chedraui.com.mx/leche-bove-entera-organica-1l-3278923/p
2026-07-07 21:54:11,Chedraui,lacteos-y-huevo,,Yoghurt Kéfir Lifeway Low Fat Bebida Sabor Natural 946ml,3641666,,120.00,https://www.chedraui.com.mx/yoghurt-kefir-lifeway-low-fat-bebida-sabor-natural-946ml-3641666/p
2026-07-07 21:54:11,Chedraui,lacteos-y-huevo,,Crema Lala Light 426ml,3647330,,45.50,https://www.chedraui.com.mx/crema-lala-light-426ml-3647330/p
2026-07-07 21:54:11,Chedraui,lacteos-y-huevo,,Yoghurt Batido Lala sabor Fresa 900g,3657836,,40.00,https://www.chedraui.com.mx/yoghurt-batido-lala-sabor-fresa-900g-3657836/p
2026-07-07 21:54:11,Chedraui,lacteos-y-huevo,,Yogurt Griego Danone Natural Sin Azúcar 900 g,3816111,,84.00,https://www.chedraui.com.mx/yogurt-griego-danone-natural-sin-azucar-900-g-3816111/p
2026-07-07 21:54:11,Chedraui,lacteos-y-huevo,,Leche Light Lala Cartón UHT 6 Pack x 1L,3758976,191.00,186.00,https://www.chedraui.com.mx/leche-light-lala-carton-uht-6-pack-x-1l-3758976/p
2026-07-07 21:54:11,Chedraui,lacteos-y-huevo,,Yoghurt Alpura Batido Manzana 900g,3680860,45.00,43.00,https://www.chedraui.com.mx/yoghurt-alpura-batido-manzana-900g-3680860/p
2026-07-07 21:54:11,Chedraui,lacteos-y-huevo,,Leche Alpura PRO Deslactosada 1L,3672121,41.00,35.50,https://www.chedraui.com.mx/leche-alpura-pro-deslactosada-1l-3672121/p
2026-07-07 21:54:11,Chedraui,lacteos-y-huevo,,Crema Alpura Entera 200ml,3013337,,25.00,https://www.chedraui.com.mx/crema-alpura-entera-200ml-3013337/p
2026-07-07 21:54:11,Chedraui,lacteos-y-huevo,,Leche Granja Deslactosada 1L,3806705,,28.50,https://www.chedraui.com.mx/leche-granja-deslactosada-1l-3806705/p
2026-07-07 21:54:11,Chedraui,lacteos-y-huevo,,Yoghurt Bebible Lala Fresa 6 Piezas 220g,3646607,,80.00,https://www.chedraui.com.mx/yoghurt-bebible-lala-fresa-6-piezas-220g-3646607/p
2026-07-07 21:54:11,Chedraui,lacteos-y-huevo,,Huevo Crio Blanco Emplayado 30 Piezas,3101200,,70.00,https://www.chedraui.com.mx/huevo-crio-blanco-emplayado-30-piezas-3101200/p
2026-07-07 21:54:11,Chedraui,lacteos-y-huevo,,4 Pack Leche LacDel Deslactosada de 1L,3808204,106.00,104.00,https://www.chedraui.com.mx/4-pack-leche-lacdel-deslactosada-de-1l-3808204/p
2026-07-07 21:54:27,Chedraui,lacteos-y-huevo,,Yoghurt Yoplait Bebible Fresa 6 Piezas,3015545,,60.00,https://www.chedraui.com.mx/yoghurt-yoplait-bebible-fresa-6-piezas-3015545/p
2026-07-07 21:54:27,Chedraui,lacteos-y-huevo,,Leche Santa Clara Vainilla Ultra 180ml,3724322,,12.00,https://www.chedraui.com.mx/leche-santa-clara-vainilla-ultra-180ml-3724322/p
2026-07-07 21:54:27,Chedraui,lacteos-y-huevo,,Crema Lala Entera 200ml,3011809,,25.00,https://www.chedraui.com.mx/crema-lala-entera-200ml-3011809/p
2026-07-07 21:54:27,Chedraui,lacteos-y-huevo,,Yogurth Chobani Bebible Fresa Crema 15g de Proteína 207ml,3870350,,38.50,https://www.chedraui.com.mx/yogurth-chobani-bebible-fresa-crema-15g-de-proteina-207ml-3870350/p
2026-07-07 21:54:27,Chedraui,lacteos-y-huevo,,Leche Entera Lala Fresca Plástico 1.8L,3371188,57.00,49.00,https://www.chedraui.com.mx/leche-entera-lala-fresca-plastico-18l-3371188/p
2026-07-07 21:54:27,Chedraui,lacteos-y-huevo,,Yoghurt Alpura Bebible Fresa 220g,3720150,,12.50,https://www.chedraui.com.mx/yoghurt-alpura-bebible-fresa-220g-3720150/p
2026-07-07 21:54:27,Chedraui,lacteos-y-huevo,,Leche condensada La Lechera 430g + Leche Evaporada Carnation Clavel 360g,3872134,,45.00,https://www.chedraui.com.mx/leche-condensada-la-lechera-430g--leche-evaporada-carnation-clavel-360g-3872134/p
2026-07-07 21:54:27,Chedraui,lacteos-y-huevo,,Leche Alpura Deslactosada Light 1L,3019223,37.00,35.00,https://www.chedraui.com.mx/leche-alpura-deslactosada-light-1l-3019223/p
2026-07-07 21:54:27,Chedraui,lacteos-y-huevo,,Bebida Oatly Barista Avena 1L,3833456,75.50,60.00,https://www.chedraui.com.mx/bebida-oatly-barista-avena-1l-3833456/p
2026-07-07 21:54:27,Chedraui,lacteos-y-huevo,,Mantequilla Nochebuena sin Sal 90g,3710992,,25.00,https://www.chedraui.com.mx/mantequilla-nochebuena-sin-sal-90g-3710992/p
2026-07-07 21:54:27,Chedraui,lacteos-y-huevo,,Media Crema Más 250ml,3537203,,10.00,https://www.chedraui.com.mx/media-crema-mas-250ml-3537203/p
2026-07-07 21:54:27,Chedraui,lacteos-y-huevo,,Danonino Queso Petit Suisse Fresa 8x42g,3160639,,36.50,https://www.chedraui.com.mx/danonino-queso-petit-suisse-fresa-8x42g-3160639/p
2026-07-07 21:54:27,Chedraui,lacteos-y-huevo,,Producto Lácteo Nutri Deslactosado 2X1L,3399464,47.04,47.00,https://www.chedraui.com.mx/producto-lacteo-nutri-deslactosado-2x1l-3399464/p
2026-07-07 21:54:27,Chedraui,lacteos-y-huevo,,Leche Condensada Nestlé La Lechera 670g,3697660,,50.00,https://www.chedraui.com.mx/leche-condensada-nestle-la-lechera-670g-3697660/p
2026-07-07 21:54:27,Chedraui,lacteos-y-huevo,,Yogurth Chobani Bebible Ponche Tropical 15g de Proteína 207ml,3870351,,38.50,https://www.chedraui.com.mx/yogurth-chobani-bebible-ponche-tropical-15g-de-proteina-207ml-3870351/p
2026-07-07 21:54:27,Chedraui,lacteos-y-huevo,,Bebida Vegetal Nature's Heart Almendra Sin Azúcar 946ml,3317105,,45.00,https://www.chedraui.com.mx/bebida-vegetal-natures-heart-almendra-sin-azucar-946ml-3317105/p
2026-07-07 21:54:43,Chedraui,lacteos-y-huevo,,Yoghurt Yoplait batido griego sin azúcar natural 145g,3470819,,21.00,https://www.chedraui.com.mx/yoghurt-yoplait-batido-griego-sin-azucar-natural-145g-3470819/p
2026-07-07 21:54:43,Chedraui,lacteos-y-huevo,,Mantequilla Gloria sin Sal 360g,3096999,,122.00,https://www.chedraui.com.mx/mantequilla-gloria-sin-sal-360g-3096999/p
2026-07-07 21:54:43,Chedraui,lacteos-y-huevo,,Media Crema Alpura Deslactosada 250ml,3838894,,19.00,https://www.chedraui.com.mx/media-crema-alpura-deslactosada-250ml-3838894/p
2026-07-07 21:54:43,Chedraui,lacteos-y-huevo,,Leche Entera Lala UHT Cartón 1L,3718256,36.50,36.00,https://www.chedraui.com.mx/leche-entera-lala-uht-carton-1l-3718256/p
2026-07-07 21:54:43,Chedraui,lacteos-y-huevo,,Yogurth Danone Batido Griego Natural sin Azúcar 650g,3770300,,55.00,https://www.chedraui.com.mx/yogurth-danone-batido-griego-natural-sin-azucar-650g-3770300/p
2026-07-07 21:54:43,Chedraui,lacteos-y-huevo,,Leche Sta Clara Capuchino Ultra 180ml,3721729,,12.00,https://www.chedraui.com.mx/leche-sta-clara-capuchino-ultra-180ml-3721729/p
2026-07-07 21:54:43,Chedraui,lacteos-y-huevo,,Leche San Marcos Entera de 1 Lt 6 piezas,3714305,172.00,160.00,https://www.chedraui.com.mx/leche-san-marcos-entera-de-1-lt-6-piezas-3714305/p
2026-07-07 21:54:43,Chedraui,lacteos-y-huevo,,Yoghurt Yoplait Batido Natural 125g,3100872,,8.50,https://www.chedraui.com.mx/yoghurt-yoplait-batido-natural-125g-3100872/p
2026-07-07 21:54:43,Chedraui,lacteos-y-huevo,,Huevo Aires de Campo Rojo Orgánico 12 Piezas,3488125,,86.00,https://www.chedraui.com.mx/huevo-aires-de-campo-rojo-organico-12-piezas-3488125/p
2026-07-07 21:54:43,Chedraui,lacteos-y-huevo,,Yoghurt Bebible Multi sabor Alpura 8 Piezas de 220g,3838882,,83.00,https://www.chedraui.com.mx/yoghurt-bebible-multi-sabor-alpura-8-piezas-de-220g-3838882/p
2026-07-07 21:54:43,Chedraui,lacteos-y-huevo,,Yoghurt Chobani Batido Natural 0% 907g,3403227,,160.00,https://www.chedraui.com.mx/yoghurt-chobani-batido-natural-0-907g-3403227/p
2026-07-07 21:54:43,Chedraui,lacteos-y-huevo,,Yoghurt Yoplait Batido Griego Natural 145g,3255475,,18.00,https://www.chedraui.com.mx/yoghurt-yoplait-batido-griego-natural-145g-3255475/p
2026-07-07 21:54:43,Chedraui,lacteos-y-huevo,,Media Crema Nestlé Lata de 225g,3019751,,22.50,https://www.chedraui.com.mx/media-crema-nestle-lata-de-225g-3019751/p
2026-07-07 21:54:43,Chedraui,lacteos-y-huevo,,Leche Sta Clara Ultra Entera 1.5L,3724325,,54.00,https://www.chedraui.com.mx/leche-sta-clara-ultra-entera-15l-3724325/p
2026-07-07 21:54:43,Chedraui,lacteos-y-huevo,,Margarina Primavera Chantilly sin Sal 190g,3096993,,45.00,https://www.chedraui.com.mx/margarina-primavera-chantilly-sin-sal-190g-3096993/p
2026-07-07 21:54:43,Chedraui,lacteos-y-huevo,,Leche Lala 100 Fresca Light + Proteína sin Lactosa1L,3397217,,51.50,https://www.chedraui.com.mx/leche-lala-100-fresca-light--proteina-sin-lactosa1l-3397217/p
2026-07-07 21:55:00,Chedraui,lacteos-y-huevo,,Yoghurt Alpura Bebible Manzana 220g,3720152,,12.50,https://www.chedraui.com.mx/yoghurt-alpura-bebible-manzana-220g-3720152/p
2026-07-07 21:55:00,Chedraui,lacteos-y-huevo,,Leche Sta Clara Deslactosada 1.5L,3724326,,55.00,https://www.chedraui.com.mx/leche-sta-clara-deslactosada-15l-3724326/p
2026-07-07 21:55:00,Chedraui,lacteos-y-huevo,,Yoghurt Yoplait Batido Griego sin Azúcar Fresa 145g,3533281,,21.00,https://www.chedraui.com.mx/yoghurt-yoplait-batido-griego-sin-azucar-fresa-145g-3533281/p
2026-07-07 21:55:00,Chedraui,lacteos-y-huevo,,Crema Alpura Selecta Acida 426ml,3746323,,53.00,https://www.chedraui.com.mx/crema-alpura-selecta-acida-426ml-3746323/p
2026-07-07 21:55:00,Chedraui,lacteos-y-huevo,,Leche UHT San Marcos Deslactosada Light 1L,3407582,,25.00,https://www.chedraui.com.mx/leche-uht-san-marcos-deslactosada-light-1l-3407582/p
2026-07-07 21:55:00,Chedraui,lacteos-y-huevo,,Producto Lácteo Chedraui 950ml,3278532,20.00,14.50,https://www.chedraui.com.mx/producto-lacteo-chedraui-950ml-3278532/p
2026-07-07 21:55:00,Chedraui,lacteos-y-huevo,,Yoghurt Griego Oikos con fresa 150g,3270537,,20.00,https://www.chedraui.com.mx/yoghurt-griego-oikos-con-fresa-150g-3270537/p
2026-07-07 21:55:00,Chedraui,lacteos-y-huevo,,Huevo Crio Blanco 12 Piezas,3101198,38.00,30.00,https://www.chedraui.com.mx/huevo-crio-blanco-12-piezas-3101198/p
2026-07-07 21:55:00,Chedraui,lacteos-y-huevo,,Leche Alpura Lac Del Entera 1 L,3230538,29.00,26.50,https://www.chedraui.com.mx/leche-alpura-lac-del-entera-1-l-3230538/p
2026-07-07 21:55:00,Chedraui,lacteos-y-huevo,,Yoghurt Yoplait batido doble cero natural 1Kg,3100856,,64.00,https://www.chedraui.com.mx/yoghurt-yoplait-batido-doble-cero-natural-1kg-3100856/p
2026-07-07 21:55:00,Chedraui,lacteos-y-huevo,,Margarina Selecto sin Sal de 90g,3090927,,9.00,https://www.chedraui.com.mx/margarina-selecto-sin-sal-de-90g-3090927/p
2026-07-07 21:55:00,Chedraui,lacteos-y-huevo,,Crema Alpura Entera Reducida en Grasa 426ml,3746322,,49.00,https://www.chedraui.com.mx/crema-alpura-entera-reducida-en-grasa-426ml-3746322/p
2026-07-07 21:55:00,Chedraui,lacteos-y-huevo,,Yoghurt Griego Oikos Con Coco Rallado 900g,3630701,,85.00,https://www.chedraui.com.mx/yoghurt-griego-oikos-con-coco-rallado-900g-3630701/p
2026-07-07 21:55:00,Chedraui,lacteos-y-huevo,,Yoghurt Batido Lala Manzana 900g,3657837,,39.00,https://www.chedraui.com.mx/yoghurt-batido-lala-manzana-900g-3657837/p
2026-07-07 21:55:00,Chedraui,lacteos-y-huevo,,Leche Alpura Entera Ultra Pasteurizada 1L,3019345,33.00,32.00,https://www.chedraui.com.mx/leche-alpura-entera-ultra-pasteurizada-1l-3019345/p
2026-07-07 21:55:00,Chedraui,lacteos-y-huevo,,Yoghurt Griego Sin Azúcar Mango Yoplait 145g,3533283,,21.00,https://www.chedraui.com.mx/yoghurt-griego-sin-azucar-mango-yoplait-145g-3533283/p
2026-07-07 21:55:16,Chedraui,lacteos-y-huevo,,Yogurth Chobani Bebible Cereza Zarzamora 15g de Proteína 207ml,3870229,,38.50,https://www.chedraui.com.mx/yogurth-chobani-bebible-cereza-zarzamora-15g-de-proteina-207ml-3870229/p
2026-07-07 21:55:16,Chedraui,lacteos-y-huevo,,Yoghurt Lala Bebible surtido 6 piezas de 220g,3646608,,80.00,https://www.chedraui.com.mx/yoghurt-lala-bebible-surtido-6-piezas-de-220g-3646608/p
2026-07-07 21:55:16,Chedraui,lacteos-y-huevo,,Yoghurt Alpura Bebible Piña-Coco 220g,3720154,,12.50,https://www.chedraui.com.mx/yoghurt-alpura-bebible-pina-coco-220g-3720154/p
2026-07-07 21:55:16,Chedraui,lacteos-y-huevo,,Leche Bove Organica Deslactactosada Natural 1L,3278932,47.00,40.00,https://www.chedraui.com.mx/leche-bove-organica-deslactactosada-natural-1l-3278932/p
2026-07-07 21:55:16,Chedraui,lacteos-y-huevo,,Leche Deslactosada Light Lala UHT Cartón 1L,3758977,38.50,38.00,https://www.chedraui.com.mx/leche-deslactosada-light-lala-uht-carton-1l-3758977/p
2026-07-07 21:55:16,Chedraui,lacteos-y-huevo,,Yoghurt Danone Bebible Con Fresa 6x220g,3501200,,60.00,https://www.chedraui.com.mx/yoghurt-danone-bebible-con-fresa-6x220g-3501200/p
2026-07-07 21:55:16,Chedraui,lacteos-y-huevo,,Crema Alpura Deslactosada 200ml,3746325,,27.00,https://www.chedraui.com.mx/crema-alpura-deslactosada-200ml-3746325/p
2026-07-07 21:55:16,Chedraui,lacteos-y-huevo,,Yogurth Yakult Bebible Uva 400g,3882181,,40.00,https://www.chedraui.com.mx/yogurth-yakult-bebible-uva-400g-3882181/p
2026-07-07 21:55:16,Chedraui,lacteos-y-huevo,,Producto Lácteo Combinado Nutri Entero 1L,3284209,,21.00,https://www.chedraui.com.mx/producto-lacteo-combinado-nutri-entero-1l-3284209/p
2026-07-07 21:55:16,Chedraui,lacteos-y-huevo,,Crema Alpura Deslactosada 900ml,3746326,,92.00,https://www.chedraui.com.mx/crema-alpura-deslactosada-900ml-3746326/p
2026-07-07 21:55:16,Chedraui,lacteos-y-huevo,,Yoghurt Lala Griego Natural Sin Azúcar 120g,3744963,,17.50,https://www.chedraui.com.mx/yoghurt-lala-griego-natural-sin-azucar-120g-3744963/p
2026-07-07 21:55:16,Chedraui,lacteos-y-huevo,,Huevo Gallinita Libre Rojo Libre Pastoreo 12 Piezas,3715205,,70.00,https://www.chedraui.com.mx/huevo-gallinita-libre-rojo-libre-pastoreo-12-piezas-3715205/p
2026-07-07 21:55:16,Chedraui,lacteos-y-huevo,,Leche Saborizada Lala Yomi Chocolate 180 ml,3847628,10.00,9.50,https://www.chedraui.com.mx/leche-saborizada-lala-yomi-chocolate-180-ml-3847628/p
2026-07-07 21:55:16,Chedraui,lacteos-y-huevo,,Yoghurt Yoplait Batido Fresa 125g,3100868,,8.50,https://www.chedraui.com.mx/yoghurt-yoplait-batido-fresa-125g-3100868/p
2026-07-07 21:55:16,Chedraui,lacteos-y-huevo,,Leche Evaporada Nestlé Carnation Deslactosada 360g,3344636,,26.00,https://www.chedraui.com.mx/leche-evaporada-nestle-carnation-deslactosada-360g-3344636/p
2026-07-07 21:55:16,Chedraui,lacteos-y-huevo,,Bebida Lala Vita Coco sin Azúcar 960 ml,3708283,,43.00,https://www.chedraui.com.mx/bebida-lala-vita-coco-sin-azucar-960-ml-3708283/p
2026-07-07 21:55:31,Chedraui,lacteos-y-huevo,,Leche Deslactosada Lala UHT Cartón 1.5L,3415411,48.00,47.00,https://www.chedraui.com.mx/leche-deslactosada-lala-uht-carton-15l-3415411/p
2026-07-07 21:55:31,Chedraui,lacteos-y-huevo,,Yoghurt Alpura Batido Manzana 125g,3616719,,9.50,https://www.chedraui.com.mx/yoghurt-alpura-batido-manzana-125g-3616719/p
2026-07-07 21:55:31,Chedraui,lacteos-y-huevo,,Alimento Líquido AdeS de Soya Reducido en Azúcar 946ml,3259401,42.00,38.00,https://www.chedraui.com.mx/alimento-liquido-ades-de-soya-reducido-en-azucar-946ml-3259401/p
2026-07-07 21:55:31,Chedraui,lacteos-y-huevo,,Yoghurt Griego Oikos Con Arándano 150g,3270538,20.00,18.00,https://www.chedraui.com.mx/yoghurt-griego-oikos-con-arandano-150g-3270538/p
2026-07-07 21:55:31,Chedraui,lacteos-y-huevo,,Yoghurt Alpura Griego Natural Sin Azucar 750g,3882466,,69.50,https://www.chedraui.com.mx/yoghurt-alpura-griego-natural-sin-azucar-750g-3882466/p
2026-07-07 21:55:31,Chedraui,lacteos-y-huevo,,Leche Evaporada Nestlé Carnation Clavel Original Brick 1kg,3548338,60.00,45.00,https://www.chedraui.com.mx/leche-evaporada-nestle-carnation-clavel-original-brick-1kg-3548338/p
2026-07-07 21:55:31,Chedraui,lacteos-y-huevo,,Media Crema Delité con Grasa Vegetal Ultrapasteurizada 250ml,3468089,,11.50,https://www.chedraui.com.mx/media-crema-delite-con-grasa-vegetal-ultrapasteurizada-250ml-3468089/p
2026-07-07 21:55:31,Chedraui,lacteos-y-huevo,,Yoghurt Yoplait Batido Doble Cero Natural 125g,3100874,,11.00,https://www.chedraui.com.mx/yoghurt-yoplait-batido-doble-cero-natural-125g-3100874/p
2026-07-07 21:55:31,Chedraui,lacteos-y-huevo,,Mantequilla barrita Aguascalientes 90g,3012484,,22.50,https://www.chedraui.com.mx/mantequilla-barrita-aguascalientes-90g-3012484/p
2026-07-07 21:55:31,Chedraui,lacteos-y-huevo,,Leche Alpura Light Ultra pasteurizada 1L,3019185,36.00,33.00,https://www.chedraui.com.mx/leche-alpura-light-ultra-pasteurizada-1l-3019185/p
2026-07-07 21:55:31,Chedraui,lacteos-y-huevo,,Yoghurt Oikos Griego Proteína 900g,3879846,,99.00,https://www.chedraui.com.mx/yoghurt-oikos-griego-proteina-900g-3879846/p
2026-07-07 21:55:31,Chedraui,lacteos-y-huevo,,Leche Entera Lala Fresca Plástico 3.8L,3012017,100.00,99.00,https://www.chedraui.com.mx/leche-entera-lala-fresca-plastico-38l-3012017/p
2026-07-07 21:55:31,Chedraui,lacteos-y-huevo,,Mantequilla en Barra sin Sal Lurpak 200g,3013910,,96.00,https://www.chedraui.com.mx/mantequilla-en-barra-sin-sal-lurpak-200g-3013910/p
2026-07-07 21:55:31,Chedraui,lacteos-y-huevo,,Leche Alpura Selecta Entera 1L,3019413,,35.00,https://www.chedraui.com.mx/leche-alpura-selecta-entera-1l-3019413/p
2026-07-07 21:55:31,Chedraui,lacteos-y-huevo,,Yoghurt Alpura Bebible Mango 220g,3720153,,12.50,https://www.chedraui.com.mx/yoghurt-alpura-bebible-mango-220g-3720153/p
2026-07-07 21:55:31,Chedraui,lacteos-y-huevo,,Yogurt Griego con 20g de proteína Cherry Berry 190g,3841711,,42.00,https://www.chedraui.com.mx/yogurt-griego-con-20g-de-proteina-cherry-berry-190g-3841711/p
2026-07-07 21:55:45,Chedraui,lacteos-y-huevo,,Leche Alpura Clásica 200ml,3728390,10.00,9.50,https://www.chedraui.com.mx/leche-alpura-clasica-200ml-3728390/p
2026-07-07 21:55:45,Chedraui,lacteos-y-huevo,,Yoghurt Yoplait Bebible Mini con Fresa Tapa Antiderrames 100g,3663305,,6.00,https://www.chedraui.com.mx/yoghurt-yoplait-bebible-mini-con-fresa-tapa-antiderrames-100g-3663305/p
2026-07-07 21:55:45,Chedraui,lacteos-y-huevo,,Leche Alpura Deslactosada Light 1.5L,3722866,,47.00,https://www.chedraui.com.mx/leche-alpura-deslactosada-light-15l-3722866/p
2026-07-07 21:55:45,Chedraui,lacteos-y-huevo,,Leche Alpura PRO Baja en Grasa 1L,3672120,41.00,35.50,https://www.chedraui.com.mx/leche-alpura-pro-baja-en-grasa-1l-3672120/p
2026-07-07 21:55:45,Chedraui,lacteos-y-huevo,,Crema Lala Light 200ml,3011819,,25.00,https://www.chedraui.com.mx/crema-lala-light-200ml-3011819/p
2026-07-07 21:55:45,Chedraui,lacteos-y-huevo,,Leche Saborizada Lala Yomi Fresa 180 ml,3847629,10.00,9.50,https://www.chedraui.com.mx/leche-saborizada-lala-yomi-fresa-180-ml-3847629/p
2026-07-07 21:55:45,Chedraui,lacteos-y-huevo,,Yoghurt Alpura Batido Durazno 125g,3616718,,9.50,https://www.chedraui.com.mx/yoghurt-alpura-batido-durazno-125g-3616718/p
2026-07-07 21:55:45,Chedraui,lacteos-y-huevo,,Yoghurt Griego Oikos Con Coco Rallado 150g,3299622,20.00,18.00,https://www.chedraui.com.mx/yoghurt-griego-oikos-con-coco-rallado-150g-3299622/p
2026-07-07 21:55:45,Chedraui,lacteos-y-huevo,,Media Crema Nestlé 270g,3282987,,22.50,https://www.chedraui.com.mx/media-crema-nestle-270g-3282987/p
2026-07-07 21:55:45,Chedraui,lacteos-y-huevo,,Yogurt Griego con 20g de Proteína Vainilla 190g,3841712,,42.00,https://www.chedraui.com.mx/yogurt-griego-con-20g-de-proteina-vainilla-190g-3841712/p
2026-07-07 21:55:45,Chedraui,lacteos-y-huevo,,Leche Selecto Brand Deslactosada 1L,3826125,,27.00,https://www.chedraui.com.mx/leche-selecto-brand-deslactosada-1l-3826125/p
2026-07-07 21:55:45,Chedraui,lacteos-y-huevo,,Alimento Liquido Güd de Almendra Orgánica sin Azucar 1L,3401819,,57.00,https://www.chedraui.com.mx/alimento-liquido-gud-de-almendra-organica-sin-azucar-1l-3401819/p
2026-07-07 21:55:45,Chedraui,lacteos-y-huevo,,Yoghurt Batido Lala Natural 900g,3147864,,58.00,https://www.chedraui.com.mx/yoghurt-batido-lala-natural-900g-3147864/p
2026-07-07 21:55:45,Chedraui,lacteos-y-huevo,,Leche Alpura Deslactosada 200ml,3728391,,10.00,https://www.chedraui.com.mx/leche-alpura-deslactosada-200ml-3728391/p
2026-07-07 21:55:45,Chedraui,lacteos-y-huevo,,Yoghurt Batido Lala Natural Endulzado 900g,3657835,,54.00,https://www.chedraui.com.mx/yoghurt-batido-lala-natural-endulzado-900g-3657835/p
2026-07-07 21:55:45,Chedraui,lacteos-y-huevo,,Yoghurt Griego Oikos Natural 150g,3270535,,20.00,https://www.chedraui.com.mx/yoghurt-griego-oikos-natural-150g-3270535/p
2026-07-07 21:56:00,Chedraui,lacteos-y-huevo,,Huevo Crio Blanco 18 Piezas,3101199,56.00,45.00,https://www.chedraui.com.mx/huevo-crio-blanco-18-piezas-3101199/p
2026-07-07 21:56:00,Chedraui,lacteos-y-huevo,,Danonino Lunch Queso Petit Suisse Con Fresa 70g,3470682,,17.00,https://www.chedraui.com.mx/danonino-lunch-queso-petit-suisse-con-fresa-70g-3470682/p
2026-07-07 21:56:00,Chedraui,lacteos-y-huevo,,Yoghurt Yoplait Bebible Griego sin Azúcar Mango 220g,3533254,,25.00,https://www.chedraui.com.mx/yoghurt-yoplait-bebible-griego-sin-azucar-mango-220g-3533254/p
2026-07-07 21:56:00,Chedraui,lacteos-y-huevo,,Yoghurt Griego Vainilla Extra Crem 650 g,3841944,,67.50,https://www.chedraui.com.mx/yoghurt-griego-vainilla-extra-crem-650-g-3841944/p
2026-07-07 21:56:00,Chedraui,lacteos-y-huevo,,Margarina La Villita con Sal 90g,3093688,,13.00,https://www.chedraui.com.mx/margarina-la-villita-con-sal-90g-3093688/p
2026-07-07 21:56:00,Chedraui,lacteos-y-huevo,,Yoghurt Griego Oikos Con Fresa 900g,3638696,90.00,88.00,https://www.chedraui.com.mx/yoghurt-griego-oikos-con-fresa-900g-3638696/p
2026-07-07 21:56:00,Chedraui,lacteos-y-huevo,,Yoghurt Alpura Batido Mango 900g,3680862,51.00,44.00,https://www.chedraui.com.mx/yoghurt-alpura-batido-mango-900g-3680862/p
2026-07-07 21:56:00,Chedraui,lacteos-y-huevo,,Coconut Milk Natural Calahua Bebida con Coco Sin Azúcar ni Lactosa 1L,3356278,,45.00,https://www.chedraui.com.mx/coconut-milk-natural-calahua-bebida-con-coco-sin-azucar-ni-lactosa-1l-3356278/p
2026-07-07 21:56:00,Chedraui,lacteos-y-huevo,,Bebida Vegetal Nature's Heart Con Avena Linaza 946ml,3671237,,51.00,https://www.chedraui.com.mx/bebida-vegetal-natures-heart-con-avena-linaza-946ml-3671237/p
2026-07-07 21:56:00,Chedraui,lacteos-y-huevo,,Media Crema Nestlé Brick 190ml,3313286,,19.00,https://www.chedraui.com.mx/media-crema-nestle-brick-190ml-3313286/p
2026-07-07 21:56:00,Chedraui,lacteos-y-huevo,,Yoghurt Yoplait Bebible Doble Cero Fresa 242g,3100862,,19.00,https://www.chedraui.com.mx/yoghurt-yoplait-bebible-doble-cero-fresa-242g-3100862/p
2026-07-07 21:56:00,Chedraui,lacteos-y-huevo,,Néctar con 25% de Coco Original A de Coco 1L,3347697,52.00,50.00,https://www.chedraui.com.mx/nectar-con-25-de-coco-original-a-de-coco-1l-3347697/p
2026-07-07 21:56:00,Chedraui,lacteos-y-huevo,,Yoghurt Yoplait Batido Frutas y Cereales 125g,3099189,,9.00,https://www.chedraui.com.mx/yoghurt-yoplait-batido-frutas-y-cereales-125g-3099189/p
2026-07-07 21:56:00,Chedraui,lacteos-y-huevo,,Bebida Oatly Sin Azúcar Avena 1L,3833457,75.50,60.00,https://www.chedraui.com.mx/bebida-oatly-sin-azucar-avena-1l-3833457/p
2026-07-07 21:56:00,Chedraui,lacteos-y-huevo,,Silk Bebida Vegetal Sabor Avena Sin Azúcar 946ml,3674671,,47.00,https://www.chedraui.com.mx/silk-bebida-vegetal-sabor-avena-sin-azucar-946ml-3674671/p
2026-07-07 21:56:00,Chedraui,lacteos-y-huevo,,Yoghurt Chobani Batido Natural sin Grasa 150g,3403225,,34.00,https://www.chedraui.com.mx/yoghurt-chobani-batido-natural-sin-grasa-150g-3403225/p
2026-07-07 21:56:17,Chedraui,lacteos-y-huevo,,Yoghurt Batido Lala Mango 900g,3657838,,39.00,https://www.chedraui.com.mx/yoghurt-batido-lala-mango-900g-3657838/p
2026-07-07 21:56:17,Chedraui,lacteos-y-huevo,,Leche Lac Del Semidescremada 1L,3019338,28.00,26.50,https://www.chedraui.com.mx/leche-lac-del-semidescremada-1l-3019338/p
2026-07-07 21:56:17,Chedraui,lacteos-y-huevo,,Crema tarro Aguascalientes 480g,3012428,,46.00,https://www.chedraui.com.mx/crema-tarro-aguascalientes-480g-3012428/p
2026-07-07 21:56:17,Chedraui,lacteos-y-huevo,,Yogurth Alpura Bebible Deslactosado Fresa 6 piezas de 220g,3765098,,68.50,https://www.chedraui.com.mx/yogurth-alpura-bebible-deslactosado-fresa-6-piezas-de-220g-3765098/p
2026-07-07 21:56:17,Chedraui,lacteos-y-huevo,,Yoghurt Yoplait Batido Griego Natural 442g,3281126,,53.00,https://www.chedraui.com.mx/yoghurt-yoplait-batido-griego-natural-442g-3281126/p
2026-07-07 21:56:17,Chedraui,lacteos-y-huevo,,Yogurt Griego Bebible Oikos Selecto Frutos Rojos Sin Azúcar Añadida 12g de Proteína 220g,3864268,,23.00,https://www.chedraui.com.mx/yogurt-griego-bebible-oikos-selecto-frutos-rojos-sin-azucar-anadida-12g-de-proteina-220g-3864268/p
2026-07-07 21:56:17,Chedraui,lacteos-y-huevo,,Leche Sta Clara Entera Ultra 180ml,3725887,,10.00,https://www.chedraui.com.mx/leche-sta-clara-entera-ultra-180ml-3725887/p
2026-07-07 21:56:17,Chedraui,lacteos-y-huevo,,Yoghurt Lala Bio 4 Natural 100g 5 Piezas,3694429,,49.50,https://www.chedraui.com.mx/yoghurt-lala-bio-4-natural-100g-5-piezas-3694429/p
2026-07-07 21:56:17,Chedraui,lacteos-y-huevo,,Crema Dulce Lyncott 980 ml,3013794,,123.00,https://www.chedraui.com.mx/crema-dulce-lyncott-980-ml-3013794/p
2026-07-07 21:56:17,Chedraui,lacteos-y-huevo,,Margarina Iberia con Sal 400g,3227772,46.00,34.50,https://www.chedraui.com.mx/margarina-iberia-con-sal-400g-3227772/p
2026-07-07 21:56:17,Chedraui,lacteos-y-huevo,,Yogurt Griego Oikos Selecto Natural 12g de Proteína Sin Azucar Añadida 150g,3759048,,29.00,https://www.chedraui.com.mx/yogurt-griego-oikos-selecto-natural-12g-de-proteina-sin-azucar-anadida-150g-3759048/p
2026-07-07 21:56:17,Chedraui,lacteos-y-huevo,,Mantequilla Aguascalientes 1kg,3617983,,180.00,https://www.chedraui.com.mx/mantequilla-aguascalientes-1kg-3617983/p
2026-07-07 21:56:17,Chedraui,lacteos-y-huevo,,Yoghurt Chobani 20 Proteína Fresa Kiwi 190g,3851804,,42.00,https://www.chedraui.com.mx/yoghurt-chobani-20-proteina-fresa-kiwi-190g-3851804/p
2026-07-07 21:56:17,Chedraui,lacteos-y-huevo,,Leche UHT Santa Clara Helado de Chocolate 750ml,3507015,,32.00,https://www.chedraui.com.mx/leche-uht-santa-clara-helado-de-chocolate-750ml-3507015/p
2026-07-07 21:56:17,Chedraui,lacteos-y-huevo,,Mantequilla Chipilo sin Sal 90g,3016203,27.00,22.00,https://www.chedraui.com.mx/mantequilla-chipilo-sin-sal-90g-3016203/p
2026-07-07 21:56:17,Chedraui,lacteos-y-huevo,,Yogurt FAGE Natural Griego sin Grasa 907g,3417557,,258.00,https://www.chedraui.com.mx/yogurt-fage-natural-griego-sin-grasa-907g-3417557/p
2026-07-07 21:56:31,Chedraui,lacteos-y-huevo,,Bebida Vegetal Sabor Soya Silk sin Azúcar 946mL,3618457,,47.00,https://www.chedraui.com.mx/bebida-vegetal-sabor-soya-silk-sin-azucar-946ml-3618457/p
2026-07-07 21:56:31,Chedraui,lacteos-y-huevo,,Bebida Vegetal Nature's Heart Sabor Almendra Vainilla Sin Azúcar 946ml,3363325,,45.00,https://www.chedraui.com.mx/bebida-vegetal-natures-heart-sabor-almendra-vainilla-sin-azucar-946ml-3363325/p
2026-07-07 21:56:31,Chedraui,lacteos-y-huevo,,Leche Lala 100 sin Lactosa Light 1L,3430873,51.50,44.00,https://www.chedraui.com.mx/leche-lala-100-sin-lactosa-light-1l-3430873/p
2026-07-07 21:56:31,Chedraui,lacteos-y-huevo,,Yoghurt Chobani Bebible 20g Protein Cereza 296ml,3862861,,42.50,https://www.chedraui.com.mx/yoghurt-chobani-bebible-20g-protein-cereza-296ml-3862861/p
2026-07-07 21:56:31,Chedraui,lacteos-y-huevo,,Leche Saborizada Nesquik Chocolate Lista para Beber envase de 185 ml,3872854,,9.00,https://www.chedraui.com.mx/leche-saborizada-nesquik-chocolate-lista-para-beber-envase-de-185-ml-3872854/p
2026-07-07 21:56:31,Chedraui,lacteos-y-huevo,,Yoghurt Yoplait Batido Griego Moras 145g,3255478,19.00,16.00,https://www.chedraui.com.mx/yoghurt-yoplait-batido-griego-moras-145g-3255478/p
2026-07-07 21:56:31,Chedraui,lacteos-y-huevo,,Yoplait Kids Mini Fresa Bebible Tapa Antiderrames 600g,3690554,,55.00,https://www.chedraui.com.mx/yoplait-kids-mini-fresa-bebible-tapa-antiderrames-600g-3690554/p
2026-07-07 21:56:31,Chedraui,lacteos-y-huevo,,Danonino Lunch Queso Petit Suisse Con Mango 70g,3578573,,17.00,https://www.chedraui.com.mx/danonino-lunch-queso-petit-suisse-con-mango-70g-3578573/p
2026-07-07 21:56:31,Chedraui,lacteos-y-huevo,,Mantequilla Aguascalientes 220g,3012488,,39.00,https://www.chedraui.com.mx/mantequilla-aguascalientes-220g-3012488/p
2026-07-07 21:56:31,Chedraui,lacteos-y-huevo,,Leche Saborizada Alpura Vaquitas Sabor Fresa 200ml,3728378,10.50,9.50,https://www.chedraui.com.mx/leche-saborizada-alpura-vaquitas-sabor-fresa-200ml-3728378/p
2026-07-07 21:56:31,Chedraui,lacteos-y-huevo,,Bebida Vegetal Nature's Heart Con Avena Vainilla 946ml,3752825,,45.00,https://www.chedraui.com.mx/bebida-vegetal-natures-heart-con-avena-vainilla-946ml-3752825/p
2026-07-07 21:56:31,Chedraui,lacteos-y-huevo,,Yoghurt Yoplait Batido Griego sin Azúcar Coco 1kg,3606319,,112.00,https://www.chedraui.com.mx/yoghurt-yoplait-batido-griego-sin-azucar-coco-1kg-3606319/p
2026-07-07 21:56:31,Chedraui,lacteos-y-huevo,,Yoghurt Oikos Griego Deslactosado Fresa 900g,3845457,,92.50,https://www.chedraui.com.mx/yoghurt-oikos-griego-deslactosado-fresa-900g-3845457/p
2026-07-07 21:56:31,Chedraui,lacteos-y-huevo,,Leche Bové Orgánica Deslactosada Light 1L,3845462,,41.00,https://www.chedraui.com.mx/leche-bove-organica-deslactosada-light-1l-3845462/p
2026-07-07 21:56:31,Chedraui,lacteos-y-huevo,,Media Crema Selecto 250ml,3226122,,17.00,https://www.chedraui.com.mx/media-crema-selecto-250ml-3226122/p
2026-07-07 21:56:31,Chedraui,lacteos-y-huevo,,Leche Thai de Coco 400ml,3475443,,44.50,https://www.chedraui.com.mx/leche-thai-de-coco-400ml-3475443/p
2026-07-07 21:56:46,Chedraui,lacteos-y-huevo,,Leche Condensada Nestlé La Lechera Sirve Fácil Original 335g,3229619,,40.00,https://www.chedraui.com.mx/leche-condensada-nestle-la-lechera-sirve-facil-original-335g-3229619/p
2026-07-07 21:56:46,Chedraui,lacteos-y-huevo,,"Danonino Queso Petit Suisse Con Fresa, Uva Y Durazno 6x42g",3226204,,35.00,https://www.chedraui.com.mx/danonino-queso-petit-suisse-con-fresa-uva-y-durazno-6x42g-3226204/p
2026-07-07 21:56:46,Chedraui,lacteos-y-huevo,,Danone Yoghurt Mix Fresa con Cereal de Chocolate 142g,3099498,,12.00,https://www.chedraui.com.mx/danone-yoghurt-mix-fresa-con-cereal-de-chocolate-142g-3099498/p
2026-07-07 21:56:46,Chedraui,lacteos-y-huevo,,Yoghurt Yoplait Kids Bebible sabor Fresa 8 pack 800g,3273664,,55.00,https://www.chedraui.com.mx/yoghurt-yoplait-kids-bebible-sabor-fresa-8-pack-800g-3273664/p
2026-07-07 21:56:46,Chedraui,lacteos-y-huevo,,Yoghurt Kéfir Lifeway Low Fat Bebida Sabor Natural 236ml,3368960,,38.00,https://www.chedraui.com.mx/yoghurt-kefir-lifeway-low-fat-bebida-sabor-natural-236ml-3368960/p
2026-07-07 21:56:46,Chedraui,lacteos-y-huevo,,Leche Evaporada Nestlé Carnation Polvo 1.3kg,3709539,,165.00,https://www.chedraui.com.mx/leche-evaporada-nestle-carnation-polvo-13kg-3709539/p
2026-07-07 21:56:46,Chedraui,lacteos-y-huevo,,Yoghurt Batido Yoplait Cereales Moras 1kg,3098939,,61.00,https://www.chedraui.com.mx/yoghurt-batido-yoplait-cereales-moras-1kg-3098939/p
2026-07-07 21:56:46,Chedraui,lacteos-y-huevo,,Media Crema San Marcos Deslactosada 250ml,3731132,,19.00,https://www.chedraui.com.mx/media-crema-san-marcos-deslactosada-250ml-3731132/p
2026-07-07 21:56:46,Chedraui,lacteos-y-huevo,,Yoghurt Batido Yoplait Durazno 1kg,3098937,,50.00,https://www.chedraui.com.mx/yoghurt-batido-yoplait-durazno-1kg-3098937/p
2026-07-07 21:56:46,Chedraui,lacteos-y-huevo,,Yoghurt Danone Sabor Natural 900g,3487243,42.50,42.00,https://www.chedraui.com.mx/yoghurt-danone-sabor-natural-900g-3487243/p
2026-07-07 21:56:46,Chedraui,lacteos-y-huevo,,Yogurt Oikos Pro Bebible Frutos Rojos Sin Azúcar 220g,3864269,,36.50,https://www.chedraui.com.mx/yogurt-oikos-pro-bebible-frutos-rojos-sin-azucar-220g-3864269/p
2026-07-07 21:56:46,Chedraui,lacteos-y-huevo,,Leche de Almendra Califia Farms sin Endulzante 1.4L,3439782,,154.00,https://www.chedraui.com.mx/leche-de-almendra-califia-farms-sin-endulzante-14l-3439782/p
2026-07-07 21:56:46,Chedraui,lacteos-y-huevo,,Leche Santa Clara Semidescremada 1L,3364660,,36.00,https://www.chedraui.com.mx/leche-santa-clara-semidescremada-1l-3364660/p
2026-07-07 21:56:46,Chedraui,lacteos-y-huevo,,Leche Evaporada Nestlé Carnation Polvo Deslactosado Bolsa 460g,3470874,,59.00,https://www.chedraui.com.mx/leche-evaporada-nestle-carnation-polvo-deslactosado-bolsa-460g-3470874/p
2026-07-07 21:56:46,Chedraui,lacteos-y-huevo,,Huevo Gallinita Blanco Libre Pastoreo 12 Piezas,3670013,,69.50,https://www.chedraui.com.mx/huevo-gallinita-blanco-libre-pastoreo-12-piezas-3670013/p
2026-07-07 21:56:46,Chedraui,lacteos-y-huevo,,Leche Evaporada Nestlé Carnation Clavel Reducida en Grasa Lata 360g,3334921,25.00,24.00,https://www.chedraui.com.mx/leche-evaporada-nestle-carnation-clavel-reducida-en-grasa-lata-360g-3334921/p
2026-07-07 21:57:02,Chedraui,lacteos-y-huevo,,Leche Light Lala UHT Cartón 1L,3758975,,39.00,https://www.chedraui.com.mx/leche-light-lala-uht-carton-1l-3758975/p
2026-07-07 21:57:02,Chedraui,lacteos-y-huevo,,Dulce de Leche Nestlé La Lechera Doypack 209g,3754061,,25.00,https://www.chedraui.com.mx/dulce-de-leche-nestle-la-lechera-doypack-209g-3754061/p
2026-07-07 21:57:02,Chedraui,lacteos-y-huevo,,Yoghurt Batido Lala con Fresa 120g,3658822,,8.50,https://www.chedraui.com.mx/yoghurt-batido-lala-con-fresa-120g-3658822/p
2026-07-07 21:57:02,Chedraui,lacteos-y-huevo,,Yoghurt Yoplait Bebible Durazno 242g,3166519,,13.00,https://www.chedraui.com.mx/yoghurt-yoplait-bebible-durazno-242g-3166519/p
2026-07-07 21:57:02,Chedraui,lacteos-y-huevo,,Crema Lala Light 900ml,3011815,95.00,88.00,https://www.chedraui.com.mx/crema-lala-light-900ml-3011815/p
2026-07-07 21:57:02,Chedraui,lacteos-y-huevo,,Bebida Vegetal de Almendra Silk con Proteína Sin Azúcar 946ml,3666890,,58.50,https://www.chedraui.com.mx/bebida-vegetal-de-almendra-silk-con-proteina-sin-azucar-946ml-3666890/p
2026-07-07 21:57:02,Chedraui,lacteos-y-huevo,,Yoghurt Yoplait Skyr Batido Griego Natural 120g,3743466,,23.00,https://www.chedraui.com.mx/yoghurt-yoplait-skyr-batido-griego-natural-120g-3743466/p
2026-07-07 21:57:02,Chedraui,lacteos-y-huevo,,Yoghurt Yoplait Bebible Manzana 242g,3166532,13.00,10.45,https://www.chedraui.com.mx/yoghurt-yoplait-bebible-manzana-242g-3166532/p
2026-07-07 21:57:02,Chedraui,lacteos-y-huevo,,Leche Light Lala Fresca Plástico 1.8L,3371189,,57.00,https://www.chedraui.com.mx/leche-light-lala-fresca-plastico-18l-3371189/p
2026-07-07 21:57:02,Chedraui,lacteos-y-huevo,,Leche Forti Plus Regular 1.5L,3493778,,35.00,https://www.chedraui.com.mx/leche-forti-plus-regular-15l-3493778/p
2026-07-07 21:57:02,Chedraui,lacteos-y-huevo,,Yoghurt Griego Natural Deslactosado Yoplait 800g,3820007,,90.50,https://www.chedraui.com.mx/yoghurt-griego-natural-deslactosado-yoplait-800g-3820007/p
2026-07-07 21:57:02,Chedraui,lacteos-y-huevo,,Margarina Selecto Chedraui Baja en Grasa de 400g,3503149,,33.00,https://www.chedraui.com.mx/margarina-selecto-chedraui-baja-en-grasa-de-400g-3503149/p
2026-07-07 21:57:02,Chedraui,lacteos-y-huevo,,Kéfir Marusia Bebible Natural 900ml,3775722,,123.00,https://www.chedraui.com.mx/kefir-marusia-bebible-natural-900ml-3775722/p
2026-07-07 21:57:02,Chedraui,lacteos-y-huevo,,Yoghurt Alpura Bebible Fresa-Coco 220g,3720151,,12.50,https://www.chedraui.com.mx/yoghurt-alpura-bebible-fresa-coco-220g-3720151/p
2026-07-07 21:57:02,Chedraui,lacteos-y-huevo,,Leche Deslactosada Light Lala UHT Cartón 1.5L,3498961,49.00,47.00,https://www.chedraui.com.mx/leche-deslactosada-light-lala-uht-carton-15l-3498961/p
2026-07-07 21:57:02,Chedraui,lacteos-y-huevo,,6 Pack Leche San Marcos Deslact de 1 Lt,3714304,176.00,160.00,https://www.chedraui.com.mx/6-pack-leche-san-marcos-deslact-de-1-lt-3714304/p
2026-07-07 21:57:16,Chedraui,lacteos-y-huevo,,Mantequilla Alpura Pasteurizada sin Sal 220g,3678223,,52.00,https://www.chedraui.com.mx/mantequilla-alpura-pasteurizada-sin-sal-220g-3678223/p
2026-07-07 21:57:16,Chedraui,lacteos-y-huevo,,Crema Alpura Entera Baja Grasa 200ml,3013348,,27.00,https://www.chedraui.com.mx/crema-alpura-entera-baja-grasa-200ml-3013348/p
2026-07-07 21:57:16,Chedraui,lacteos-y-huevo,,Yogurth Bebible Oikos Pro 18g Proteína Vainilla Sin Azucar 220g,3864360,,37.00,https://www.chedraui.com.mx/yogurth-bebible-oikos-pro-18g-proteina-vainilla-sin-azucar-220g-3864360/p
2026-07-07 21:57:16,Chedraui,lacteos-y-huevo,,Leche Condensada Corina 375g,3475040,,22.60,https://www.chedraui.com.mx/leche-condensada-corina-375g-3475040/p
2026-07-07 21:57:16,Chedraui,lacteos-y-huevo,,AdeS Bebida de Soya 946ml,3259400,,38.00,https://www.chedraui.com.mx/ades-bebida-de-soya-946ml-3259400/p
2026-07-07 21:57:16,Chedraui,lacteos-y-huevo,,Yoghurt Lala 100 Bebible Fresa 220g,3800695,,16.00,https://www.chedraui.com.mx/yoghurt-lala-100-bebible-fresa-220g-3800695/p
2026-07-07 21:57:16,Chedraui,lacteos-y-huevo,,Yogurt Griego con 20g de proteína Raspberry Lemon 190g,3841713,,42.00,https://www.chedraui.com.mx/yogurt-griego-con-20g-de-proteina-raspberry-lemon190g-3841713/p
2026-07-07 21:57:16,Chedraui,lacteos-y-huevo,,Leche San Marcos Deslactosada 1.5L,3807901,48.00,41.00,https://www.chedraui.com.mx/leche-san-marcos-deslactosada-15l-3807901/p
2026-07-07 21:57:16,Chedraui,lacteos-y-huevo,,Media Crema Chedraui Grasa Vegetal 250ml,3761334,,10.50,https://www.chedraui.com.mx/media-crema-chedraui-grasa-vegetal-250ml-3761334/p
2026-07-07 21:57:16,Chedraui,lacteos-y-huevo,,Yoghurt Batido Yoplait Frutas Rojas 1kg,3098938,,49.00,https://www.chedraui.com.mx/yoghurt-batido-yoplait-frutas-rojas-1kg-3098938/p
2026-07-07 21:57:16,Chedraui,lacteos-y-huevo,,Silk Bebida Vegetal Sabor Coco Sin Azúcar 946ml,3558787,52.50,47.00,https://www.chedraui.com.mx/silk-bebida-vegetal-sabor-coco-sin-azucar-946ml-3558787/p
2026-07-07 21:57:16,Chedraui,lacteos-y-huevo,,Crema Chantilly Dulce 500ml,3011698,,30.00,https://www.chedraui.com.mx/crema-chantilly-dulce-500ml-3011698/p
2026-07-07 21:57:16,Chedraui,lacteos-y-huevo,,Alimento Lácteo Fermentado Activia Fresa Y Ciruela Pasa Sin Azucar 6x225g,3657274,,94.50,https://www.chedraui.com.mx/alimento-lacteo-fermentado-activia-fresa-y-ciruela-pasa-sin-azucar-6x225g-3657274/p
2026-07-07 21:57:16,Chedraui,lacteos-y-huevo,,Leche Condensada Nestlé La Lechera Deslactosada 377g,3422877,,33.50,https://www.chedraui.com.mx/leche-condensada-nestle-la-lechera-deslactosada-377g-3422877/p
2026-07-07 21:57:16,Chedraui,lacteos-y-huevo,,Leche Alpura Semi Ultra Pasteurizada 1L,3019271,,30.00,https://www.chedraui.com.mx/leche-alpura-semi-ultra-pasteurizada-1l-3019271/p
2026-07-07 21:57:16,Chedraui,lacteos-y-huevo,,Leche Bové Descremada Organica 1L,3278928,,42.50,https://www.chedraui.com.mx/leche-bove-descremada-organica-1l-3278928/p
2026-07-07 21:57:32,Chedraui,lacteos-y-huevo,,Mantequilla Gloria con Sal 360g,3096998,,121.00,https://www.chedraui.com.mx/mantequilla-gloria-con-sal-360g-3096998/p
2026-07-07 21:57:32,Chedraui,lacteos-y-huevo,,Producto Lácteo Delité Combinado con Grasa Vegetal Ultrapasteurizado 1L,3276811,,16.50,https://www.chedraui.com.mx/producto-lacteo-delite-combinado-con-grasa-vegetal-ultrapasteurizado-1l-3276811/p
2026-07-07 21:57:32,Chedraui,lacteos-y-huevo,,Yoghurt Bebible Lala Fresa y Durazno Pack de 6 pzas de 220g c/u,3841070,,80.00,https://www.chedraui.com.mx/yoghurt-bebible-lala-fresa-y-durazno-pack-de-6-pzas-de-220g-cu-3841070/p
2026-07-07 21:57:32,Chedraui,lacteos-y-huevo,,Leche Lala Yomi Chocolate 960ml,3735630,,33.00,https://www.chedraui.com.mx/leche-lala-yomi-chocolate-960ml-3735630/p
2026-07-07 21:57:32,Chedraui,lacteos-y-huevo,,Yoghurt Danone Bebible Con Fresa Y Manzana 6x220g,3501203,,60.00,https://www.chedraui.com.mx/yoghurt-danone-bebible-con-fresa-y-manzana-6x220g-3501203/p
2026-07-07 21:57:32,Chedraui,lacteos-y-huevo,,Mantequilla President sin Sal 200g,3259731,,120.00,https://www.chedraui.com.mx/mantequilla-president-sin-sal-200g-3259731/p
2026-07-07 21:57:32,Chedraui,lacteos-y-huevo,,Leche Alpura Deslactosada 1.5L,3493938,51.00,48.00,https://www.chedraui.com.mx/leche-alpura-deslactosada-15l-3493938/p
2026-07-07 21:57:32,Chedraui,lacteos-y-huevo,,Leche Borden Entera 1L,3582027,,32.00,https://www.chedraui.com.mx/leche-borden-entera-1l-3582027/p
2026-07-07 21:57:32,Chedraui,lacteos-y-huevo,,Yoghurt Flor De Alfalfa Sabor Natural 1Kg,3799014,,58.00,https://www.chedraui.com.mx/yoghurt-flor-de-alfalfa-sabor-natural-1kg-3799014/p
2026-07-07 21:57:32,Chedraui,lacteos-y-huevo,,Margarina Iberia sin Sal 4 Piezas de 90g,3789958,55.00,50.00,https://www.chedraui.com.mx/margarina-iberia-sin-sal-4-piezas-de-90g-3789958/p
2026-07-07 21:57:32,Chedraui,lacteos-y-huevo,,Producto Lácteo Chedraui 1.5L,3521911,,30.00,https://www.chedraui.com.mx/producto-lacteo-chedraui-15l-3521911/p
2026-07-07 21:57:32,Chedraui,lacteos-y-huevo,,Crema tarro Aguascalientes 240g,3012424,,25.00,https://www.chedraui.com.mx/crema-tarro-aguascalientes-240g-3012424/p
2026-07-07 21:57:32,Chedraui,lacteos-y-huevo,,Yoghurt Lala 100 Bebible Mango Durazno 220 g,3800696,,16.00,https://www.chedraui.com.mx/yoghurt-lala-100-bebible-mango-durazno-220-g-3800696/p
2026-07-07 21:57:32,Chedraui,lacteos-y-huevo,,Yoghurt Griego Oikos Sin Endulzar Natural 900g,3719102,111.00,96.00,https://www.chedraui.com.mx/yoghurt-griego-oikos-sin-endulzar-natural-900g-3719102/p
2026-07-07 21:57:32,Chedraui,lacteos-y-huevo,,Yakult Sofúl LT para Beber sabor Fresa Sin Azúcar 200ml,3834602,,9.50,https://www.chedraui.com.mx/yakult-soful-lt-para-beber-sabor-fresa-sin-azucar-200ml-3834602/p
2026-07-07 21:57:32,Chedraui,lacteos-y-huevo,,Leche Condensada Selecto Brand 380g,3579987,,23.00,https://www.chedraui.com.mx/leche-condensada-selecto-brand-380g-3579987/p
2026-07-07 21:57:46,Chedraui,lacteos-y-huevo,,Yoghurt Bebible Lala Piña Coco 220g,3646604,,15.50,https://www.chedraui.com.mx/yoghurt-bebible-lala-pina-coco-220g-3646604/p
2026-07-07 21:57:46,Chedraui,lacteos-y-huevo,,Danonino Queso Petit Suisse Con Fresa 4x84g,3012561,39.50,38.00,https://www.chedraui.com.mx/danonino-queso-petit-suisse-con-fresa-4x84g-3012561/p
2026-07-07 21:57:46,Chedraui,lacteos-y-huevo,,Alimento Líquido Güd Avena Orgánico sin Azucar 1L,3652947,,51.00,https://www.chedraui.com.mx/alimento-liquido-gud-avena-organico-sin-azucar-1l-3652947/p
2026-07-07 21:57:46,Chedraui,lacteos-y-huevo,,Yogurt Lala Griego Natural sin Azúcar 900g,3733120,,106.00,https://www.chedraui.com.mx/yogurt-lala-griego-natural-sin-azucar-900g-3733120/p
2026-07-07 21:57:46,Chedraui,lacteos-y-huevo,,Yoghurt Bebible Lala Fresa y Manzana Pack de 6 pzas de 220g c/u,3726459,,82.00,https://www.chedraui.com.mx/yoghurt-bebible-lala-fresa-y-manzana-pack-de-6-pzas-de-220g-cu-3726459/p
2026-07-07 21:57:46,Chedraui,lacteos-y-huevo,,Yoplait Bebible Fresa 470g,3728442,,23.00,https://www.chedraui.com.mx/yoplait-bebible-fresa-470g-3728442/p
2026-07-07 21:57:46,Chedraui,lacteos-y-huevo,,Yogurt Griego Bebible Oikos Selecto Vainilla Sin Azúcar Añadida 12g de Proteína 220g,3864267,,23.00,https://www.chedraui.com.mx/yogurt-griego-bebible-oikos-selecto-vainilla-sin-azucar-anadida-12g-de-proteina-220g-3864267/p
2026-07-07 21:57:46,Chedraui,lacteos-y-huevo,,Leche Lala 100 Cacao 330ml,3562670,28.00,26.50,https://www.chedraui.com.mx/leche-lala-100-cacao-330ml-3562670/p
2026-07-07 21:57:46,Chedraui,lacteos-y-huevo,,Yoghurt Yoplait Bebible Piña Coco 242g,3166516,,13.00,https://www.chedraui.com.mx/yoghurt-yoplait-bebible-pina-coco-242g-3166516/p
2026-07-07 21:57:46,Chedraui,lacteos-y-huevo,,Yoghurt Batido Lala Griego Frutos Rojos 120g,3815114,,16.00,https://www.chedraui.com.mx/yoghurt-batido-lala-griego-frutos-rojos-120g-3815114/p
2026-07-07 21:57:46,Chedraui,lacteos-y-huevo,,Yoghurt Griego Frambuesa Ext Crem 145 g,3841945,,18.00,https://www.chedraui.com.mx/yoghurt-griego-frambuesa-ext-crem-145-g-3841945/p
2026-07-07 21:57:46,Chedraui,lacteos-y-huevo,,Producto Lácteo en Polvo Nestlé NutriRindes 2kg,3533044,235.00,209.00,https://www.chedraui.com.mx/producto-lacteo-en-polvo-nestle-nutririndes-2kg-3533044/p
2026-07-07 21:57:46,Chedraui,lacteos-y-huevo,,Yakult Sofúl LT para Beber sabor Mango Sin Azúcar 200ml,3834603,,9.50,https://www.chedraui.com.mx/yakult-soful-lt-para-beber-sabor-mango-sin-azucar-200ml-3834603/p
2026-07-07 21:57:46,Chedraui,lacteos-y-huevo,,Huevo Rojo Webito Organico Rojo 12 Piezas,3850558,,80.90,https://www.chedraui.com.mx/huevo-rojo-webito-organico-rojo-12-piezas-3850558/p
2026-07-07 21:57:46,Chedraui,lacteos-y-huevo,,Alim Liquido GUD de Almendra Orgánica 1L,3401785,,55.00,https://www.chedraui.com.mx/alim-liquido-gud-de-almendra-organica-1l-3401785/p
2026-07-07 21:57:46,Chedraui,lacteos-y-huevo,,Yoghurt Batido Lala Griego Frutos Amarillos 120g,3815112,,16.00,https://www.chedraui.com.mx/yoghurt-batido-lala-griego-frutos-amarillos-120g-3815112/p
2026-07-07 21:58:01,Chedraui,lacteos-y-huevo,,Yoghurt Chobani Batido Natural 5% Grasa 907g,3774747,,160.00,https://www.chedraui.com.mx/yoghurt-chobani-batido-natural-5-grasa-907g-3774747/p
2026-07-07 21:58:01,Chedraui,lacteos-y-huevo,,Bebida Silk Vegetal Sabor Almendra de California Sin Azúcar 946ml,3209989,52.50,47.00,https://www.chedraui.com.mx/bebida-silk-vegetal-sabor-almendra-de-california-sin-azucar-946ml-3209989/p
2026-07-07 21:58:01,Chedraui,lacteos-y-huevo,,Crema Chantilly Top Cream Vainilla 460g,3668000,,50.00,https://www.chedraui.com.mx/crema-chantilly-top-cream-vainilla-460g-3668000/p
2026-07-07 21:58:01,Chedraui,lacteos-y-huevo,,Leche Selecto Evaporada 250ml,3880007,,12.00,https://www.chedraui.com.mx/leche-selecto-evaporada-250ml-3880007/p
2026-07-07 21:58:01,Chedraui,lacteos-y-huevo,,Margarina Selecto sin Sal de 225g,3090929,,22.00,https://www.chedraui.com.mx/margarina-selecto-sin-sal-de-225g-3090929/p
2026-07-07 21:58:01,Chedraui,lacteos-y-huevo,,Yogurt Griego Flip Cookie Dough Chobani 128g,3830115,,34.00,https://www.chedraui.com.mx/yogurt-griego-flip-cookie-dough-chobani-128g-3830115/p
2026-07-07 21:58:01,Chedraui,lacteos-y-huevo,,Yogurt Griego Flip Chocolate Covered Strawberry Chobani128g,3830116,,35.00,https://www.chedraui.com.mx/yogurt-griego-flip-chocolate-covered-strawberry-chobani128g-3830116/p
2026-07-07 21:58:01,Chedraui,lacteos-y-huevo,,Mantequilla Gloria Untable sin Sal 250g,3012509,,118.00,https://www.chedraui.com.mx/mantequilla-gloria-untable-sin-sal-250g-3012509/p
2026-07-07 21:58:01,Chedraui,lacteos-y-huevo,,Yoghurt Yoplait batido sabor durazno 125g,3100871,,8.50,https://www.chedraui.com.mx/yoghurt-yoplait-batido-sabor-durazno-125g-3100871/p
2026-07-07 21:58:01,Chedraui,lacteos-y-huevo,,Yoghurt Yoplait Batido Piña Coco 1kg,3353131,,50.00,https://www.chedraui.com.mx/yoghurt-yoplait-batido-pina-coco-1kg-3353131/p
2026-07-07 21:58:01,Chedraui,lacteos-y-huevo,,Yakult Sofúl LT Natural para Beber sin Azúcar 200ml,3834600,,9.50,https://www.chedraui.com.mx/yakult-soful-lt-natural-para-beber-sin-azucar-200ml-3834600/p
2026-07-07 21:58:01,Chedraui,lacteos-y-huevo,,Yoghurt Griego sabor Coco Yoplait 750g,3830833,,83.50,https://www.chedraui.com.mx/yoghurt-griego-sabor-coco-yoplait-750g-3830833/p
2026-07-07 21:58:01,Chedraui,lacteos-y-huevo,,Alimento en Polvo a Base de Leche Nido FortiCrece Bolsa 1.92kg,3756525,345.00,289.00,https://www.chedraui.com.mx/alimento-en-polvo-a-base-de-leche-nido-forticrece-bolsa-192kg-3756525/p
2026-07-07 21:58:01,Chedraui,lacteos-y-huevo,,Leche Selecto Condensada 390ml,3887758,,23.00,https://www.chedraui.com.mx/leche-selecto-condensada-390ml-3887758/p
2026-07-07 21:58:01,Chedraui,lacteos-y-huevo,,Yoghurt Yoplait Batido Griego Fresa 145g,3255477,19.00,16.00,https://www.chedraui.com.mx/yoghurt-yoplait-batido-griego-fresa-145g-3255477/p
2026-07-07 21:58:01,Chedraui,lacteos-y-huevo,,Yoghurt Bebible Lala Durazno 220g,3646602,,15.50,https://www.chedraui.com.mx/yoghurt-bebible-lala-durazno-220g-3646602/p
2026-07-07 21:58:16,Chedraui,lacteos-y-huevo,,Yogurth Chobani Batido Zero Sugar Durazno 150g,3766424,,35.00,https://www.chedraui.com.mx/yogurth-chobani-batido-zero-sugar-durazno-150g-3766424/p
2026-07-07 21:58:16,Chedraui,lacteos-y-huevo,,Yogurth Alpura Bebible Fresa Mora 6 piezas de 220g,3765099,,62.50,https://www.chedraui.com.mx/yogurth-alpura-bebible-fresa-mora-6-piezas-de-220g-3765099/p
2026-07-07 21:58:16,Chedraui,lacteos-y-huevo,,Yoghurt Batido Lala Zero Natural 900g,3658826,,58.00,https://www.chedraui.com.mx/yoghurt-batido-lala-zero-natural-900g-3658826/p
2026-07-07 21:58:16,Chedraui,lacteos-y-huevo,,Yoghurt Chobani Batido Zero Sugar Vainilla 907g,3729846,,169.00,https://www.chedraui.com.mx/yoghurt-chobani-batido-zero-sugar-vainilla-907g-3729846/p
2026-07-07 21:58:16,Chedraui,lacteos-y-huevo,,Yoghurt Yoplait Batido Doble Cero Fresa 125g,3100873,,11.00,https://www.chedraui.com.mx/yoghurt-yoplait-batido-doble-cero-fresa-125g-3100873/p
2026-07-07 21:58:16,Chedraui,lacteos-y-huevo,,Yoghurt Yoplait Batido Doble Cero Fresa 1Kg,3100854,,64.00,https://www.chedraui.com.mx/yoghurt-yoplait-batido-doble-cero-fresa-1kg-3100854/p
2026-07-07 21:58:16,Chedraui,lacteos-y-huevo,,Alimento para Niños de Corta Edad Nidal Infantil Lata 1.5kg,3718355,255.00,205.00,https://www.chedraui.com.mx/alimento-para-ninos-de-corta-edad-nidal-infantil-lata-15kg-3718355/p
2026-07-07 21:58:16,Chedraui,lacteos-y-huevo,,Producto UHT Nutri 1L 4 Piezas,3888677,105.90,86.00,https://www.chedraui.com.mx/producto-uht-nutri-1l-4-piezas-3888677/p
2026-07-07 21:58:16,Chedraui,lacteos-y-huevo,,Yoghurt Batido Natural Griego Lala 700g,3820119,,82.00,https://www.chedraui.com.mx/yoghurt-batido-natural-griego-lala-700g-3820119/p
2026-07-07 21:58:16,Chedraui,lacteos-y-huevo,,Yoghurt Yoplait Bebible Natural 242g,3100876,,14.00,https://www.chedraui.com.mx/yoghurt-yoplait-bebible-natural-242g-3100876/p
2026-07-07 21:58:16,Chedraui,lacteos-y-huevo,,Crema Alpura Entera Baja Grasa 900 ml,3013355,,91.50,https://www.chedraui.com.mx/crema-alpura-entera-baja-grasa-900-ml-3013355/p
2026-07-07 21:58:16,Chedraui,lacteos-y-huevo,,Frutal Alpura Fresa 900ml,3786166,,31.00,https://www.chedraui.com.mx/frutal-alpura-fresa-900ml-3786166/p
2026-07-07 21:58:16,Chedraui,lacteos-y-huevo,,Queso Petit Suisse Danonino Lunch Con Uva 70g,3834604,,17.00,https://www.chedraui.com.mx/queso-petit-suisse-danonino-lunch-con-uva-70g-3834604/p
2026-07-07 21:58:16,Chedraui,lacteos-y-huevo,,Yoghurt Bebible Lala Fresa 220g,3646601,,15.50,https://www.chedraui.com.mx/yoghurt-bebible-lala-fresa-220g-3646601/p
2026-07-07 21:58:16,Chedraui,lacteos-y-huevo,,Yoghurt Batido Lala con Fresa y Cereales 900g,3719874,,40.00,https://www.chedraui.com.mx/yoghurt-batido-lala-con-fresa-y-cereales-900g-3719874/p
2026-07-07 21:58:16,Chedraui,lacteos-y-huevo,,Yoghurt Bebible Lala Fresa Mora 220g,3646605,,15.50,https://www.chedraui.com.mx/yoghurt-bebible-lala-fresa-mora-220g-3646605/p
2026-07-07 21:58:32,Chedraui,lacteos-y-huevo,,Margarina Iberia Sal Ajo Cebolla 90g,3898606,,18.00,https://www.chedraui.com.mx/margarina-iberia-sal-ajo-cebolla-90g-3898606/p
2026-07-07 21:58:32,Chedraui,lacteos-y-huevo,,Leche Condensada Nestlé La Lechera Sin Grasa 385g,3397540,,30.00,https://www.chedraui.com.mx/leche-condensada-nestle-la-lechera-sin-grasa-385g-3397540/p
2026-07-07 21:58:32,Chedraui,lacteos-y-huevo,,Leche Evaporada Alpura Regular 340ml,3883931,,25.00,https://www.chedraui.com.mx/leche-evaporada-alpura-regular-340ml-3883931/p
2026-07-07 21:58:32,Chedraui,lacteos-y-huevo,,Yoghurt Batido Yoplait Manzana 1kg,3098935,,50.00,https://www.chedraui.com.mx/yoghurt-batido-yoplait-manzana-1kg-3098935/p
2026-07-07 21:58:32,Chedraui,lacteos-y-huevo,,Leche Selecto Evaporada 1L,3805938,,50.00,https://www.chedraui.com.mx/leche-selecto-evaporada-1l-3805938/p
2026-07-07 21:58:32,Chedraui,lacteos-y-huevo,,Leche Condensada Nestlé La Lechera Dulce de Leche Sirve Fácil 325g,3238133,,48.00,https://www.chedraui.com.mx/leche-condensada-nestle-la-lechera-dulce-de-leche-sirve-facil-325g-3238133/p
2026-07-07 21:58:32,Chedraui,lacteos-y-huevo,,Mantequilla con Sal Untable Lurpak 250g,3214393,,110.00,https://www.chedraui.com.mx/mantequilla-con-sal-untable-lurpak-250g-3214393/p
2026-07-07 21:58:32,Chedraui,lacteos-y-huevo,,Crema Santa Clara Ácida Regular 420ml,3790608,,43.50,https://www.chedraui.com.mx/crema-santa-clara-acida-regular-420ml-3790608/p
2026-07-07 21:58:32,Chedraui,lacteos-y-huevo,,Huevo Blanco Orgánico Mándala Orgánica 12 Piezas,3748487,,78.00,https://www.chedraui.com.mx/huevo-blanco-organico-mandala-organica-12-piezas-3748487/p
2026-07-07 21:58:32,Chedraui,lacteos-y-huevo,,Yoghurt Yoplait Bebible Griego Moras 220g,3287701,,19.00,https://www.chedraui.com.mx/yoghurt-yoplait-bebible-griego-moras-220g-3287701/p
2026-07-07 21:58:32,Chedraui,lacteos-y-huevo,,Danonino Alimento Lácteo Bebible Sabor Fresa 90g,3312936,,9.00,https://www.chedraui.com.mx/danonino-alimento-lacteo-bebible-sabor-fresa-90g-3312936/p
2026-07-07 21:58:32,Chedraui,lacteos-y-huevo,,Yoghurt Yoplait Griego Batido sin azúcar 800g,3805528,,91.00,https://www.chedraui.com.mx/yoghurt-yoplait-griego-batido-sin-azucar-800g-3805528/p
2026-07-07 21:58:32,Chedraui,lacteos-y-huevo,,Yoghurt Yoplait Batido Placer Cookie&Cream 145g,3218209,,18.50,https://www.chedraui.com.mx/yoghurt-yoplait-batido-placer-cookiecream-145g-3218209/p
2026-07-07 21:58:32,Chedraui,lacteos-y-huevo,,Bebida Lala Vita Almendra con Stevia 960ml,3466712,,43.00,https://www.chedraui.com.mx/bebida-lala-vita-almendra-con-stevia-960ml-3466712/p
2026-07-07 21:58:32,Chedraui,lacteos-y-huevo,,Margarina Iberia sin Sal 170g,3755978,,25.00,https://www.chedraui.com.mx/margarina-iberia-sin-sal-170g-3755978/p
2026-07-07 21:58:32,Chedraui,lacteos-y-huevo,,Yoghurt Yoplait Fresa sin Azúcar 950g,3674858,,53.50,https://www.chedraui.com.mx/yoghurt-yoplait-fresa-sin-azucar-950g-3674858/p
2026-07-07 21:58:45,Chedraui,lacteos-y-huevo,,Yogurt FAGE Natural Griego sin Grasa 150g,3309468,56.00,45.00,https://www.chedraui.com.mx/yogurt-fage-natural-griego-sin-grasa-150g-3309468/p
2026-07-07 21:58:45,Chedraui,lacteos-y-huevo,,Alimento lácteo fermentado Activia frutos rojos con chía deslactosado 220g,3638703,,19.00,https://www.chedraui.com.mx/alimento-lacteo-fermentado-activia-frutos-rojos-con-chia-deslactosado-220g-3638703/p
2026-07-07 21:58:45,Chedraui,lacteos-y-huevo,,Yoghurt Kéfir Lifeway Low Fat Bebida Sabor Mora Azul 236ml,3368956,,38.00,https://www.chedraui.com.mx/yoghurt-kefir-lifeway-low-fat-bebida-sabor-mora-azul-236ml-3368956/p
2026-07-07 21:58:45,Chedraui,lacteos-y-huevo,,Leche Saborizada Lala Yomi Fresa 960 ml,3735631,39.00,36.00,https://www.chedraui.com.mx/leche-saborizada-lala-yomi-fresa-960-ml-3735631/p
2026-07-07 21:58:45,Chedraui,lacteos-y-huevo,,Yakult Sofúl LT Natural Sin Azúcar 106g,3834591,,9.00,https://www.chedraui.com.mx/yakult-soful-lt-natural-sin-azucar-106g-3834591/p
2026-07-07 21:58:45,Chedraui,lacteos-y-huevo,,Leche Lala Orgánica Entera 960 ml,3797398,,50.00,https://www.chedraui.com.mx/leche-lala-organica-entera-960-ml-3797398/p
2026-07-07 21:58:45,Chedraui,lacteos-y-huevo,,Leche Alpura Clásica Pasteurizada Medio Galón 1.89L,3013295,,48.00,https://www.chedraui.com.mx/leche-alpura-clasica-pasteurizada-medio-galon-189l-3013295/p
2026-07-07 21:58:45,Chedraui,lacteos-y-huevo,,Yoghurt Batido Yoplait Durazno y Cereales 1kg,3100852,61.00,47.00,https://www.chedraui.com.mx/yoghurt-batido-yoplait-durazno-y-cereales-1kg-3100852/p
2026-07-07 21:58:45,Chedraui,lacteos-y-huevo,,Leche Alpura Clásica Pasteurizada 1 L,3013290,29.00,28.50,https://www.chedraui.com.mx/leche-alpura-clasica-pasteurizada-1-l-3013290/p
2026-07-07 21:58:45,Chedraui,lacteos-y-huevo,,Yoghurt Alpura Griego Natural sin Azucar 125g,3882465,,15.00,https://www.chedraui.com.mx/yoghurt-alpura-griego-natural-sin-azucar-125g-3882465/p
2026-07-07 21:58:45,Chedraui,lacteos-y-huevo,,Bebida Vegetal Nature's Heart Sabor Coco Sin Azúcar 946ml,3548727,,40.00,https://www.chedraui.com.mx/bebida-vegetal-natures-heart-sabor-coco-sin-azucar-946ml-3548727/p
2026-07-07 21:58:45,Chedraui,lacteos-y-huevo,,Leche de Almendra Califia Farms sabor Vainilla sin Azúcar 1.4L,3323273,,155.00,https://www.chedraui.com.mx/leche-de-almendra-califia-farms-sabor-vainilla-sin-azucar-14l-3323273/p
2026-07-07 21:58:45,Chedraui,lacteos-y-huevo,,Crema Ácida Fage de 454g,3685448,,93.00,https://www.chedraui.com.mx/crema-acida-fage-de-454g-3685448/p
2026-07-07 21:58:45,Chedraui,lacteos-y-huevo,,Yoghurt Oikos Griego Deslactosado Coco 150g,3845455,22.00,19.00,https://www.chedraui.com.mx/yoghurt-oikos-griego-deslactosado-coco-150g-3845455/p
2026-07-07 21:58:45,Chedraui,lacteos-y-huevo,,Yoghurt Yoplait Batido Placer Pay Fresa 145g,3218234,,18.50,https://www.chedraui.com.mx/yoghurt-yoplait-batido-placer-pay-fresa-145g-3218234/p
2026-07-07 21:58:45,Chedraui,lacteos-y-huevo,,Producto Lácteo Nutri Deslactosado 1L,3362981,27.00,26.00,https://www.chedraui.com.mx/producto-lacteo-nutri-deslactosado-1l-3362981/p
2026-07-07 21:59:01,Chedraui,lacteos-y-huevo,,Leche UHT Lala Deslactosada 4 Piezas,3888676,132.50,123.00,https://www.chedraui.com.mx/leche-uht-lala-deslactosada-4-piezas-3888676/p
2026-07-07 21:59:01,Chedraui,lacteos-y-huevo,,Leche Aguascalientes Entera 1L,3775739,,26.00,https://www.chedraui.com.mx/leche-aguascalientes-entera-1l-3775739/p
2026-07-07 21:59:01,Chedraui,lacteos-y-huevo,,Yoghurt Chobani Batido Zero Sugar Moras 4 Piezas,3766427,,119.00,https://www.chedraui.com.mx/yoghurt-chobani-batido-zero-sugar-moras-4-piezas-3766427/p
2026-07-07 21:59:01,Chedraui,lacteos-y-huevo,,Silk Bebida Vegetal Sabor Almendra Con Chocolate 946ml,3547832,52.50,39.00,https://www.chedraui.com.mx/silk-bebida-vegetal-sabor-almendra-con-chocolate-946ml-3547832/p
2026-07-07 21:59:01,Chedraui,lacteos-y-huevo,,Activia Fibra Alimento Lácteo Bebible Fresa y Plátano y Cereales 225g,3461567,18.00,15.00,https://www.chedraui.com.mx/activia-fibra-alimento-lacteo-bebible-fresa-y-platano-y-cereales-225g-3461567/p
2026-07-07 21:59:01,Chedraui,lacteos-y-huevo,,Yoghurt Danone Mix Sabor Fresa Con Cereal Azucarado 143gr,3099499,,15.00,https://www.chedraui.com.mx/yoghurt-danone-mix-sabor-fresa-con-cereal-azucarado-143gr-3099499/p
2026-07-07 21:59:01,Chedraui,lacteos-y-huevo,,Leche Saborizada Carlos V Chocolate Lista para Beber Brick de 185 ml,3872856,,9.00,https://www.chedraui.com.mx/leche-saborizada-carlos-v-chocolate-lista-para-beber-brick-de-185-ml-3872856/p
2026-07-07 21:59:01,Chedraui,lacteos-y-huevo,,Huevo Cresta Libre Blanco Libre Pastoreo 12 Piezas,3729807,,66.00,https://www.chedraui.com.mx/huevo-cresta-libre-blanco-libre-pastoreo-12-piezas-3729807/p
2026-07-07 21:59:01,Chedraui,lacteos-y-huevo,,Leche Alpura Clásica Pasteurizada Galón 3.78 L,3013298,,83.00,https://www.chedraui.com.mx/leche-alpura-clasica-pasteurizada-galon-378-l-3013298/p
2026-07-07 21:59:01,Chedraui,lacteos-y-huevo,,Yoghurt Chobani Complete Beb Vainilla 296 ml,3696220,,42.50,https://www.chedraui.com.mx/yoghurt-chobani-complete-beb-vainilla-296-ml-3696220/p
2026-07-07 21:59:01,Chedraui,lacteos-y-huevo,,Yoghurt Batido Lala Fresa Cereal y Chocolate 100g,3361404,,13.00,https://www.chedraui.com.mx/yoghurt-batido-lala-fresa-cereal-y-chocolate-100g-3361404/p
2026-07-07 21:59:01,Chedraui,lacteos-y-huevo,,Margarina Selecto sin Sal de 1kg,3090933,,75.00,https://www.chedraui.com.mx/margarina-selecto-sin-sal-de-1kg-3090933/p
2026-07-07 21:59:01,Chedraui,lacteos-y-huevo,,Bebida Vegetal Nature's Heart Sabor Almendra Coco Sin Azúcar 946ml,3363323,,45.00,https://www.chedraui.com.mx/bebida-vegetal-natures-heart-sabor-almendra-coco-sin-azucar-946ml-3363323/p
2026-07-07 21:59:01,Chedraui,lacteos-y-huevo,,Yoghurt Kéfir Lifeway Low Fat Bebida Sabor Fresa 236ml,3368954,,38.00,https://www.chedraui.com.mx/yoghurt-kefir-lifeway-low-fat-bebida-sabor-fresa-236ml-3368954/p
2026-07-07 21:59:01,Chedraui,lacteos-y-huevo,,Yoghurt Bebible Lala Manzana 220g,3646603,,15.50,https://www.chedraui.com.mx/yoghurt-bebible-lala-manzana-220g-3646603/p
2026-07-07 21:59:01,Chedraui,lacteos-y-huevo,,Yoghurt Yoplait Bebible Mango 242g,3166550,,13.00,https://www.chedraui.com.mx/yoghurt-yoplait-bebible-mango-242g-3166550/p
2026-07-07 21:59:15,Chedraui,lacteos-y-huevo,,Yoghurt Griego Oikos Fresa Sin Azúcar 150g,3834606,22.00,19.00,https://www.chedraui.com.mx/yoghurt-griego-oikos-fresa-sin-azucar-150g-3834606/p
2026-07-07 21:59:15,Chedraui,lacteos-y-huevo,,Yoghurt Yoplait Skyr Batido Griego Coco 120g,3743468,,23.00,https://www.chedraui.com.mx/yoghurt-yoplait-skyr-batido-griego-coco-120g-3743468/p
2026-07-07 21:59:15,Chedraui,lacteos-y-huevo,,Alimento Líquido de Coco GÜD sin Azucar Orgánico 1L,3444105,,58.00,https://www.chedraui.com.mx/alimento-liquido-de-coco-gud-sin-azucar-organico-1l-3444105/p
2026-07-07 21:59:15,Chedraui,lacteos-y-huevo,,Yoghurt Batido Lala Durazno 120g,3658823,,8.50,https://www.chedraui.com.mx/yoghurt-batido-lala-durazno-120g-3658823/p
2026-07-07 21:59:15,Chedraui,lacteos-y-huevo,,Yoghurt Yoplait Batido Placer Coco 145g,3218204,,18.50,https://www.chedraui.com.mx/yoghurt-yoplait-batido-placer-coco-145g-3218204/p
2026-07-07 21:59:15,Chedraui,lacteos-y-huevo,,Leche Saborizada Lala Yomi Vainilla 960 ml,3735632,,35.50,https://www.chedraui.com.mx/leche-saborizada-lala-yomi-vainilla-960-ml-3735632/p
2026-07-07 21:59:15,Chedraui,lacteos-y-huevo,,Leche Santa Clara Café Capuccino UHT 250ml,3825369,,25.00,https://www.chedraui.com.mx/leche-santa-clara-cafe-capuccino-uht-250ml-3825369/p
2026-07-07 21:59:15,Chedraui,lacteos-y-huevo,,Yogurt Griego Oikos Selecto Natural 12g de Proteína Sin Azúcar Añadida 700g,3879845,,89.50,https://www.chedraui.com.mx/yogurt-griego-oikos-selecto-natural-12g-de-proteina-sin-azucar-anadida-700g-3879845/p
2026-07-07 21:59:15,Chedraui,lacteos-y-huevo,,Leche Kellogg's All Bran Chocolate Deslactosada 190ml,3868208,,14.00,https://www.chedraui.com.mx/leche-kelloggs-all-bran-chocolate-deslactosada-190ml-3868208/p
2026-07-07 21:59:15,Chedraui,lacteos-y-huevo,,Yoghurt Danone Sabor Fresa 900g,3487245,45.00,42.00,https://www.chedraui.com.mx/yoghurt-danone-sabor-fresa-900g-3487245/p
2026-07-07 21:59:15,Chedraui,lacteos-y-huevo,,Leche UHT Lala Entera 4 Piezas,3888675,132.50,121.00,https://www.chedraui.com.mx/leche-uht-lala-entera-4-piezas-3888675/p
2026-07-07 21:59:15,Chedraui,lacteos-y-huevo,,Leche Barista Bové Deslactosada 946ml,3804251,,46.00,https://www.chedraui.com.mx/leche-barista-bove-deslactosada-946ml-3804251/p
2026-07-07 21:59:15,Chedraui,lacteos-y-huevo,,Margarina Primavera 190g con sal,3096992,,45.00,https://www.chedraui.com.mx/margarina-primavera-190g-con-sal-3096992/p
2026-07-07 21:59:15,Chedraui,lacteos-y-huevo,,Yoghurt Bebible Lala Mango 220g,3646606,,15.50,https://www.chedraui.com.mx/yoghurt-bebible-lala-mango-220g-3646606/p
2026-07-07 21:59:15,Chedraui,lacteos-y-huevo,,Yoghurt Yoplait Doble Cero + Fibra Bebible Frutos Rojos 220g,3728446,,18.50,https://www.chedraui.com.mx/yoghurt-yoplait-doble-cero--fibra-bebible-frutos-rojos-220g-3728446/p
2026-07-07 21:59:15,Chedraui,lacteos-y-huevo,,Leche San Marcos Entera 1.5L,3807900,45.50,41.50,https://www.chedraui.com.mx/leche-san-marcos-entera-15l-3807900/p
2026-07-07 21:59:31,Chedraui,lacteos-y-huevo,,Yakult Sofúl LT sabor Fresa Sin Azúcar 105g,3834594,,9.00,https://www.chedraui.com.mx/yakult-soful-lt-sabor-fresa-sin-azucar-105g-3834594/p
2026-07-07 21:59:31,Chedraui,lacteos-y-huevo,,Mantequilla Gloria Untable sin Sal Reducida en Grasa 250g,3307209,,107.00,https://www.chedraui.com.mx/mantequilla-gloria-untable-sin-sal-reducida-en-grasa-250g-3307209/p
2026-07-07 21:59:31,Chedraui,lacteos-y-huevo,,Yogurt Batido Griego Miel Chobani 150g,3825950,,34.00,https://www.chedraui.com.mx/yogurt-batido-griego-miel-chobani-150g-3825950/p
2026-07-07 21:59:31,Chedraui,lacteos-y-huevo,,Formula Láctea Marsella Ultrapasteurizada 1L,3019456,22.00,20.00,https://www.chedraui.com.mx/formula-lactea-marsella-ultrapasteurizada-1l-3019456/p
2026-07-07 21:59:31,Chedraui,lacteos-y-huevo,,Creamer Chobani Vainilla Base de Leche 710ml,3729851,,113.00,https://www.chedraui.com.mx/creamer-chobani-vainilla-base-de-leche-710ml-3729851/p
2026-07-07 21:59:31,Chedraui,lacteos-y-huevo,,Leche Condensada Nestlé La Lechera Cartón 430g,3772970,,39.00,https://www.chedraui.com.mx/leche-condensada-nestle-la-lechera-carton-430g-3772970/p
2026-07-07 21:59:31,Chedraui,lacteos-y-huevo,,Leche UHT Santa Clara Helado de Chocolate 250ml,3501298,18.50,18.00,https://www.chedraui.com.mx/leche-uht-santa-clara-helado-de-chocolate-250ml-3501298/p
2026-07-07 21:59:31,Chedraui,lacteos-y-huevo,,Leche UHT Santa Clara Helado de Fresa 250ml,3501299,,18.50,https://www.chedraui.com.mx/leche-uht-santa-clara-helado-de-fresa-250ml-3501299/p
2026-07-07 21:59:31,Chedraui,lacteos-y-huevo,,Alimento Lácteo Ganata 1L,3170882,19.00,16.50,https://www.chedraui.com.mx/alimento-lacteo-ganata-1l-3170882/p
2026-07-07 21:59:31,Chedraui,lacteos-y-huevo,,Crema para Batir sabor Nata Chantilly 1Kg,3823118,,100.00,https://www.chedraui.com.mx/crema-para-batir-sabor-nata-chantilly-1kg-3823118/p
2026-07-07 21:59:31,Chedraui,lacteos-y-huevo,,Crema Para Batir Anchor sin Azúcar 200ml,3827051,,40.00,https://www.chedraui.com.mx/crema-para-batir-anchor-sin-azucar-200ml-3827051/p
2026-07-07 21:59:31,Chedraui,lacteos-y-huevo,,Alimento Lácteo Fermentado Activia Fresa Piña Apio Nopal 6x225g,3662100,,94.50,https://www.chedraui.com.mx/alimento-lacteo-fermentado-activia-fresa-pina-apio-nopal-6x225g-3662100/p
2026-07-07 21:59:31,Chedraui,lacteos-y-huevo,,Leche Santa Clara Deslactosada Light 1.5L,3875742,,55.00,https://www.chedraui.com.mx/leche-santa-clara-deslactosada-light-15l-3875742/p
2026-07-07 21:59:31,Chedraui,lacteos-y-huevo,,Yoghurt Chobani Batido Flip Key Lime 128g,3729844,,34.00,https://www.chedraui.com.mx/yoghurt-chobani-batido-flip-key-lime-128g-3729844/p
2026-07-07 21:59:31,Chedraui,lacteos-y-huevo,,Yoghurt Chobani Batido Zero Sugar Mora Azul 150g,3729843,,35.00,https://www.chedraui.com.mx/yoghurt-chobani-batido-zero-sugar-mora-azul-150g-3729843/p
2026-07-07 21:59:31,Chedraui,lacteos-y-huevo,,Yoghurt Yoplait Bebible Griego Fresa 220g,3287703,,23.00,https://www.chedraui.com.mx/yoghurt-yoplait-bebible-griego-fresa-220g-3287703/p
2026-07-07 21:59:46,Chedraui,lacteos-y-huevo,,Leche Lala 100 Fresca sin Lactosa Light 1L,3397270,,51.50,https://www.chedraui.com.mx/leche-lala-100-fresca-sin-lactosa-light-1l-3397270/p
2026-07-07 21:59:46,Chedraui,lacteos-y-huevo,,Yoghurt Griego Natural Sin Azúcar Oikos 150g,3808249,21.50,19.00,https://www.chedraui.com.mx/yoghurt-griego-natural-sin-azucar-oikos-150g-3808249/p
2026-07-07 21:59:46,Chedraui,lacteos-y-huevo,,Yoghurt Alpura Bebible Fresa con 6 Piezas de 220g,3742572,,65.50,https://www.chedraui.com.mx/yoghurt-alpura-bebible-fresa-con-6-piezas-de-220g-3742572/p
2026-07-07 21:59:46,Chedraui,lacteos-y-huevo,,Yoghurt Batido Lala Griego Sabor Frutos Rojos 700g,3800872,,77.00,https://www.chedraui.com.mx/yoghurt-batido-lala-griego-sabor-frutos-rojos-700g-3800872/p
2026-07-07 21:59:46,Chedraui,lacteos-y-huevo,,Yoghurt Lala 100 Bebible Natural 220 g,3800697,,16.00,https://www.chedraui.com.mx/yoghurt-lala-100-bebible-natural-220-g-3800697/p
2026-07-07 21:59:46,Chedraui,lacteos-y-huevo,,Leche UHT San Marcos Semidescremada 1L,3407549,,34.00,https://www.chedraui.com.mx/leche-uht-san-marcos-semidescremada-1l-3407549/p
2026-07-07 21:59:46,Chedraui,lacteos-y-huevo,,Crema Chantilly Dulce 1L,3011695,,49.00,https://www.chedraui.com.mx/crema-chantilly-dulce-1l-3011695/p
2026-07-07 21:59:46,Chedraui,lacteos-y-huevo,,Mantequilla Gloria sin Sal 500g,3361634,,153.00,https://www.chedraui.com.mx/mantequilla-gloria-sin-sal-500g-3361634/p
2026-07-07 21:59:46,Chedraui,lacteos-y-huevo,,Alimento para Niños de Corta Edad Nido Kinder 1+ Lata 800g,3019707,,139.00,https://www.chedraui.com.mx/alimento-para-ninos-de-corta-edad-nido-kinder-1-lata-800g-3019707/p
2026-07-07 21:59:46,Chedraui,lacteos-y-huevo,,Leche Forti Plus Deslactosada 1L,3398792,,25.00,https://www.chedraui.com.mx/leche-forti-plus-deslactosada-1l-3398792/p
2026-07-07 21:59:46,Chedraui,lacteos-y-huevo,,Kéfir Marusia Bebible Frutos Rojos 900ml,3775723,,123.00,https://www.chedraui.com.mx/kefir-marusia-bebible-frutos-rojos-900ml-3775723/p
2026-07-07 21:59:46,Chedraui,lacteos-y-huevo,,Silk Bebida Vegetal Sabor Almendra Sin Azúcar 190ml,3658815,,11.50,https://www.chedraui.com.mx/silk-bebida-vegetal-sabor-almendra-sin-azucar-190ml-3658815/p
2026-07-07 21:59:46,Chedraui,lacteos-y-huevo,,Evaporada Chedraui De Leche 354ml,3801751,,20.00,https://www.chedraui.com.mx/evaporada-chedraui-de-leche-354ml-3801751/p
2026-07-07 21:59:46,Chedraui,lacteos-y-huevo,,Leche UHT Santa Clara Helado de Menta con Chocolate 250ml,3556370,,18.50,https://www.chedraui.com.mx/leche-uht-santa-clara-helado-de-menta-con-chocolate-250ml-3556370/p
2026-07-07 21:59:46,Chedraui,lacteos-y-huevo,,Activia Fibra Alimento Lácteo Papaya Con Cereales 225g,3461105,,15.00,https://www.chedraui.com.mx/activia-fibra-alimento-lacteo-papaya-con-cereales-225g-3461105/p
2026-07-07 21:59:46,Chedraui,lacteos-y-huevo,,Alimento Lácteo fermentado Activia frutas ciruela pasa 900 g,3487287,,67.00,https://www.chedraui.com.mx/alimento-lacteo-fermentado-activia-frutas-ciruela-pasa-900-g-3487287/p
2026-07-07 22:00:00,Chedraui,lacteos-y-huevo,,Yoghurt Chobani Batido Flip Peanut Butter 128g,3774744,,32.00,https://www.chedraui.com.mx/yoghurt-chobani-batido-flip-peanut-butter-128g-3774744/p
2026-07-07 22:00:00,Chedraui,lacteos-y-huevo,,Leche UHT San Marcos Entera 1L,3407547,28.50,28.00,https://www.chedraui.com.mx/leche-uht-san-marcos-entera-1l-3407547/p
2026-07-07 22:00:00,Chedraui,lacteos-y-huevo,,Yoghurt Oikos Pro Batido Frutos Rojos Sin Azúcar 150g,3864361,,32.00,https://www.chedraui.com.mx/yoghurt-oikos-pro-batido-frutos-rojos-sin-azucar-150g-3864361/p
2026-07-07 22:00:00,Chedraui,lacteos-y-huevo,,Yoghurt Danone Griego Frutos Rojos Avena 650g,3879840,,64.50,https://www.chedraui.com.mx/yoghurt-danone-griego-frutos-rojos-avena-650g-3879840/p
2026-07-07 22:00:00,Chedraui,lacteos-y-huevo,,Leche Evaporada Carnation Deslactosada 720g,3879194,,42.00,https://www.chedraui.com.mx/leche-evaporada-carnation-deslactosada-720g-3879194/p
2026-07-07 22:00:00,Chedraui,lacteos-y-huevo,,Margarina Primavera sin sal 775g,3096991,,147.00,https://www.chedraui.com.mx/margarina-primavera-sin-sal-775g-3096991/p
2026-07-07 22:00:00,Chedraui,lacteos-y-huevo,,Leche A De Coco Original Vainilla 1L,3806721,,52.00,https://www.chedraui.com.mx/leche-a-de-coco-original-vainilla-1l-3806721/p
2026-07-07 22:00:00,Chedraui,lacteos-y-huevo,,Manteca Inca 500g,3009970,,44.50,https://www.chedraui.com.mx/manteca-inca-500g-3009970/p
2026-07-07 22:00:00,Chedraui,lacteos-y-huevo,,Yoplait Bebible Piña Coco 470g,3728443,,24.50,https://www.chedraui.com.mx/yoplait-bebible-pina-coco-470g-3728443/p
2026-07-07 22:00:00,Chedraui,lacteos-y-huevo,,Yoghurt Yoplait Skyr Batido Griego Fresa 120g,3743467,,23.00,https://www.chedraui.com.mx/yoghurt-yoplait-skyr-batido-griego-fresa-120g-3743467/p
2026-07-07 22:00:00,Chedraui,lacteos-y-huevo,,Yoghurt Lala Bio 4 Fresa 100g 5 Piezas,3694480,,49.50,https://www.chedraui.com.mx/yoghurt-lala-bio-4-fresa-100g-5-piezas-3694480/p
2026-07-07 22:00:00,Chedraui,lacteos-y-huevo,,Yoghurt Danone Bebible Con Fresa 220g,3501166,,13.00,https://www.chedraui.com.mx/yoghurt-danone-bebible-con-fresa-220g-3501166/p
2026-07-07 22:00:00,Chedraui,lacteos-y-huevo,,Leche Lala 100 sin Lactosa más Calcio 1L,3430876,,51.50,https://www.chedraui.com.mx/leche-lala-100-sin-lactosa-mas-calcio-1l-3430876/p
2026-07-07 22:00:00,Chedraui,lacteos-y-huevo,,Producto Lácteo Carnation Nestlé Bolsa 460g,3624230,,68.00,https://www.chedraui.com.mx/producto-lacteo-carnation-nestle-bolsa-460g-3624230/p
2026-07-07 22:00:01,Chedraui,lacteos-y-huevo,,Lifeway Kéfir Low Fat Fresa Plátano 946ml,3390942,,120.00,https://www.chedraui.com.mx/lifeway-kefir-low-fat-fresa-platano-946ml-3390942/p
2026-07-07 22:00:01,Chedraui,lacteos-y-huevo,,Yoghurt Licuado Lala Fresa Plátano Cereal 220g,3686968,,18.00,https://www.chedraui.com.mx/yoghurt-licuado-lala-fresa-platano-cereal-220g-3686968/p
2026-07-07 22:00:15,Chedraui,lacteos-y-huevo,,Yoghurt Yoplait Natural sin Azúcar 950g,3674857,,53.50,https://www.chedraui.com.mx/yoghurt-yoplait-natural-sin-azucar-950g-3674857/p
2026-07-07 22:00:15,Chedraui,lacteos-y-huevo,,Yoghurt Natural Bebible ProbioC Lala 5 Piezas de 80g,3820115,,43.00,https://www.chedraui.com.mx/yoghurt-natural-bebible-probioc-lala-5-piezas-de-80g-3820115/p
2026-07-07 22:00:15,Chedraui,lacteos-y-huevo,,Yogurt FAGE Natural Griego 907g,3619158,,258.00,https://www.chedraui.com.mx/yogurt-fage-natural-griego-907g-3619158/p
2026-07-07 22:00:15,Chedraui,lacteos-y-huevo,,Huevo Cresta Libre Blanco Orgánico 12 Piezas,3729806,,79.00,https://www.chedraui.com.mx/huevo-cresta-libre-blanco-organico-12-piezas-3729806/p
2026-07-07 22:00:15,Chedraui,lacteos-y-huevo,,Yoghurt Giergo Chobani Natural 454ml,3886041,,69.00,https://www.chedraui.com.mx/yoghurt-giergo-chobani-natural-454ml-3886041/p
2026-07-07 22:00:15,Chedraui,lacteos-y-huevo,,Huevos Blancos Campo Vivo Orgánicos 6 Piezas,3611135,,43.00,https://www.chedraui.com.mx/huevos-blancos-campo-vivo-organicos-6-piezas-3611135/p
2026-07-07 22:00:15,Chedraui,lacteos-y-huevo,,Mantequilla Selecto sin Sal de 225g,3202242,,60.00,https://www.chedraui.com.mx/mantequilla-selecto-sin-sal-de-225g-3202242/p
2026-07-07 22:00:15,Chedraui,lacteos-y-huevo,,Alimento Lácteo Fermentado Activia Ciruela Pasa 6x225g,3461006,,94.50,https://www.chedraui.com.mx/alimento-lacteo-fermentado-activia-ciruela-pasa-6x225g-3461006/p
2026-07-07 22:00:15,Chedraui,lacteos-y-huevo,,Leche Fresca Lala Orgánica Entera 960ml,3800012,,56.00,https://www.chedraui.com.mx/leche-fresca-lala-organica-entera-960ml-3800012/p
2026-07-07 22:00:15,Chedraui,lacteos-y-huevo,,Kefir Bové Deslactosado Natural 1L,3897823,,103.00,https://www.chedraui.com.mx/kefir-bove-deslactosado-natural-1l-3897823/p
2026-07-07 22:00:15,Chedraui,lacteos-y-huevo,,Leche Deslactosada Lala Fresca Plástico 1.8L,3380409,,58.50,https://www.chedraui.com.mx/leche-deslactosada-lala-fresca-plastico-18l-3380409/p
2026-07-07 22:00:15,Chedraui,lacteos-y-huevo,,Margarina La Villita Untable Sin Sal 190g,3193624,,36.50,https://www.chedraui.com.mx/margarina-la-villita-untable-sin-sal-190g-3193624/p
2026-07-07 22:00:15,Chedraui,lacteos-y-huevo,,Yogurt Chobani Griego Natural 20% Proteína 907g,3891388,,164.00,https://www.chedraui.com.mx/yogurt-chobani-griego-natural-20-proteina-907g-3891388/p
2026-07-07 22:00:15,Chedraui,lacteos-y-huevo,,Yoghurt Yoplait Griego Natural 120g,3684259,,15.50,https://www.chedraui.com.mx/yoghurt-yoplait-griego-natural-120g-3684259/p
2026-07-07 22:00:15,Chedraui,lacteos-y-huevo,,Leche San Marcos Deslactosada 1.5L,3873120,48.00,41.00,https://www.chedraui.com.mx/leche-san-marcos-deslactosada-15l-3873120/p
2026-07-07 22:00:15,Chedraui,lacteos-y-huevo,,Bebida Lala Vita Coco con Stevia 960 ml,3498221,,43.00,https://www.chedraui.com.mx/bebida-lala-vita-coco-con-stevia-960-ml-3498221/p
2026-07-07 22:00:31,Chedraui,lacteos-y-huevo,,Prod Lácteo Comb Marsella Ultra 1.5L,3747535,31.00,30.90,https://www.chedraui.com.mx/prod-lacteo-comb-marsella-ultra-15l-3747535/p
2026-07-07 22:00:31,Chedraui,lacteos-y-huevo,,Yoghurt Oikos Pro Batido Vainilla Sin Azúcar 150g,3864362,,32.00,https://www.chedraui.com.mx/yoghurt-oikos-pro-batido-vainilla-sin-azucar-150g-3864362/p
2026-07-07 22:00:31,Chedraui,lacteos-y-huevo,,Kefir Marusia Fermentado Coco 900ml,3813103,,123.00,https://www.chedraui.com.mx/kefir-marusia-fermentado-coco-900ml-3813103/p
2026-07-07 22:00:31,Chedraui,lacteos-y-huevo,,Leche Condensada Nestlé La Lechera 100g,3019799,,13.00,https://www.chedraui.com.mx/leche-condensada-nestle-la-lechera-100g-3019799/p
2026-07-07 22:00:31,Chedraui,lacteos-y-huevo,,Alimento Lácteo Fermentado Activia Ciruela Pasa Y Papaya Y Cereales 6x225g,3460976,,94.50,https://www.chedraui.com.mx/alimento-lacteo-fermentado-activia-ciruela-pasa-y-papaya-y-cereales-6x225g-3460976/p
2026-07-07 22:00:31,Chedraui,lacteos-y-huevo,,Crema Flor De Alfalfa Acida Premium 450g,3840315,,53.00,https://www.chedraui.com.mx/crema-flor-de-alfalfa-acida-premium-450g-3840315/p
2026-07-07 22:00:31,Chedraui,lacteos-y-huevo,,Frutal Alpura Plátano y Fresa 900ml,3787604,,31.00,https://www.chedraui.com.mx/frutal-alpura-platano-y-fresa-900ml-3787604/p
2026-07-07 22:00:31,Chedraui,lacteos-y-huevo,,Yoghurt Yoplait Batido Doble Cero Durazno 1Kg,3100855,,64.00,https://www.chedraui.com.mx/yoghurt-yoplait-batido-doble-cero-durazno-1kg-3100855/p
2026-07-07 22:00:31,Chedraui,lacteos-y-huevo,,Yoghurt Yoplait Doble Cero + Fibra Bebible Ciruela Pasa 220g,3728447,,18.50,https://www.chedraui.com.mx/yoghurt-yoplait-doble-cero--fibra-bebible-ciruela-pasa-220g-3728447/p
2026-07-07 22:00:31,Chedraui,lacteos-y-huevo,,Yoghurt Yoplait Batido Griego Moras 442g,3281127,,54.00,https://www.chedraui.com.mx/yoghurt-yoplait-batido-griego-moras-442g-3281127/p
2026-07-07 22:00:31,Chedraui,lacteos-y-huevo,,Yoghurt Danmix Vainilla M&M's 110g,3886994,,27.50,https://www.chedraui.com.mx/yoghurt-danmix-vainilla-mms-110g-3886994/p
2026-07-07 22:00:31,Chedraui,lacteos-y-huevo,,Petit Suisse Lala Petit Mora 8x42g,3904264,,38.00,https://www.chedraui.com.mx/petit-suisse-lala-petit-mora-8x42g-3904264/p
2026-07-07 22:00:31,Chedraui,lacteos-y-huevo,,Leche Entera Lala Fresca Cartón 1L,3012008,,33.00,https://www.chedraui.com.mx/leche-entera-lala-fresca-carton-1l-3012008/p
2026-07-07 22:00:31,Chedraui,lacteos-y-huevo,,Alimento en Polvo a Base de Leche Nido FortiCrece Bolsa 480g,3756521,,85.00,https://www.chedraui.com.mx/alimento-en-polvo-a-base-de-leche-nido-forticrece-bolsa-480g-3756521/p
2026-07-07 22:00:31,Chedraui,lacteos-y-huevo,,Alimento lácteo fermentado Piña Coco Más Fresa 6 x 220g,3500856,,78.00,https://www.chedraui.com.mx/alimento-lacteo-fermentado-pina-coco-mas-fresa-6-x-220g-3500856/p
2026-07-07 22:00:31,Chedraui,lacteos-y-huevo,,Alimento Lácteo Bebible Activia Ciruela Pasa Sin Azúcar 225g,3460902,,20.00,https://www.chedraui.com.mx/alimento-lacteo-bebible-activia-ciruela-pasa-sin-azucar-225g-3460902/p
2026-07-07 22:00:47,Chedraui,lacteos-y-huevo,,Frutal Alpura Fresa y Zarzamora 900ml,3787603,,31.00,https://www.chedraui.com.mx/frutal-alpura-fresa-y-zarzamora-900ml-3787603/p
2026-07-07 22:00:47,Chedraui,lacteos-y-huevo,,Huevo Nutri Campo Rojo 12 Piezas,3784226,,84.00,https://www.chedraui.com.mx/huevo-nutri-campo-rojo-12-piezas-3784226/p
2026-07-07 22:00:47,Chedraui,lacteos-y-huevo,,Yoghurt Kéfir Lifeway Low Fat Bebida Sabor Frambuesa 236ml,3368957,,38.00,https://www.chedraui.com.mx/yoghurt-kefir-lifeway-low-fat-bebida-sabor-frambuesa-236ml-3368957/p
2026-07-07 22:00:47,Chedraui,lacteos-y-huevo,,Margarina Primavera sin Sal Light 400g,3110060,,91.00,https://www.chedraui.com.mx/margarina-primavera-sin-sal-light-400g-3110060/p
2026-07-07 22:00:47,Chedraui,lacteos-y-huevo,,Yoghurt Batido Lala Griego Natural 120g,3815111,,16.00,https://www.chedraui.com.mx/yoghurt-batido-lala-griego-natural-120g-3815111/p
2026-07-07 22:00:47,Chedraui,lacteos-y-huevo,,Yoghurt Nestlé gastro Protect Natural 110g 5 Piezas,3099338,,60.00,https://www.chedraui.com.mx/yoghurt-nestle-gastro-protect-natural-110g-5-piezas-3099338/p
2026-07-07 22:00:47,Chedraui,lacteos-y-huevo,,Yoghurt Chobani Batido Flip Coco Loco 128g,3729853,,34.00,https://www.chedraui.com.mx/yoghurt-chobani-batido-flip-coco-loco-128g-3729853/p
2026-07-07 22:00:47,Chedraui,lacteos-y-huevo,,Yoghurt Batido Lala Fresa Cereal 100g,3567271,,13.00,https://www.chedraui.com.mx/yoghurt-batido-lala-fresa-cereal-100g-3567271/p
2026-07-07 22:00:47,Chedraui,lacteos-y-huevo,,Yogurt Griego 4Pack Flip Peanut Butter Chobani 128g,3830117,,115.00,https://www.chedraui.com.mx/yogurt-griego-4pack-flip-peanut-butter-chobani-128g-3830117/p
2026-07-07 22:00:47,Chedraui,lacteos-y-huevo,,Yoghurt Lala 100 Batido Mango Durazno 700g,3800699,,60.00,https://www.chedraui.com.mx/yoghurt-lala-100-batido-mango-durazno-700g-3800699/p
2026-07-07 22:00:47,Chedraui,lacteos-y-huevo,,Media Crema Ganata 250ml,3616151,14.50,12.00,https://www.chedraui.com.mx/media-crema-ganata-250ml-3616151/p
2026-07-07 22:00:47,Chedraui,lacteos-y-huevo,,Danonino Queso Petit Suisse Con Fresa y Manzana 8 piezas de 42g,3771361,47.00,40.00,https://www.chedraui.com.mx/danonino-queso-petit-suisse-con-fresa-y-manzana-8-piezas-de-42g-3771361/p
2026-07-07 22:00:47,Chedraui,lacteos-y-huevo,,Crema Anchor Para Batir 1L,3759625,,169.00,https://www.chedraui.com.mx/crema-anchor-para-batir-1l-3759625/p
2026-07-07 22:00:47,Chedraui,lacteos-y-huevo,,Crema First Street Batida Original 368g,3842250,,90.50,https://www.chedraui.com.mx/crema-first-street-batida-original-368g-3842250/p
2026-07-07 22:00:47,Chedraui,lacteos-y-huevo,,Yoghurt Lala Griego Natural 900g,3815117,,102.00,https://www.chedraui.com.mx/yoghurt-lala-griego-natural-900g-3815117/p
2026-07-07 22:00:47,Chedraui,lacteos-y-huevo,,Yoghurt Alpura Griego Natural Endulzado 750g,3882464,,70.00,https://www.chedraui.com.mx/yoghurt-alpura-griego-natural-endulzado-750g-3882464/p
2026-07-07 22:01:02,Chedraui,lacteos-y-huevo,,Silk kids Bebida Vegetal Sabor Almendra con Chocolate 190 ml,3413225,,11.50,https://www.chedraui.com.mx/silk-kids-bebida-vegetal-sabor-almendra-con-chocolate-190-ml-3413225/p
2026-07-07 22:01:02,Chedraui,lacteos-y-huevo,,Yoghurt Yoplait Kids Bebible sabor Fresa 100g,3255489,,9.00,https://www.chedraui.com.mx/yoghurt-yoplait-kids-bebible-sabor-fresa-100g-3255489/p
2026-07-07 22:01:02,Chedraui,lacteos-y-huevo,,Huevo Fresco de Libre Pastoreo Nutri Campo 6 Piezas,3624565,,43.00,https://www.chedraui.com.mx/huevo-fresco-de-libre-pastoreo-nutri-campo-6-piezas-3624565/p
2026-07-07 22:01:02,Chedraui,lacteos-y-huevo,,Yoghurt Nutri Bebible Surtido 6 Piezas,3791115,,59.00,https://www.chedraui.com.mx/yoghurt-nutri-bebible-surtido-6-piezas-3791115/p
2026-07-07 22:01:02,Chedraui,lacteos-y-huevo,,Yoghurt Griego Yoplait Natural Miel 900g,3881261,,53.50,https://www.chedraui.com.mx/yoghurt-griego-yoplait-natural-miel-900g-3881261/p
2026-07-07 22:01:02,Chedraui,lacteos-y-huevo,,Yoghurt Yoplait Batido Fresa Plátano 900g,3710994,,47.50,https://www.chedraui.com.mx/yoghurt-yoplait-batido-fresa-platano-900g-3710994/p
2026-07-07 22:01:02,Chedraui,lacteos-y-huevo,,Yoghurt Lala 100 Batido Fresa 700g,3800698,,60.00,https://www.chedraui.com.mx/yoghurt-lala-100-batido-fresa-700g-3800698/p
2026-07-07 22:01:02,Chedraui,lacteos-y-huevo,,Frutal Alpura Mango 900ml,3787602,36.00,31.00,https://www.chedraui.com.mx/frutal-alpura-mango-900ml-3787602/p
2026-07-07 22:01:02,Chedraui,lacteos-y-huevo,,Bedida A Base De Plantas Not Milk Original 1L,3722098,,59.00,https://www.chedraui.com.mx/bedida-a-base-de-plantas-not-milk-original-1l-3722098/p
2026-07-07 22:01:02,Chedraui,lacteos-y-huevo,,Kefir Marusia Durazno Bebida 900ml,3850095,,123.00,https://www.chedraui.com.mx/kefir-marusia-durazno-bebida-900ml-3850095/p
2026-07-07 22:01:02,Chedraui,lacteos-y-huevo,,Mantequilla Gloria sin Sal Reducida en Grasa 90g,3363502,,30.00,https://www.chedraui.com.mx/mantequilla-gloria-sin-sal-reducida-en-grasa-90g-3363502/p
2026-07-07 22:01:02,Chedraui,lacteos-y-huevo,,Yoghurt Griego Chobani Zero Deslactosado Vainilla 907g,3892548,,168.00,https://www.chedraui.com.mx/yoghurt-griego-chobani-zero-deslactosado-vainilla-907g-3892548/p
2026-07-07 22:01:02,Chedraui,lacteos-y-huevo,,Yogurth Chobani Batido Zero Sugar Natural 4 piezas,3766426,,115.00,https://www.chedraui.com.mx/yogurth-chobani-batido-zero-sugar-natural-4-piezas-3766426/p
2026-07-07 22:01:02,Chedraui,lacteos-y-huevo,,Producto Lácteo en Polvo Svelty Bajo en Grasa Lata de 1.6kg,3843943,,229.00,https://www.chedraui.com.mx/producto-lacteo-en-polvo-svelty-bajo-en-grasa-lata-de-16kg-3843943/p
2026-07-07 22:01:02,Chedraui,lacteos-y-huevo,,Yoghurt Danone Licuado Bebible Con Fresa Plátano Y Cereal 435g,3759155,,26.00,https://www.chedraui.com.mx/yoghurt-danone-licuado-bebible-con-fresa-platano-y-cereal-435g-3759155/p
2026-07-07 22:01:02,Chedraui,lacteos-y-huevo,,Leche Vegetal NotMilk Zero 1L,3772877,,59.00,https://www.chedraui.com.mx/leche-vegetal-notmilk-zero-1l-3772877/p
2026-07-07 22:01:17,Chedraui,lacteos-y-huevo,,Kefir Lifeway Bebible Mango 946ml,3885561,,118.00,https://www.chedraui.com.mx/kefir-lifeway-bebible-mango-946ml-3885561/p
2026-07-07 22:01:17,Chedraui,lacteos-y-huevo,,Margarina Primavera con Sal 360g,3016234,,75.00,https://www.chedraui.com.mx/margarina-primavera-con-sal-360g-3016234/p
2026-07-07 22:01:17,Chedraui,lacteos-y-huevo,,Huevo Mi Tierra Libre de Jaula Rojo 12 Piezas,3432725,,70.00,https://www.chedraui.com.mx/huevo-mi-tierra-libre-de-jaula-rojo-12-piezas-3432725/p
2026-07-07 22:01:17,Chedraui,lacteos-y-huevo,,Mantequilla Gloria Le Cordón Bleu sin Sal 90g,3214125,,36.50,https://www.chedraui.com.mx/mantequilla-gloria-le-cordon-bleu-sin-sal-90g-3214125/p
2026-07-07 22:01:17,Chedraui,lacteos-y-huevo,,Yoghurt Nutri Yoghurt Batido Fresa 900g,3769720,,47.00,https://www.chedraui.com.mx/yoghurt-nutri-yoghurt-batido-fresa-900g-3769720/p
2026-07-07 22:01:17,Chedraui,lacteos-y-huevo,,Yoghurt Chobani Batido Fresa 150g,3403208,,34.00,https://www.chedraui.com.mx/yoghurt-chobani-batido-fresa-150g-3403208/p
2026-07-07 22:01:17,Chedraui,lacteos-y-huevo,,Leche UHT Santa Clara Triple Chocolate 250ml,3622382,,18.50,https://www.chedraui.com.mx/leche-uht-santa-clara-triple-chocolate-250ml-3622382/p
2026-07-07 22:01:17,Chedraui,lacteos-y-huevo,,Yoghurt Yoplait Griego Fresa 120g,3684290,,15.50,https://www.chedraui.com.mx/yoghurt-yoplait-griego-fresa-120g-3684290/p
2026-07-07 22:01:17,Chedraui,lacteos-y-huevo,,Danonino Queso Petit Suisse Con Fresa 4x42g,3428597,,22.00,https://www.chedraui.com.mx/danonino-queso-petit-suisse-con-fresa-4x42g-3428597/p
2026-07-07 22:01:17,Chedraui,lacteos-y-huevo,,Huevo Blanco Chedraui 30 Piezas,3734699,87.00,60.00,https://www.chedraui.com.mx/huevo-blanco-chedraui-30-piezas-3734699/p
2026-07-07 22:01:17,Chedraui,lacteos-y-huevo,,Producto Lácteo Combinado Deslactosado Ganata 1 L,3891182,19.00,16.50,https://www.chedraui.com.mx/producto-lacteo-combinado-deslactosado-ganata-1-l-3891182/p
2026-07-07 22:01:17,Chedraui,lacteos-y-huevo,,Producto Lácteo Chedraui Deslactosado 950ml,3521535,,22.00,https://www.chedraui.com.mx/producto-lacteo-chedraui-deslactosado-950ml-3521535/p
2026-07-07 22:01:17,Chedraui,lacteos-y-huevo,,Leche León Deslactosada 900ml,3596501,,20.00,https://www.chedraui.com.mx/leche-leon-deslactosada-900ml-3596501/p
2026-07-07 22:01:17,Chedraui,lacteos-y-huevo,,Dip Libanius Tzatziki 380g,3886401,,95.00,https://www.chedraui.com.mx/dip-libanius-tzatziki-380g-3886401/p
2026-07-07 22:01:17,Chedraui,lacteos-y-huevo,,Yoghurt Yoplait Kids Bebible sabor Uva 100g,3285653,,7.50,https://www.chedraui.com.mx/yoghurt-yoplait-kids-bebible-sabor-uva-100g-3285653/p
2026-07-07 22:01:17,Chedraui,lacteos-y-huevo,,Néctar con 25% de coco Original A de Coco 330ml,3645020,,20.00,https://www.chedraui.com.mx/nectar-con-25-de-coco-original-a-de-coco-330ml-3645020/p
2026-07-07 22:01:32,Chedraui,lacteos-y-huevo,,Yoghurt Chobani Batido Griego Vainilla 907g,3672410,,160.00,https://www.chedraui.com.mx/yoghurt-chobani-batido-griego-vainilla-907g-3672410/p
2026-07-07 22:01:32,Chedraui,lacteos-y-huevo,,Yoghurt Batido Griego sabor Coco Chobani Flip 4 Pack,3816041,,115.00,https://www.chedraui.com.mx/yoghurt-batido-griego-sabor-coco-chobani-flip-4-pack-3816041/p
2026-07-07 22:01:32,Chedraui,lacteos-y-huevo,,Yoghurt Griego Natural Extra Crem 650 g,3841943,,67.50,https://www.chedraui.com.mx/yoghurt-griego-natural-extra-crem-650-g-3841943/p
2026-07-07 22:01:32,Chedraui,lacteos-y-huevo,,Yoghurt Chobani Batido Coco 150g,3403226,,34.00,https://www.chedraui.com.mx/yoghurt-chobani-batido-coco-150g-3403226/p
2026-07-07 22:01:32,Chedraui,lacteos-y-huevo,,Yoghurt Yoplait Batido Fresa Durazno 900g,3710995,,47.50,https://www.chedraui.com.mx/yoghurt-yoplait-batido-fresa-durazno-900g-3710995/p
2026-07-07 22:01:32,Chedraui,lacteos-y-huevo,,Yoghurt Griego sabor Coco Yoplait 145g,3830832,,19.50,https://www.chedraui.com.mx/yoghurt-griego-sabor-coco-yoplait-145g-3830832/p
2026-07-07 22:01:32,Chedraui,lacteos-y-huevo,,Leche Tamariz Deslactosada 1L,3501326,33.00,26.00,https://www.chedraui.com.mx/leche-tamariz-deslactosada-1l-3501326/p
2026-07-07 22:01:32,Chedraui,lacteos-y-huevo,,Leche Vegetal NotMilk Ligera 1L,3722570,59.00,47.00,https://www.chedraui.com.mx/leche-vegetal-notmilk-ligera-1l-3722570/p
2026-07-07 22:01:32,Chedraui,lacteos-y-huevo,,Bebida Oatly Semi Avena 1L,3833458,,67.00,https://www.chedraui.com.mx/bebida-oatly-semi-avena-1l-3833458/p
2026-07-07 22:01:32,Chedraui,lacteos-y-huevo,,Producto Lácteo Carnation Clavel Bolsa 120g,3624415,,19.00,https://www.chedraui.com.mx/producto-lacteo-carnation-clavel-bolsa-120g-3624415/p
2026-07-07 22:01:32,Chedraui,lacteos-y-huevo,,Crema Santa Clara Ácida Regular 225ml,3790607,,23.00,https://www.chedraui.com.mx/crema-santa-clara-acida-regular-225ml-3790607/p
2026-07-07 22:01:32,Chedraui,lacteos-y-huevo,,Yogurth Chobani Batido Zero Sugar Galletas 150g,3762340,,35.00,https://www.chedraui.com.mx/yogurth-chobani-batido-zero-sugar-galletas-150g-3762340/p
2026-07-07 22:01:32,Chedraui,lacteos-y-huevo,,Mantequilla Chipilo sin Sal 225g,3096186,67.00,56.00,https://www.chedraui.com.mx/mantequilla-chipilo-sin-sal-225g-3096186/p
2026-07-07 22:01:32,Chedraui,lacteos-y-huevo,,Margarina La Villita Sin Sal 250g,3654831,40.00,36.00,https://www.chedraui.com.mx/margarina-la-villita-sin-sal-250g-3654831/p
2026-07-07 22:01:32,Chedraui,lacteos-y-huevo,,Producto Lácteo Natura Tamariz Ultapasteurizado de 1L,3019461,20.00,18.50,https://www.chedraui.com.mx/producto-lacteo-natura-tamariz-ultapasteurizado-de-1l-3019461/p
2026-07-07 22:01:32,Chedraui,lacteos-y-huevo,,Bebida Sabor a Café con Leche Nescafé Latte Listo Para Beber 930 ml,3880311,,42.00,https://www.chedraui.com.mx/bebida-sabor-a-cafe-con-leche-nescafe-latte-listo-para-beber-930-ml-3880311/p
2026-07-07 22:01:47,Chedraui,lacteos-y-huevo,,Yogurth Danone Batido Griego Natural 650g,3769909,,53.00,https://www.chedraui.com.mx/yogurth-danone-batido-griego-natural-650g-3769909/p
2026-07-07 22:01:47,Chedraui,lacteos-y-huevo,,Leche Barista Bové Entera 946ml,3804250,,41.00,https://www.chedraui.com.mx/leche-barista-bove-entera-946ml-3804250/p
2026-07-07 22:01:47,Chedraui,lacteos-y-huevo,,Danonino Queso Petit Suisse Con Fresa 6X84g,3774873,,66.00,https://www.chedraui.com.mx/danonino-queso-petit-suisse-con-fresa-6x84g-3774873/p
2026-07-07 22:01:47,Chedraui,lacteos-y-huevo,,Mantequilla Selecto sin Sal de 90g,3202244,,25.00,https://www.chedraui.com.mx/mantequilla-selecto-sin-sal-de-90g-3202244/p
2026-07-07 22:01:47,Chedraui,lacteos-y-huevo,,Yogurt Griego Oikos Selecto Mango Coco 10g de Proteína 150g,3759150,,30.00,https://www.chedraui.com.mx/yogurt-griego-oikos-selecto-mango-coco-10g-de-proteina-150g-3759150/p
2026-07-07 22:01:47,Chedraui,lacteos-y-huevo,,Yogurt Griego Oikos Selecto Frutos Rojos 10g de Proteina 150g,3759049,,29.00,https://www.chedraui.com.mx/yogurt-griego-oikos-selecto-frutos-rojos-10g-de-proteina-150g-3759049/p
2026-07-07 22:01:47,Chedraui,lacteos-y-huevo,,Yoghurt Chobani Batido Griego Fresa 907g,3672269,,160.00,https://www.chedraui.com.mx/yoghurt-chobani-batido-griego-fresa-907g-3672269/p
2026-07-07 22:01:47,Chedraui,lacteos-y-huevo,,Yoghurt Licuado Nestlé Fresa Plátano 4 Piezas 220g.,3686970,,60.00,https://www.chedraui.com.mx/yoghurt-licuado-nestle-fresa-platano-4-piezas-220g-3686970/p
2026-07-07 22:01:47,Chedraui,lacteos-y-huevo,,Producto Lácteo Combinado Boreal Plus Entera 1L,3628358,24.00,19.00,https://www.chedraui.com.mx/producto-lacteo-combinado-boreal-plus-entera-1l-3628358/p
2026-07-07 22:01:47,Chedraui,lacteos-y-huevo,,Yoghurt Oikos Griego Natural 700g,3879844,,79.00,https://www.chedraui.com.mx/yoghurt-oikos-griego-natural-700g-3879844/p
2026-07-07 22:01:47,Chedraui,lacteos-y-huevo,,Producto Lácteo Delité Ultra pasteurizado 1.5L,3847758,,24.00,https://www.chedraui.com.mx/producto-lacteo-delite-ultra-pasteurizado-15l-3847758/p
2026-07-07 22:01:47,Chedraui,lacteos-y-huevo,,Kefir Lifeway Bebible Guayaba 236ml,3793702,,38.00,https://www.chedraui.com.mx/kefir-lifeway-bebible-guayaba-236ml-3793702/p
2026-07-07 22:01:47,Chedraui,lacteos-y-huevo,,Bebida Vegetal Nature's Heart Sabor Coco Vainilla Sin Azúcar 946ml,3698403,,34.00,https://www.chedraui.com.mx/bebida-vegetal-natures-heart-sabor-coco-vainilla-sin-azucar-946ml-3698403/p
2026-07-07 22:01:47,Chedraui,lacteos-y-huevo,,Huevo Crio Libre de Jaula 12 Piezas,3641432,,41.00,https://www.chedraui.com.mx/huevo-crio-libre-de-jaula-12-piezas-3641432/p
2026-07-07 22:01:47,Chedraui,lacteos-y-huevo,,Yoghurt Chobani Batido Vainilla 150g,3536327,,34.00,https://www.chedraui.com.mx/yoghurt-chobani-batido-vainilla-150g-3536327/p
2026-07-07 22:01:47,Chedraui,lacteos-y-huevo,,Bebida Vegetal Sabor Almendra Silk con Vainilla 946ml,3209988,52.50,47.00,https://www.chedraui.com.mx/bebida-vegetal-sabor-almendra-silk-con-vainilla-946ml-3209988/p
2026-07-07 22:02:01,Chedraui,lacteos-y-huevo,,Producto Lácteo Nutri Fresco Entero 120 g,3284635,16.00,15.00,https://www.chedraui.com.mx/producto-lacteo-nutri-fresco-entero-120-g-3284635/p
2026-07-07 22:02:01,Chedraui,lacteos-y-huevo,,Crema Ácida Alpura Deslactosada Pasteurizada 190 ml,3907325,,26.00,https://www.chedraui.com.mx/crema-acida-alpura-deslactosada-pasteurizada-190-ml-3907325/p
2026-07-07 22:02:01,Chedraui,lacteos-y-huevo,,Alimento Líquido Real Natural Avena Almendra 1 L,3693453,,95.00,https://www.chedraui.com.mx/alimento-liquido-real-natural-avena-almendra-1-l-3693453/p
2026-07-07 22:02:01,Chedraui,lacteos-y-huevo,,Alimento Ferm Zahini Batido Natural 450g,3702306,,134.00,https://www.chedraui.com.mx/alimento-ferm-zahini-batido-natural-450g-3702306/p
2026-07-07 22:02:01,Chedraui,lacteos-y-huevo,,Margarina Primavera con Sal 90g,3016238,,22.00,https://www.chedraui.com.mx/margarina-primavera-con-sal-90g-3016238/p
2026-07-07 22:02:01,Chedraui,lacteos-y-huevo,,Néctar con 25% de coco Orgánico A de Coco 1L,3682985,,56.00,https://www.chedraui.com.mx/nectar-con-25-de-coco-organico-a-de-coco-1l-3682985/p
2026-07-07 22:02:01,Chedraui,lacteos-y-huevo,,Leche Silk Proteína Chocolate 300ml,3881185,,30.00,https://www.chedraui.com.mx/leche-silk-proteina-chocolate-300ml-3881185/p
2026-07-07 22:02:01,Chedraui,lacteos-y-huevo,,Huevo Blanco Webito Organico 12 Piezas,3850559,,80.90,https://www.chedraui.com.mx/huevo-blanco-webito-organico-12-piezas-3850559/p
2026-07-07 22:02:01,Chedraui,lacteos-y-huevo,,Alimento en Polvo a Base de Leche Nido FortiCrece Lata 1.08kg,3756523,,219.00,https://www.chedraui.com.mx/alimento-en-polvo-a-base-de-leche-nido-forticrece-lata-108kg-3756523/p
2026-07-07 22:02:01,Chedraui,lacteos-y-huevo,,Media Crema Nutri 250 ml,3671372,,17.00,https://www.chedraui.com.mx/media-crema-nutri-250-ml-3671372/p
2026-07-07 22:02:01,Chedraui,lacteos-y-huevo,,Leche Evaporada Para Café Clavel Original 496ml,3800002,,36.00,https://www.chedraui.com.mx/leche-evaporada-para-cafe-clavel-original-496ml-3800002/p
2026-07-07 22:02:01,Chedraui,lacteos-y-huevo,,Bebida Birdman Almendra 1L,3698665,,48.00,https://www.chedraui.com.mx/bebida-birdman-almendra-1l-3698665/p
2026-07-07 22:02:01,Chedraui,lacteos-y-huevo,,Leche Bové Chocolate Orgánica 330ml,3855682,,27.00,https://www.chedraui.com.mx/leche-bove-chocolate-organica-330ml-3855682/p
2026-07-07 22:02:01,Chedraui,lacteos-y-huevo,,Margarina Selecto con Sal de 90g,3090926,,9.00,https://www.chedraui.com.mx/margarina-selecto-con-sal-de-90g-3090926/p
2026-07-07 22:02:01,Chedraui,lacteos-y-huevo,,Yogurt Lala Bebible Griego Frutos Rojos 220g,3898604,,22.00,https://www.chedraui.com.mx/yogurt-lala-bebible-griego-frutos-rojos-220g-3898604/p
2026-07-07 22:02:01,Chedraui,lacteos-y-huevo,,Yoghurt Batido Lala con Cereales 900g,3658820,,40.00,https://www.chedraui.com.mx/yoghurt-batido-lala-con-cereales-900g-3658820/p
2026-07-07 22:02:19,Chedraui,lacteos-y-huevo,,Yoghurt Batido Lala con Cereales 900g,3658820,,40.00,https://www.chedraui.com.mx/yoghurt-batido-lala-con-cereales-900g-3658820/p
2026-07-07 22:02:19,Chedraui,lacteos-y-huevo,,Yoghurt Chobani Batido Mora Azul 150g,3403222,,34.00,https://www.chedraui.com.mx/yoghurt-chobani-batido-mora-azul-150g-3403222/p
2026-07-07 22:02:19,Chedraui,lacteos-y-huevo,,Yogurt Chobani Cero Azúcar Black Cherry 150g,3841589,,35.00,https://www.chedraui.com.mx/yogurt-chobani-cero-azucar-black-cherry-150g-3841589/p
2026-07-07 22:02:19,Chedraui,lacteos-y-huevo,,Yoghurt Griego Chobani Caramel Flip 150g,3846175,,35.00,https://www.chedraui.com.mx/yoghurt-griego-chobani-caramel-flip-150g-3846175/p
2026-07-07 22:02:19,Chedraui,lacteos-y-huevo,,Margarina Primavera con Sal 400g,3096994,85.00,75.00,https://www.chedraui.com.mx/margarina-primavera-con-sal-400g-3096994/p
2026-07-07 22:02:19,Chedraui,lacteos-y-huevo,,Leche en Polvo Nido FortiCrece Deslactosado Lata 1.6kg,3344465,,269.00,https://www.chedraui.com.mx/leche-en-polvo-nido-forticrece-deslactosado-lata-16kg-3344465/p
2026-07-07 22:02:19,Chedraui,lacteos-y-huevo,,Leche Vegetal Notmilk Barista 1L,3838151,,59.00,https://www.chedraui.com.mx/leche-vegetal-notmilk-barista-1l-3838151/p
2026-07-07 22:02:19,Chedraui,lacteos-y-huevo,,Nata Bionda 300g,3813102,,85.50,https://www.chedraui.com.mx/nata-bionda-300g-3813102/p
2026-07-07 22:02:19,Chedraui,lacteos-y-huevo,,Leche Santa Clara Café Moka UHT 250ml,3825370,,25.00,https://www.chedraui.com.mx/leche-santa-clara-cafe-moka-uht-250ml-3825370/p
2026-07-07 22:02:19,Chedraui,lacteos-y-huevo,,Media Crema Alpura 450g,3897106,36.00,33.00,https://www.chedraui.com.mx/media-crema-alpura-450g-3897106/p
2026-07-07 22:02:19,Chedraui,lacteos-y-huevo,,Prod Lácteo Ganata Ultrapasteurizado 1.5L,3502431,25.50,24.50,https://www.chedraui.com.mx/prod-lacteo-ganata-ultrapasteurizado-15l-3502431/p
2026-07-07 22:02:19,Chedraui,lacteos-y-huevo,,Leche Condensada La Lechera 2 Piezas 956 g,3894420,,70.00,https://www.chedraui.com.mx/leche-condensada-la-lechera-2-piezas-956-g-3894420/p
2026-07-07 22:02:19,Chedraui,lacteos-y-huevo,,Huevo Blanco Gallina Libre Bachoco 12 piezas,3258672,,39.50,https://www.chedraui.com.mx/huevo-blanco-gallina-libre-bachoco-12-piezas-3258672/p
2026-07-07 22:02:19,Chedraui,lacteos-y-huevo,,Alimento Liquido de Arroz Orgánico sin Azúcar 1L,3401757,,51.00,https://www.chedraui.com.mx/alimento-liquido-de-arroz-organico-sin-azucar-1l-3401757/p
2026-07-07 22:02:19,Chedraui,lacteos-y-huevo,,Kefir Marusia Vegano Coco Sin Azucar 350ml,3850096,,85.00,https://www.chedraui.com.mx/kefir-marusia-vegano-coco-sin-azucar-350ml-3850096/p
2026-07-07 22:02:19,Chedraui,lacteos-y-huevo,,Bebida Califia Farms Almendra 946ml,3849267,,78.50,https://www.chedraui.com.mx/bebida-califia-farms-almendra-946ml-3849267/p
2026-07-07 22:02:36,Chedraui,lacteos-y-huevo,,Leche San Marcos Saborizada Chocolate 180ml,3881361,,10.00,https://www.chedraui.com.mx/leche-san-marcos-saborizada-chocolate-180ml-3881361/p
2026-07-07 22:02:36,Chedraui,lacteos-y-huevo,,Leche San Marcos Saborizada Fresa 180ml,3881362,,10.00,https://www.chedraui.com.mx/leche-san-marcos-saborizada-fresa-180ml-3881362/p
2026-07-07 22:02:36,Chedraui,lacteos-y-huevo,,Margarina Primavera sin Sal 360g,3016269,,72.50,https://www.chedraui.com.mx/margarina-primavera-sin-sal-360g-3016269/p
2026-07-07 22:02:36,Chedraui,lacteos-y-huevo,,Alimento Lácteo Bebible Danonino Uva 90g,3834629,,8.00,https://www.chedraui.com.mx/alimento-lacteo-bebible-danonino-uva-90g-3834629/p
2026-07-07 22:02:36,Chedraui,lacteos-y-huevo,,Leche Entera Lala Fresca Plástico 1L,3012021,,33.00,https://www.chedraui.com.mx/leche-entera-lala-fresca-plastico-1l-3012021/p
2026-07-07 22:02:36,Chedraui,lacteos-y-huevo,,Yoghurt Yoplait Kids de Cereales 6 Piezas,3837964,,30.00,https://www.chedraui.com.mx/yoghurt-yoplait-kids-de-cereales-6-piezas-3837964/p
2026-07-07 22:02:36,Chedraui,lacteos-y-huevo,,Leche Caracol Low Fat 1.89L,3133492,,48.00,https://www.chedraui.com.mx/leche-caracol-low-fat-189l-3133492/p
2026-07-07 22:02:36,Chedraui,lacteos-y-huevo,,Yoghurt Chobani Complete Beb FrutRojo 296 ml,3696099,,45.00,https://www.chedraui.com.mx/yoghurt-chobani-complete-beb-frutrojo-296-ml-3696099/p
2026-07-07 22:02:36,Chedraui,lacteos-y-huevo,,Leche Sabor Vainilla Vaquitas Alpura 1L,3090923,35.00,34.00,https://www.chedraui.com.mx/leche-sabor-vainilla-vaquitas-alpura-1l-3090923/p
2026-07-07 22:02:36,Chedraui,lacteos-y-huevo,,Producto Lácteo Oikos Pro Vainilla sin Azúcar 18g de proteína 300ml,3889257,,30.00,https://www.chedraui.com.mx/producto-lacteo-oikos-pro-vainilla-sin-azucar-18g-de-proteina-300ml-3889257/p
2026-07-07 22:02:36,Chedraui,lacteos-y-huevo,,Yoghurt 19 Hermanos Nuez 1kg,3099080,,20.00,https://www.chedraui.com.mx/yoghurt-19-hermanos-nuez-1kg-3099080/p
2026-07-07 22:02:36,Chedraui,lacteos-y-huevo,,Yoghurt Yoplait Batido Mini sabor Fresa 270g,3231972,,29.00,https://www.chedraui.com.mx/yoghurt-yoplait-batido-mini-sabor-fresa-270g-3231972/p
2026-07-07 22:02:36,Chedraui,lacteos-y-huevo,,Mantequilla Selecto sin Sal de 1kg,3202246,,245.00,https://www.chedraui.com.mx/mantequilla-selecto-sin-sal-de-1kg-3202246/p
2026-07-07 22:02:36,Chedraui,lacteos-y-huevo,,Leche sabor Avena Plain Extra Creamy Chobani 1.53L,3802021,,159.00,https://www.chedraui.com.mx/leche-sabor-avena-plain-extra-creamy-chobani-153l-3802021/p
2026-07-07 22:02:36,Chedraui,lacteos-y-huevo,,Huevo de Codorniz Monter 24 Piezas,3871900,,65.00,https://www.chedraui.com.mx/huevo-de-codorniz-monter-24-piezas-3871900/p
2026-07-07 22:02:36,Chedraui,lacteos-y-huevo,,Leche Nestlé Abuelita sabor Chocolate 930ml,3713951,,40.00,https://www.chedraui.com.mx/leche-nestle-abuelita-sabor-chocolate-930ml-3713951/p
2026-07-07 22:02:52,Chedraui,lacteos-y-huevo,,Mantequilla KerryGold sin Sal 200g,3638708,,138.00,https://www.chedraui.com.mx/mantequilla-kerrygold-sin-sal-200g-3638708/p
2026-07-07 22:02:52,Chedraui,lacteos-y-huevo,,Mantequilla Selecto con Sal de 225g,3202241,,60.00,https://www.chedraui.com.mx/mantequilla-selecto-con-sal-de-225g-3202241/p
2026-07-07 22:02:52,Chedraui,lacteos-y-huevo,,Yoghurt Griego Sabor Natural Lala 700g,3800871,,77.00,https://www.chedraui.com.mx/yoghurt-griego-sabor-natural-lala-700g-3800871/p
2026-07-07 22:02:52,Chedraui,lacteos-y-huevo,,Yoghurt Batido Lala Sabor Fresa 100g + Topping de Galleta de Chocolate 10g,3800694,,15.50,https://www.chedraui.com.mx/yoghurt-batido-lala-sabor-fresa-100g--topping-de-galleta-de-chocolate-10g-3800694/p
2026-07-07 22:02:52,Chedraui,lacteos-y-huevo,,Yoghurt Lala 100 Batido Natural 700g,3800870,,60.00,https://www.chedraui.com.mx/yoghurt-lala-100-batido-natural-700g-3800870/p
2026-07-07 22:02:52,Chedraui,lacteos-y-huevo,,Yoghurt Yoplait Batido Disfruta Fresa 442g,3240777,,41.00,https://www.chedraui.com.mx/yoghurt-yoplait-batido-disfruta-fresa-442g-3240777/p
2026-07-07 22:02:52,Chedraui,lacteos-y-huevo,,Yoghurt Batido Natural con Cereales 900gr,3742570,54.00,51.50,https://www.chedraui.com.mx/yoghurt-batido-natural-con-cereales-900gr-3742570/p
2026-07-07 22:02:52,Chedraui,lacteos-y-huevo,,Producto Lácteo Nutri Sabor Chocolate 190ml,3691672,9.00,8.00,https://www.chedraui.com.mx/producto-lacteo-nutri-sabor-chocolate-190ml-3691672/p
2026-07-07 22:02:52,Chedraui,lacteos-y-huevo,,Leche en Polvo Nutri Rindes 720 g,3893452,,97.00,https://www.chedraui.com.mx/leche-en-polvo-nutri-rindes-720-g-3893452/p
2026-07-07 22:02:52,Chedraui,lacteos-y-huevo,,Margarina Primavera con Sal 775g,3096990,,154.50,https://www.chedraui.com.mx/margarina-primavera-con-sal-775g-3096990/p
2026-07-07 22:02:52,Chedraui,lacteos-y-huevo,,Bebida Vegetal Nature's Heart Sabor Arroz Sin Azúcar 946ml,3317096,,40.00,https://www.chedraui.com.mx/bebida-vegetal-natures-heart-sabor-arroz-sin-azucar-946ml-3317096/p
2026-07-07 22:02:52,Chedraui,lacteos-y-huevo,,Crema Chantilly TopCream Chocolate 460 g,3764009,,51.00,https://www.chedraui.com.mx/crema-chantilly-topcream-chocolate-460-g-3764009/p
2026-07-07 22:02:52,Chedraui,lacteos-y-huevo,,Leche Lala 100 Fresca sin Lactosa + Calcio 1L,3397316,,51.50,https://www.chedraui.com.mx/leche-lala-100-fresca-sin-lactosa--calcio-1l-3397316/p
2026-07-07 22:02:52,Chedraui,lacteos-y-huevo,,Media Crema Nestlé Reducida en Grasa Lata 225g,3534546,,23.00,https://www.chedraui.com.mx/media-crema-nestle-reducida-en-grasa-lata-225g-3534546/p
2026-07-07 22:02:52,Chedraui,lacteos-y-huevo,,Alimento Líquido Real Natural Avena 1 L,3693452,,79.00,https://www.chedraui.com.mx/alimento-liquido-real-natural-avena-1-l-3693452/p
2026-07-07 22:02:52,Chedraui,lacteos-y-huevo,,Leche Bové Orgánica Deslactosada Semidescremada 960ml,3453412,,49.00,https://www.chedraui.com.mx/leche-bove-organica-deslactosada-semidescremada-960ml-3453412/p
2026-07-07 22:03:10,Chedraui,lacteos-y-huevo,,Mantequilla Lyncott sin Sal 90g,3481607,,25.50,https://www.chedraui.com.mx/mantequilla-lyncott-sin-sal-90g-3481607/p
2026-07-07 22:03:10,Chedraui,lacteos-y-huevo,,Alimento Fermentado Sofúl LT sabor Manzana sin Azúcar 105g,3834597,,9.00,https://www.chedraui.com.mx/alimento-fermentado-soful-lt-sabor-manzana-sin-azucar-105g-3834597/p
2026-07-07 22:03:10,Chedraui,lacteos-y-huevo,,Yoghurt Licuado Bebible Lala con Nuez-Cereal 220g,3651998,,16.50,https://www.chedraui.com.mx/yoghurt-licuado-bebible-lala-con-nuez-cereal-220g-3651998/p
2026-07-07 22:03:10,Chedraui,lacteos-y-huevo,,Yoghurt Licuado Lala Fresa Plátano Cereal 440g,3190140,,31.00,https://www.chedraui.com.mx/yoghurt-licuado-lala-fresa-platano-cereal-440g-3190140/p
2026-07-07 22:03:10,Chedraui,lacteos-y-huevo,,Leche Sello Rojo Fresca Entera 1.8L,3014478,47.00,40.00,https://www.chedraui.com.mx/leche-sello-rojo-fresca-entera-18l-3014478/p
2026-07-07 22:03:10,Chedraui,lacteos-y-huevo,,Leche Condensada Nestlé La Lechera 3 Latas 375g c/u,3888361,,82.50,https://www.chedraui.com.mx/leche-condensada-nestle-la-lechera-3-latas-375g-cu-3888361/p
2026-07-07 22:03:10,Chedraui,lacteos-y-huevo,,Yogurth Free Danone Batido Fresa Sin Azucar 900g,3864265,,58.00,https://www.chedraui.com.mx/yogurth-free-danone-batido-fresa-sin-azucar-900g-3864265/p
2026-07-07 22:03:10,Chedraui,lacteos-y-huevo,,Yoghurt Alpura Griego Natural Endulzado 125g,3882463,,14.50,https://www.chedraui.com.mx/yoghurt-alpura-griego-natural-endulzado-125g-3882463/p
2026-07-07 22:03:10,Chedraui,lacteos-y-huevo,,Mantequilla Lyncott sin Sal 225g,3481608,70.00,62.00,https://www.chedraui.com.mx/mantequilla-lyncott-sin-sal-225g-3481608/p
2026-07-07 22:03:10,Chedraui,lacteos-y-huevo,,Mantequilla Sin Sal Noche Buena 220g,3830839,62.00,58.00,https://www.chedraui.com.mx/mantequilla-sin-sal-noche-buena-220g-3830839/p
2026-07-07 22:03:10,Chedraui,lacteos-y-huevo,,Yoghurt Danone Griego Platano Avena 650g,3879841,,67.00,https://www.chedraui.com.mx/yoghurt-danone-griego-platano-avena-650g-3879841/p
2026-07-07 22:03:10,Chedraui,lacteos-y-huevo,,Yoghurt Danone Licuado Bebible Con Nuez Y Cereales 435g,3759156,,27.00,https://www.chedraui.com.mx/yoghurt-danone-licuado-bebible-con-nuez-y-cereales-435g-3759156/p
2026-07-07 22:03:10,Chedraui,lacteos-y-huevo,,Producto Lácteo combinado ultra pasteurizado Forti Plus Regular 1L,3019449,,24.00,https://www.chedraui.com.mx/producto-lacteo-combinado-ultra-pasteurizado-forti-plus-regular-1l-3019449/p
2026-07-07 22:03:10,Chedraui,lacteos-y-huevo,,Crema Batida Deslactosada First Street 396g,3798709,,85.00,https://www.chedraui.com.mx/crema-batida-deslactosada-first-street-396g-3798709/p
2026-07-07 22:03:10,Chedraui,lacteos-y-huevo,,Leche Sabor Fresa Vaquitas Alpura 1L,3090922,,31.00,https://www.chedraui.com.mx/leche-sabor-fresa-vaquitas-alpura-1l-3090922/p
2026-07-07 22:03:10,Chedraui,lacteos-y-huevo,,Mantequilla Gloria Untable con Sal 250g,3347953,,118.00,https://www.chedraui.com.mx/mantequilla-gloria-untable-con-sal-250g-3347953/p
2026-07-07 22:03:25,Chedraui,lacteos-y-huevo,,Margarina Contry Crock Suave 425g,3129836,,102.00,https://www.chedraui.com.mx/margarina-contry-crock-suave-425g-3129836/p
2026-07-07 22:03:25,Chedraui,lacteos-y-huevo,,Leche Sello Rojo Entera 1L,3788493,,33.00,https://www.chedraui.com.mx/leche-sello-rojo-entera-1l-3788493/p
2026-07-07 22:03:25,Chedraui,lacteos-y-huevo,,Yoghurt Licuado Nestlé Nuez Cereal 220g,3686969,,18.00,https://www.chedraui.com.mx/yoghurt-licuado-nestle-nuez-cereal-220g-3686969/p
2026-07-07 22:03:25,Chedraui,lacteos-y-huevo,,Yoghurt Batido Lala Delicias Pay Cookies Cream 150g,3561527,,27.00,https://www.chedraui.com.mx/yoghurt-batido-lala-delicias-pay-cookies-cream-150g-3561527/p
2026-07-07 22:03:25,Chedraui,lacteos-y-huevo,,Producto Lácteo Nutri Sabor Fresa 190ml,3769345,9.00,8.00,https://www.chedraui.com.mx/producto-lacteo-nutri-sabor-fresa-190ml-3769345/p
2026-07-07 22:03:25,Chedraui,lacteos-y-huevo,,Yoghurt 19 Hermanos Fresa 1kg,3099079,,20.00,https://www.chedraui.com.mx/yoghurt-19-hermanos-fresa-1kg-3099079/p
2026-07-07 22:03:25,Chedraui,lacteos-y-huevo,,Yogurt Oikos Bebible Sin Azúcar Fresa Plátano 220g,3900582,,35.50,https://www.chedraui.com.mx/yogurt-oikos-bebible-sin-azucar-fresa-platano-220g-3900582/p
2026-07-07 22:03:25,Chedraui,lacteos-y-huevo,,Yoghurt Yoplait Bebible Mini sabor Cookie&Cream 100g,3386472,,8.00,https://www.chedraui.com.mx/yoghurt-yoplait-bebible-mini-sabor-cookiecream-100g-3386472/p
2026-07-07 22:03:25,Chedraui,lacteos-y-huevo,,Mantequilla Flor de Alfalfa 150g,3703569,,57.50,https://www.chedraui.com.mx/mantequilla-flor-de-alfalfa-150g-3703569/p
2026-07-07 22:03:25,Chedraui,lacteos-y-huevo,,Huevo Apa'pacho Libre Pastoreo Rojo 12 Piezas,3865012,,71.00,https://www.chedraui.com.mx/huevo-apapacho-libre-pastoreo-rojo-12-piezas-3865012/p
2026-07-07 22:03:25,Chedraui,lacteos-y-huevo,,Huevo Calvario Jumbo Blanco 20 pz,3770015,,61.50,https://www.chedraui.com.mx/huevo-calvario-jumbo-blanco-20-pz-3770015/p
2026-07-07 22:03:25,Chedraui,lacteos-y-huevo,,Mantequilla Selecto con Sal de 90g,3202243,,25.00,https://www.chedraui.com.mx/mantequilla-selecto-con-sal-de-90g-3202243/p
2026-07-07 22:03:25,Chedraui,lacteos-y-huevo,,Yoghurt Yoplait Disfruta Licuado Plátano Moras y Nuez 307g,3728444,,21.00,https://www.chedraui.com.mx/yoghurt-yoplait-disfruta-licuado-platano-moras-y-nuez-307g-3728444/p
2026-07-07 22:03:25,Chedraui,lacteos-y-huevo,,Yoghurt Chobani Batido Cereza 150g,3495258,,34.00,https://www.chedraui.com.mx/yoghurt-chobani-batido-cereza-150g-3495258/p
2026-07-07 22:03:25,Chedraui,lacteos-y-huevo,,Frutal Alpura Frutos del Bosque 250ml,3434824,,13.50,https://www.chedraui.com.mx/frutal-alpura-frutos-del-bosque-250ml-3434824/p
2026-07-07 22:03:25,Chedraui,lacteos-y-huevo,,Producto Lácteo Tamariz Natura 1.5L,3609554,30.00,27.50,https://www.chedraui.com.mx/producto-lacteo-tamariz-natura-15l-3609554/p
2026-07-07 22:03:40,Chedraui,lacteos-y-huevo,,Crema Reddi Wip Batida 184g,3862494,,97.00,https://www.chedraui.com.mx/crema-reddi-wip-batida-184g-3862494/p
2026-07-07 22:03:40,Chedraui,lacteos-y-huevo,,Producto Lácteo Combinado Nutri Entero 190ml,3691671,,8.00,https://www.chedraui.com.mx/producto-lacteo-combinado-nutri-entero-190ml-3691671/p
2026-07-07 22:03:40,Chedraui,lacteos-y-huevo,,Bebida Base Planta Califia Avena Original 1.4L,3703585,,153.00,https://www.chedraui.com.mx/bebida-base-planta-califia-avena-original-14l-3703585/p
2026-07-07 22:03:40,Chedraui,lacteos-y-huevo,,Coconut Milk Culinary Calahua 330ml,3331398,,22.00,https://www.chedraui.com.mx/coconut-milk-culinary-calahua-330ml-3331398/p
2026-07-07 22:03:40,Chedraui,lacteos-y-huevo,,Margarina Selecto con Sal de 225g,3090928,,22.00,https://www.chedraui.com.mx/margarina-selecto-con-sal-de-225g-3090928/p
2026-07-07 22:03:40,Chedraui,lacteos-y-huevo,,Mantequilla Gloria Le Cordón Bleu sin Sal 225g,3202725,,87.00,https://www.chedraui.com.mx/mantequilla-gloria-le-cordon-bleu-sin-sal-225g-3202725/p
2026-07-07 22:03:40,Chedraui,lacteos-y-huevo,,Licuado Danone Sabor a Frutos Rojos 435g,3821617,,26.50,https://www.chedraui.com.mx/licuado-danone-sabor-a-frutos-rojos-435g-3821617/p
2026-07-07 22:03:40,Chedraui,lacteos-y-huevo,,Crema Acida Entera León 450g,3014934,,33.00,https://www.chedraui.com.mx/crema-acida-entera-leon-450g-3014934/p
2026-07-07 22:03:40,Chedraui,lacteos-y-huevo,,Yoghurt Nutri Yoghurt Bebible Fresa 6 Pack,3768097,,59.00,https://www.chedraui.com.mx/yoghurt-nutri-yoghurt-bebible-fresa-6-pack-3768097/p
2026-07-07 22:03:40,Chedraui,lacteos-y-huevo,,Yoghurt Nutri Yoghurt Bebible Fresa 210g,3768093,,12.50,https://www.chedraui.com.mx/yoghurt-nutri-yoghurt-bebible-fresa-210g-3768093/p
2026-07-07 22:03:40,Chedraui,lacteos-y-huevo,,Yoghurt Bebible Nestlé Gastro Protect Natural 228g,3014585,,20.00,https://www.chedraui.com.mx/yoghurt-bebible-nestle-gastro-protect-natural-228g-3014585/p
2026-07-07 22:03:40,Chedraui,lacteos-y-huevo,,Yoghurt Bebible Yoplait con Fresas Naturales 950g,3703190,,46.50,https://www.chedraui.com.mx/yoghurt-bebible-yoplait-con-fresas-naturales-950g-3703190/p
2026-07-07 22:03:40,Chedraui,lacteos-y-huevo,,Yogurth Chobani Batido Zero Sugar Cheesecake 150g,3762341,,35.00,https://www.chedraui.com.mx/yogurth-chobani-batido-zero-sugar-cheesecake-150g-3762341/p
2026-07-07 22:03:40,Chedraui,lacteos-y-huevo,,Yoghurt Yoplait Vainilla Sin Azúcar 220g,3891840,,23.00,https://www.chedraui.com.mx/yoghurt-yoplait-vainilla-sin-azucar-220g-3891840/p
2026-07-07 22:03:40,Chedraui,lacteos-y-huevo,,Petit Suisse Lala Yomi Fresa 8x42g,3890988,,38.00,https://www.chedraui.com.mx/petit-suisse-lala-yomi-fresa-8x42g-3890988/p
2026-07-07 22:03:40,Chedraui,lacteos-y-huevo,,Producto Lácteo en Polvo Svelty Bajo en Grasa Lata de 360g,3843944,,76.00,https://www.chedraui.com.mx/producto-lacteo-en-polvo-svelty-bajo-en-grasa-lata-de-360g-3843944/p
2026-07-07 22:03:55,Chedraui,lacteos-y-huevo,,Yoghurt Danone Bebible Con Piña Coco 220g,3706253,,13.00,https://www.chedraui.com.mx/yoghurt-danone-bebible-con-pina-coco-220g-3706253/p
2026-07-07 22:03:55,Chedraui,lacteos-y-huevo,,Crema Chantilly sin Azúcar 200g,3570552,,78.00,https://www.chedraui.com.mx/crema-chantilly-sin-azucar-200g-3570552/p
2026-07-07 22:03:55,Chedraui,lacteos-y-huevo,,Coconut Milk Orgánica Calahua Bebida con Coco Sin Azúcar ni Lactosa 1000 ml,3392132,,53.00,https://www.chedraui.com.mx/coconut-milk-organica-calahua-bebida-con-coco-sin-azucar-ni-lactosa-1000-ml-3392132/p
2026-07-07 22:03:55,Chedraui,lacteos-y-huevo,,Leche Evaporada Delite 250ml,3694504,,12.50,https://www.chedraui.com.mx/leche-evaporada-delite-250ml-3694504/p
2026-07-07 22:03:55,Chedraui,lacteos-y-huevo,,Crema Café Chobani 0 Azucar Crema 710ml,3845711,,99.00,https://www.chedraui.com.mx/crema-cafe-chobani-0-azucar-crema-710ml-3845711/p
2026-07-07 22:03:55,Chedraui,lacteos-y-huevo,,Leche A De Coco Orgánico Vainilla 1L,3806722,,56.00,https://www.chedraui.com.mx/leche-a-de-coco-organico-vainilla-1l-3806722/p
2026-07-07 22:03:55,Chedraui,lacteos-y-huevo,,Huevo Apa'Pacho Libre Pastoreo Rojo 18 Piezas,3865014,,111.00,https://www.chedraui.com.mx/huevo-apapacho-libre-pastoreo-rojo-18-piezas-3865014/p
2026-07-07 22:03:55,Chedraui,lacteos-y-huevo,,Alimento Líquido Blue Diamond Almond Breeze Sin Azúcar 946ml,3591619,,56.50,https://www.chedraui.com.mx/alimento-liquido-blue-diamond-almond-breeze-sin-azucar-946ml-3591619/p
2026-07-07 22:03:55,Chedraui,lacteos-y-huevo,,Néctar con 25% de Coco con Matcha A de Coco 1L,3722091,,68.00,https://www.chedraui.com.mx/nectar-con-25-de-coco-con-matcha-a-de-coco-1l-3722091/p
2026-07-07 22:03:55,Chedraui,lacteos-y-huevo,,Margarina La Villita Untable Con Sal 190g,3193623,,36.50,https://www.chedraui.com.mx/margarina-la-villita-untable-con-sal-190g-3193623/p
2026-07-07 22:03:55,Chedraui,lacteos-y-huevo,,Crema Ácida San Marcos 400g,3014871,,35.00,https://www.chedraui.com.mx/crema-acida-san-marcos-400g-3014871/p
2026-07-07 22:03:55,Chedraui,lacteos-y-huevo,,Leche Kellogg's All Bran Vainilla Deslactosada 190ml,3868207,,14.00,https://www.chedraui.com.mx/leche-kelloggs-all-bran-vainilla-deslactosada-190ml-3868207/p
2026-07-07 22:03:55,Chedraui,lacteos-y-huevo,,Yoghurt Batido Lala Delicias Pay de Limón 150g,3450466,,27.00,https://www.chedraui.com.mx/yoghurt-batido-lala-delicias-pay-de-limon-150g-3450466/p
2026-07-07 22:03:55,Chedraui,lacteos-y-huevo,,"Yoghurt Yoplait Disfruta Licuado Manzana, Guayaba y Granola 307g",3728445,,22.00,https://www.chedraui.com.mx/yoghurt-yoplait-disfruta-licuado-manzana-guayaba-y-granola-307g-3728445/p
2026-07-07 22:03:55,Chedraui,lacteos-y-huevo,,Leche Santa Clara Café Crema Irlandesa 250ml,3825371,,25.00,https://www.chedraui.com.mx/leche-santa-clara-cafe-crema-irlandesa-250ml-3825371/p
2026-07-07 22:03:55,Chedraui,lacteos-y-huevo,,Yoghurt Yoplait Bebible Cereal 100ml,3881264,,7.50,https://www.chedraui.com.mx/yoghurt-yoplait-bebible-cereal-100ml-3881264/p
2026-07-07 22:04:09,Chedraui,lacteos-y-huevo,,Yoghurt Danone Bebible Con Manzana 220g,3501144,14.00,13.00,https://www.chedraui.com.mx/yoghurt-danone-bebible-con-manzana-220g-3501144/p
2026-07-07 22:04:09,Chedraui,lacteos-y-huevo,,Crema Rich's Baileys Manga 400g,3899405,,102.06,https://www.chedraui.com.mx/crema-richs-baileys-manga-400g-3899405/p
2026-07-07 22:04:09,Chedraui,lacteos-y-huevo,,Bebida Chobani Avena Natural 1.53L,3698192,,159.00,https://www.chedraui.com.mx/bebida-chobani-avena-natural-153l-3698192/p
2026-07-07 22:04:09,Chedraui,lacteos-y-huevo,,Bebida Chobani Avena Vainilla 1.53L,3698193,,159.00,https://www.chedraui.com.mx/bebida-chobani-avena-vainilla-153l-3698193/p
2026-07-07 22:04:09,Chedraui,lacteos-y-huevo,,Bebida Vegetal Sabor Avena Silk sin Azúcar Endulzado Monkfruit 946ml,3680857,,46.00,https://www.chedraui.com.mx/bebida-vegetal-sabor-avena-silk-sin-azucar-endulzado-monkfruit-946ml-3680857/p
2026-07-07 22:04:09,Chedraui,lacteos-y-huevo,,Leche UHT Borden Deslactosada Slim 1L,3582125,,33.00,https://www.chedraui.com.mx/leche-uht-borden-deslactosada-slim-1l-3582125/p
2026-07-07 22:04:09,Chedraui,lacteos-y-huevo,,Alimento en Polvo a Base de Leche Nido FortiCrece Bolsa 120g,3756520,,25.00,https://www.chedraui.com.mx/alimento-en-polvo-a-base-de-leche-nido-forticrece-bolsa-120g-3756520/p
2026-07-07 22:04:09,Chedraui,lacteos-y-huevo,,Leche de Almendra Califia Farms Coco tostado 1.4L,3323269,,155.00,https://www.chedraui.com.mx/leche-de-almendra-califia-farms-coco-tostado-14l-3323269/p
2026-07-07 22:04:09,Chedraui,lacteos-y-huevo,,Queso Petit Suisse Danonino Uva 4x84g,3383652,,51.00,https://www.chedraui.com.mx/queso-petit-suisse-danonino-uva-4x84g-3383652/p
2026-07-07 22:04:09,Chedraui,lacteos-y-huevo,,Margarina Primavera Chantilly sin Sal 110g,3755977,,31.00,https://www.chedraui.com.mx/margarina-primavera-chantilly-sin-sal-110g-3755977/p
2026-07-07 22:04:09,Chedraui,lacteos-y-huevo,,Yoghurt Yoplait Batido Cereal 270g,3881265,,29.50,https://www.chedraui.com.mx/yoghurt-yoplait-batido-cereal-270g-3881265/p
2026-07-07 22:04:09,Chedraui,lacteos-y-huevo,,Alimento Líquido Blue Diamond Almond Breeze Chocolate 946ml,3591648,,56.50,https://www.chedraui.com.mx/alimento-liquido-blue-diamond-almond-breeze-chocolate-946ml-3591648/p
2026-07-07 22:04:09,Chedraui,lacteos-y-huevo,,Yogurt Lala Bebible Griego Mango 221g,3898603,,22.00,https://www.chedraui.com.mx/yogurt-lala-bebible-griego-mango-221g-3898603/p
2026-07-07 22:04:09,Chedraui,lacteos-y-huevo,,Yoghurt Chobani Batido Mango 150g,3774743,,34.00,https://www.chedraui.com.mx/yoghurt-chobani-batido-mango-150g-3774743/p
2026-07-07 22:04:09,Chedraui,lacteos-y-huevo,,Producto Lácteo Frutal Piña-Coco Alpura 250ml,3231994,,11.00,https://www.chedraui.com.mx/producto-lacteo-frutal-pina-coco-alpura-250ml-3231994/p
2026-07-07 22:04:09,Chedraui,lacteos-y-huevo,,Mantequilla Nochebuena sin Sal 360g,3710993,94.00,93.00,https://www.chedraui.com.mx/mantequilla-nochebuena-sin-sal-360g-3710993/p
2026-07-07 22:04:26,Chedraui,lacteos-y-huevo,,Crema Ácida Alpura Pasteurizada 190 ml,3907324,,24.00,https://www.chedraui.com.mx/crema-acida-alpura-pasteurizada-190-ml-3907324/p
2026-07-07 22:04:26,Chedraui,lacteos-y-huevo,,Yogurt Danonino Batido Fresa con Juguete 110g,3900585,,27.50,https://www.chedraui.com.mx/yogurt-danonino-batido-fresa-con-juguete-110g-3900585/p
2026-07-07 22:04:26,Chedraui,lacteos-y-huevo,,Yoghurt Danone Fresa 650g,3879746,,60.00,https://www.chedraui.com.mx/yoghurt-danone-fresa-650g-3879746/p
2026-07-07 22:04:26,Chedraui,lacteos-y-huevo,,Yoghurt Flor De Alfalfa con Cereal y Nuez 1Kg,3799016,,57.00,https://www.chedraui.com.mx/yoghurt-flor-de-alfalfa-con-cereal-y-nuez-1kg-3799016/p
2026-07-07 22:04:26,Chedraui,lacteos-y-huevo,,Yoghurt Danone Frutas Selectas Con Fresa 900g,3677578,,56.00,https://www.chedraui.com.mx/yoghurt-danone-frutas-selectas-con-fresa-900g-3677578/p
2026-07-07 22:04:26,Chedraui,lacteos-y-huevo,,Bebida Thai Heritage de Coco Light 400ml,3008071,,75.00,https://www.chedraui.com.mx/bebida-thai-heritage-de-coco-light-400ml-3008071/p
2026-07-07 22:04:26,Chedraui,lacteos-y-huevo,,Alimento para Niños de Corta Edad Nido Kinder 1+ Deslactosado 1.5kg,3466492,,355.00,https://www.chedraui.com.mx/alimento-para-ninos-de-corta-edad-nido-kinder-1-deslactosado-15kg-3466492/p
2026-07-07 22:04:26,Chedraui,lacteos-y-huevo,,Leche en Bolsa Chedraui 900ml,3817294,,14.50,https://www.chedraui.com.mx/leche-en-bolsa-chedraui-900ml-3817294/p
2026-07-07 22:04:26,Chedraui,lacteos-y-huevo,,Leche Querétaro Parcialmente Descremada 900g,3710977,,20.00,https://www.chedraui.com.mx/leche-queretaro-parcialmente-descremada-900g-3710977/p
2026-07-07 22:04:26,Chedraui,lacteos-y-huevo,,Mantequilla Kerrygold con Sal 200g,3638709,,140.00,https://www.chedraui.com.mx/mantequilla-kerrygold-con-sal-200g-3638709/p
2026-07-07 22:04:26,Chedraui,lacteos-y-huevo,,Producto Lácteo Bolsa La Luz 3L,3332390,,40.00,https://www.chedraui.com.mx/producto-lacteo-bolsa-la-luz-3l-3332390/p
2026-07-07 22:04:26,Chedraui,lacteos-y-huevo,,Margarina Primavera sin Sal 90g,3114992,,22.00,https://www.chedraui.com.mx/margarina-primavera-sin-sal-90g-3114992/p
2026-07-07 22:04:26,Chedraui,lacteos-y-huevo,,Alimento Lácteo Activia Zero Con Frutos Rojos Deslactosado Sin Azúcar 650g,3808247,,46.00,https://www.chedraui.com.mx/alimento-lacteo-activia-zero-con-frutos-rojos-deslactosado-sin-azucar-650g-3808247/p
2026-07-07 22:04:26,Chedraui,lacteos-y-huevo,,Leche Monarca Entera Pasteurizada 1.8L,3755980,,49.00,https://www.chedraui.com.mx/leche-monarca-entera-pasteurizada-18l-3755980/p
2026-07-07 22:04:26,Chedraui,lacteos-y-huevo,,Yoghurt Griego Chobani Fresa 454ml,3888405,,69.00,https://www.chedraui.com.mx/yoghurt-griego-chobani-fresa-454ml-3888405/p
2026-07-07 22:04:26,Chedraui,lacteos-y-huevo,,Yoghurt Yoplait Arándano Sin Azúcar 220g,3891841,,23.00,https://www.chedraui.com.mx/yoghurt-yoplait-arandano-sin-azucar-220g-3891841/p
2026-07-07 22:04:40,Chedraui,lacteos-y-huevo,,Leche Caracol Entera 1 Galón,3133489,88.00,87.00,https://www.chedraui.com.mx/leche-caracol-entera-1-galon-3133489/p
2026-07-07 22:04:40,Chedraui,lacteos-y-huevo,,Bebida Nature´S Heart Avena Extra Cremosa 946ml,3876825,,45.00,https://www.chedraui.com.mx/bebida-natures-heart-avena-extra-cremosa-946ml-3876825/p
2026-07-07 22:04:40,Chedraui,lacteos-y-huevo,,Bebida Birdman Chícharo 1L,3698664,,48.00,https://www.chedraui.com.mx/bebida-birdman-chicharo-1l-3698664/p
2026-07-07 22:04:40,Chedraui,lacteos-y-huevo,,Café con Leche Semidescremada Starbucks Frappuccino Sabor a Café Botella 280 ml,3886042,,38.00,https://www.chedraui.com.mx/cafe-con-leche-semidescremada-starbucks-frappuccino-sabor-a-cafe-botella-280-ml-3886042/p
2026-07-07 22:04:40,Chedraui,lacteos-y-huevo,,Huevo Rojo Del Rancho 30 Piezas,3793290,,190.00,https://www.chedraui.com.mx/huevo-rojo-del-rancho-30-piezas-3793290/p
2026-07-07 22:04:40,Chedraui,lacteos-y-huevo,,Crema Café Chobani Hazelnut 710ml,3846174,,120.00,https://www.chedraui.com.mx/crema-cafe-chobani-hazelnut-710ml-3846174/p
2026-07-07 22:04:40,Chedraui,lacteos-y-huevo,,Leche Sun Harvest Coco Light 400ml,3723140,,82.00,https://www.chedraui.com.mx/leche-sun-harvest-coco-light-400ml-3723140/p
2026-07-07 22:04:40,Chedraui,lacteos-y-huevo,,Alimento Lácteo Fermentado Activia Piña Apio Y Nopal 225g,3461528,,21.00,https://www.chedraui.com.mx/alimento-lacteo-fermentado-activia-pina-apio-y-nopal-225g-3461528/p
2026-07-07 22:04:40,Chedraui,lacteos-y-huevo,,Margarina Imperial Sin Sal 90 gr,3743445,,14.00,https://www.chedraui.com.mx/margarina-imperial-sin-sal-90-gr-3743445/p
2026-07-07 22:04:40,Chedraui,lacteos-y-huevo,,Yoghurt Chobani Bebible Fresa Plátano 207ml,3628810,,35.00,https://www.chedraui.com.mx/yoghurt-chobani-bebible-fresa-platano-207ml-3628810/p
2026-07-07 22:04:40,Chedraui,lacteos-y-huevo,,Yoghurt Disfruta sabor Chocogalleta Fresa Avena Yoplait 307g,3837965,,27.50,https://www.chedraui.com.mx/yoghurt-disfruta-sabor-chocogalleta-fresa-avena-yoplait-307g-3837965/p
2026-07-07 22:04:40,Chedraui,lacteos-y-huevo,,Yogurth Yoplait Disfruta Platano Avena Chocogalleta 307g,3837966,,27.50,https://www.chedraui.com.mx/yogurth-yoplait-disfruta-platano-avena-chocogalleta-307g-3837966/p
2026-07-07 22:04:40,Chedraui,lacteos-y-huevo,,Yoghurt Chobani Batido Zero Sugar Coco Vainilla 150g,3766423,,35.00,https://www.chedraui.com.mx/yoghurt-chobani-batido-zero-sugar-coco-vainilla-150g-3766423/p
2026-07-07 22:04:40,Chedraui,lacteos-y-huevo,,Yoghurt Fage con Fresa 2% de Grasa 150g,3837805,56.00,45.00,https://www.chedraui.com.mx/yoghurt-fage-con-fresa-2-de-grasa-150g-3837805/p
2026-07-07 22:04:40,Chedraui,lacteos-y-huevo,,Formula Láctea Amanecer Pasteurizada 3 Piezas,3264332,42.00,40.00,https://www.chedraui.com.mx/formula-lactea-amanecer-pasteurizada-3-piezas-3264332/p
2026-07-07 22:04:40,Chedraui,lacteos-y-huevo,,Mantequilla Lurpak Untable Lighter con Sal 250g,3013897,,110.00,https://www.chedraui.com.mx/mantequilla-lurpak-untable-lighter-con-sal-250g-3013897/p
2026-07-07 22:04:54,Chedraui,lacteos-y-huevo,,Yogurt Oikos Bebible Cookies And Cream 220g,3900581,,36.00,https://www.chedraui.com.mx/yogurt-oikos-bebible-cookies-and-cream-220g-3900581/p
2026-07-07 22:04:54,Chedraui,lacteos-y-huevo,,Yoghurt Danone Bebible Con Fresa y Moras 220g,3501173,,13.00,https://www.chedraui.com.mx/yoghurt-danone-bebible-con-fresa-y-moras-220g-3501173/p
2026-07-07 22:04:54,Chedraui,lacteos-y-huevo,,Producto Lacteo Más Amor Que Nutre Ultra 1L,3698728,,18.50,https://www.chedraui.com.mx/producto-lacteo-mas-amor-que-nutre-ultra-1l-3698728/p
2026-07-07 22:04:54,Chedraui,lacteos-y-huevo,,Margarina Sin Sal Del Rancho 90g,3833999,,12.00,https://www.chedraui.com.mx/margarina-sin-sal-del-rancho-90g-3833999/p
2026-07-07 22:04:54,Chedraui,lacteos-y-huevo,,Crema Rich's Original Manga 453g,3899404,,84.57,https://www.chedraui.com.mx/crema-richs-original-manga-453g-3899404/p
2026-07-07 22:04:54,Chedraui,lacteos-y-huevo,,Alimento Lácteo Fermentado Activia Fresa 225g,3461599,,20.00,https://www.chedraui.com.mx/alimento-lacteo-fermentado-activia-fresa-225g-3461599/p
2026-07-07 22:04:54,Chedraui,lacteos-y-huevo,,Kefir Marusia Vainilla Individual 210ml,3850092,,35.00,https://www.chedraui.com.mx/kefir-marusia-vainilla-individual-210ml-3850092/p
2026-07-07 22:04:54,Chedraui,lacteos-y-huevo,,Crema Lala Entera Natural 233ml,3647332,,28.00,https://www.chedraui.com.mx/crema-lala-entera-natural-233ml-3647332/p
2026-07-07 22:04:54,Chedraui,lacteos-y-huevo,,Yoghurt Batido Lala Fresa granola 190g,3361418,,21.00,https://www.chedraui.com.mx/yoghurt-batido-lala-fresa-granola-190g-3361418/p
2026-07-07 22:04:54,Chedraui,lacteos-y-huevo,,Yoghurt Yoplait Doble Cero + Fibra Batido Ciruela Pasa 750g,3728449,,47.50,https://www.chedraui.com.mx/yoghurt-yoplait-doble-cero--fibra-batido-ciruela-pasa-750g-3728449/p
2026-07-07 22:04:54,Chedraui,lacteos-y-huevo,,Yoghurt Batido con Fresa y Cereales 900gr,3742571,54.00,51.50,https://www.chedraui.com.mx/yoghurt-batido-con-fresa-y-cereales-900gr-3742571/p
2026-07-07 22:04:54,Chedraui,lacteos-y-huevo,,Huevo Blanco Kaki 18 Piezas,3814121,60.00,55.00,https://www.chedraui.com.mx/huevo-blanco-kaki-18-piezas-3814121/p
2026-07-07 22:04:54,Chedraui,lacteos-y-huevo,,Mantequilla Alpura Sin Sal 4 pack 360g,3814157,97.00,90.00,https://www.chedraui.com.mx/mantequilla-alpura-sin-sal-4-pack-360g-3814157/p
2026-07-07 22:04:54,Chedraui,lacteos-y-huevo,,Crema Ácida Alpura Reducida en Grasa 190 ml,3907326,,26.00,https://www.chedraui.com.mx/crema-acida-alpura-reducida-en-grasa-190-ml-3907326/p
2026-07-07 22:04:54,Chedraui,lacteos-y-huevo,,Producto a Base de Leche Yakult 10 Pack de 80g c/u,3905532,,78.00,https://www.chedraui.com.mx/producto-a-base-de-leche-yakult-10-pack-de-80g-cu-3905532/p
2026-07-07 22:04:54,Chedraui,lacteos-y-huevo,,Yoghurt Oikos Griego Coco 700g,3879843,,79.00,https://www.chedraui.com.mx/yoghurt-oikos-griego-coco-700g-3879843/p
2026-07-07 22:05:09,Chedraui,lacteos-y-huevo,,Yoghurt Danone Sabor Durazno 900g,3487246,,42.00,https://www.chedraui.com.mx/yoghurt-danone-sabor-durazno-900g-3487246/p
2026-07-07 22:05:09,Chedraui,lacteos-y-huevo,,Alimento para Niños de Corta Edad Nido Kinder 1+ Lata 360g,3019704,,80.00,https://www.chedraui.com.mx/alimento-para-ninos-de-corta-edad-nido-kinder-1-lata-360g-3019704/p
2026-07-07 22:05:09,Chedraui,lacteos-y-huevo,,Alimento Líquido Blue Diamond Almond Breeze sabor Almendra Original 946ml,3591580,,56.50,https://www.chedraui.com.mx/alimento-liquido-blue-diamond-almond-breeze-sabor-almendra-original-946ml-3591580/p
2026-07-07 22:05:09,Chedraui,lacteos-y-huevo,,Mantequilla Gloria Ghee 250g,3888406,,116.00,https://www.chedraui.com.mx/mantequilla-gloria-ghee-250g-3888406/p
2026-07-07 22:05:09,Chedraui,lacteos-y-huevo,,Alimento Ferm Zahini Bat Zarzamora 450 g,3718125,,133.00,https://www.chedraui.com.mx/alimento-ferm-zahini-bat-zarzamora-450-g-3718125/p
2026-07-07 22:05:09,Chedraui,lacteos-y-huevo,,Crema Chobani Para Café Caramelo 473ml,3896882,,75.00,https://www.chedraui.com.mx/crema-chobani-para-cafe-caramelo-473ml-3896882/p
2026-07-07 22:05:09,Chedraui,lacteos-y-huevo,,Huevo Chicueta Orgánico Rojo 12 Piezas,3871901,,88.00,https://www.chedraui.com.mx/huevo-chicueta-organico-rojo-12-piezas-3871901/p
2026-07-07 22:05:09,Chedraui,lacteos-y-huevo,,Alimento Ferm Zahini Bat Mango 450 g,3718126,,134.00,https://www.chedraui.com.mx/alimento-ferm-zahini-bat-mango-450-g-3718126/p
2026-07-07 22:05:09,Chedraui,lacteos-y-huevo,,Huevo de Gallina Rojo Monter 12 Piezas Libre Pastoreo,3871758,,83.00,https://www.chedraui.com.mx/huevo-de-gallina-rojo-monter-12-piezas-libre-pastoreo-3871758/p
2026-07-07 22:05:09,Chedraui,lacteos-y-huevo,,Huevo Mi Tierra Libre de Jaula Rojo 6 Piezas,3525428,,37.50,https://www.chedraui.com.mx/huevo-mi-tierra-libre-de-jaula-rojo-6-piezas-3525428/p
2026-07-07 22:05:09,Chedraui,lacteos-y-huevo,,Yoghurt Licuado Nestlé Nuez Cereal 4 Piezas 220g,3686971,,60.00,https://www.chedraui.com.mx/yoghurt-licuado-nestle-nuez-cereal-4-piezas-220g-3686971/p
2026-07-07 22:05:09,Chedraui,lacteos-y-huevo,,Yoghurt Licuado Lala Fresa Plátano Cereal 220g,3651997,,16.50,https://www.chedraui.com.mx/yoghurt-licuado-lala-fresa-platano-cereal-220g-3651997/p
2026-07-07 22:05:09,Chedraui,lacteos-y-huevo,,Yoghurt Bebible Lala con Fresa 900g,3686966,,52.00,https://www.chedraui.com.mx/yoghurt-bebible-lala-con-fresa-900g-3686966/p
2026-07-07 22:05:09,Chedraui,lacteos-y-huevo,,Leche Kellogg's Zucaritas Vainilla Deslactosada 190ml,3865003,,14.00,https://www.chedraui.com.mx/leche-kelloggs-zucaritas-vainilla-deslactosada-190ml-3865003/p
2026-07-07 22:05:09,Chedraui,lacteos-y-huevo,,Leche Deslactosada Kelloggs Choco Krispis 190ml,3865002,,14.00,https://www.chedraui.com.mx/leche-deslactosada-kelloggs-choco-krispis-190ml-3865002/p
2026-07-07 22:05:09,Chedraui,lacteos-y-huevo,,Leche Alpura Lechero Deslactosada 315ml,3747533,,22.00,https://www.chedraui.com.mx/leche-alpura-lechero-deslactosada-315ml-3747533/p
2026-07-07 22:05:24,Chedraui,lacteos-y-huevo,,Yoghurt Yoplait Bebible Disfruta Burberry 307g,3424077,,25.50,https://www.chedraui.com.mx/yoghurt-yoplait-bebible-disfruta-burberry-307g-3424077/p
2026-07-07 22:05:24,Chedraui,lacteos-y-huevo,,Yoghurt Bové Bebible Natural Gourmet 250ml,3818537,25.50,21.00,https://www.chedraui.com.mx/yoghurt-bove-bebible-natural-gourmet-250ml-3818537/p
2026-07-07 22:05:24,Chedraui,lacteos-y-huevo,,Producto Lácteo Marsella Deslactosada 1L,3671642,25.00,23.50,https://www.chedraui.com.mx/producto-lacteo-marsella-deslactosada-1l-3671642/p
2026-07-07 22:05:24,Chedraui,lacteos-y-huevo,,Yoghurt Oikos Fresa 700g,3879842,,79.00,https://www.chedraui.com.mx/yoghurt-oikos-fresa-700g-3879842/p
2026-07-07 22:05:24,Chedraui,lacteos-y-huevo,,Petit Suisse Lala Yomi Fresa 4x42g,3890989,,22.00,https://www.chedraui.com.mx/petit-suisse-lala-yomi-fresa-4x42g-3890989/p
2026-07-07 22:05:24,Chedraui,lacteos-y-huevo,,Yoghurt Bové Orgánico Deslactosado Natural 180g,3750611,,37.00,https://www.chedraui.com.mx/yoghurt-bove-organico-deslactosado-natural-180g-3750611/p
2026-07-07 22:05:24,Chedraui,lacteos-y-huevo,,Yoghurt Danone Sabor Natural Con Miel De Abeja 900g,3630700,,50.00,https://www.chedraui.com.mx/yoghurt-danone-sabor-natural-con-miel-de-abeja-900g-3630700/p
2026-07-07 22:05:24,Chedraui,lacteos-y-huevo,,Yoghurt Alpura Toys Bat Piña Ind 125g,3839736,,26.00,https://www.chedraui.com.mx/yoghurt-alpura-toys-bat-pina-ind-125g-3839736/p
2026-07-07 22:05:24,Chedraui,lacteos-y-huevo,,Crema del Rancho 450g,3329813,,30.00,https://www.chedraui.com.mx/crema-del-rancho-450g-3329813/p
2026-07-07 22:05:24,Chedraui,lacteos-y-huevo,,Producto Lácteo Combinado con Grasa Vegetal Nutri Rindes 120g,3298025,,20.00,https://www.chedraui.com.mx/producto-lacteo-combinado-con-grasa-vegetal-nutri-rindes-120g-3298025/p
2026-07-07 22:05:24,Chedraui,lacteos-y-huevo,,Crema Acida Yoplait 400g,3837967,,52.00,https://www.chedraui.com.mx/crema-acida-yoplait-400g-3837967/p
2026-07-07 22:05:24,Chedraui,lacteos-y-huevo,,Leche Deslactosada Lala Fresca Cartón 1Lt,3012074,,33.00,https://www.chedraui.com.mx/leche-deslactosada-lala-fresca-carton-1lt-3012074/p
2026-07-07 22:05:24,Chedraui,lacteos-y-huevo,,Yoghurt Bové Bebible Ciruela Gourmet 250ml,3818538,,25.50,https://www.chedraui.com.mx/yoghurt-bove-bebible-ciruela-gourmet-250ml-3818538/p
2026-07-07 22:05:24,Chedraui,lacteos-y-huevo,,Huevos Blancos Tehuacán 18 Piezas,3101221,,42.00,https://www.chedraui.com.mx/huevos-blancos-tehuacan-18-piezas-3101221/p
2026-07-07 22:05:24,Chedraui,lacteos-y-huevo,,Yoghurt Flor De Alfalfa Sabor Fresa 1Kg,3799015,,58.00,https://www.chedraui.com.mx/yoghurt-flor-de-alfalfa-sabor-fresa-1kg-3799015/p
2026-07-07 22:05:24,Chedraui,lacteos-y-huevo,,Yoghurt Yoplait Kids Pastel Chocolate 90g,3881089,,13.00,https://www.chedraui.com.mx/yoghurt-yoplait-kids-pastel-chocolate-90g-3881089/p
2026-07-07 22:05:39,Chedraui,lacteos-y-huevo,,Yoghurt Lala Coco Sin Azúcar 120g,3902154,,17.50,https://www.chedraui.com.mx/yoghurt-lala-coco-sin-azucar-120g-3902154/p
2026-07-07 22:05:39,Chedraui,lacteos-y-huevo,,Yogurth Bebible Chobani Mango 207ml,3866851,,35.00,https://www.chedraui.com.mx/yogurth-bebible-chobani-mango-207ml-3866851/p
2026-07-07 22:05:39,Chedraui,lacteos-y-huevo,,Yoghurt Nutri Yoghurt Bebible Durazno 210g,3768096,,12.50,https://www.chedraui.com.mx/yoghurt-nutri-yoghurt-bebible-durazno-210g-3768096/p
2026-07-07 22:05:39,Chedraui,lacteos-y-huevo,,Yoghurt Licuado Nestlé Nuez Cereal 500g,3672013,,37.00,https://www.chedraui.com.mx/yoghurt-licuado-nestle-nuez-cereal-500g-3672013/p
2026-07-07 22:05:39,Chedraui,lacteos-y-huevo,,Yoghurt Yoplait Bebible Disfruta Fresa 307g,3424040,,25.50,https://www.chedraui.com.mx/yoghurt-yoplait-bebible-disfruta-fresa-307g-3424040/p
2026-07-07 22:05:39,Chedraui,lacteos-y-huevo,,Prod. Lácteo Tamariz Deslactosado 1L,3731349,23.00,19.00,https://www.chedraui.com.mx/prod-lacteo-tamariz-deslactosado-1l-3731349/p
2026-07-07 22:05:39,Chedraui,lacteos-y-huevo,,Huevo Kaki Blanco 12 Piezas,3229830,42.00,39.00,https://www.chedraui.com.mx/huevo-kaki-blanco-12-piezas-3229830/p
2026-07-07 22:05:39,Chedraui,lacteos-y-huevo,,Leche Uht Lala 100 Mundial Prot Semi 1L,3902393,,37.50,https://www.chedraui.com.mx/leche-uht-lala-100-mundial-prot-semi-1l-3902393/p
2026-07-07 22:05:39,Chedraui,lacteos-y-huevo,,Mantequilla Flor de Alfalfa Ghee Clarific 400g,3703570,,237.50,https://www.chedraui.com.mx/mantequilla-flor-de-alfalfa-ghee-clarific-400g-3703570/p
2026-07-07 22:05:39,Chedraui,lacteos-y-huevo,,Manteca Chedraui 250g,3888982,,15.50,https://www.chedraui.com.mx/manteca-chedraui-250g-3888982/p
2026-07-07 22:05:39,Chedraui,lacteos-y-huevo,,Producto Lácteo Nutri Rindes Bolsa 240g,3866709,,36.00,https://www.chedraui.com.mx/producto-lacteo-nutri-rindes-bolsa-240g-3866709/p
2026-07-07 22:05:39,Chedraui,lacteos-y-huevo,,Kefir Marusia Frutos Rojos 210ml,3885604,,35.00,https://www.chedraui.com.mx/kefir-marusia-frutos-rojos-210ml-3885604/p
2026-07-07 22:05:39,Chedraui,lacteos-y-huevo,,Bebida Vegetal Nature's Heart Origen 946ml,3769342,,40.00,https://www.chedraui.com.mx/bebida-vegetal-natures-heart-origen-946ml-3769342/p
2026-07-07 22:05:39,Chedraui,lacteos-y-huevo,,Margarina Untable Light La Villita 400g,3821195,,35.00,https://www.chedraui.com.mx/margarina-untable-light-la-villita-400g-3821195/p
2026-07-07 22:05:39,Chedraui,lacteos-y-huevo,,Coconut Milk Almendra Calahua sabor Coco y Almendra Sin Azúcar ni Lactosa 1L,3429276,,45.00,https://www.chedraui.com.mx/coconut-milk-almendra-calahua-sabor-coco-y-almendra-sin-azucar-ni-lactosa-1l-3429276/p
2026-07-07 22:05:39,Chedraui,lacteos-y-huevo,,Hummus Samarit Hanna Chipotle 240g,3886393,,108.00,https://www.chedraui.com.mx/hummus-samarit-hanna-chipotle-240g-3886393/p
2026-07-07 22:05:54,Chedraui,lacteos-y-huevo,,Huevo Blanco Henne Libre de Jaula 12 Piezas,3542205,,57.00,https://www.chedraui.com.mx/huevo-blanco-henne-libre-de-jaula-12-piezas-3542205/p
2026-07-07 22:05:54,Chedraui,lacteos-y-huevo,,Licuado de Yoghurt Fresa Avena 435g,3834618,,28.50,https://www.chedraui.com.mx/licuado-de-yoghurt-fresa-avena-435g-3834618/p
2026-07-07 22:05:54,Chedraui,lacteos-y-huevo,,Margarina delicia Sin Sal 225g,3015822,,35.00,https://www.chedraui.com.mx/margarina-delicia-sin-sal-225g-3015822/p
2026-07-07 22:05:54,Chedraui,lacteos-y-huevo,,Leche Queretaro UHT Entera 1L,3104517,,28.00,https://www.chedraui.com.mx/leche-queretaro-uht-entera-1l-3104517/p
2026-07-07 22:05:54,Chedraui,lacteos-y-huevo,,Yogurt Batido Alpura Fresa Chocolate Arroz 125g,3900576,,15.50,https://www.chedraui.com.mx/yogurt-batido-alpura-fresa-chocolate-arroz-125g-3900576/p
2026-07-07 22:05:54,Chedraui,lacteos-y-huevo,,Yoghurt Bebible Surtido Nutri 6 Piezas 210g,3820280,48.00,46.00,https://www.chedraui.com.mx/yoghurt-bebible-surtido-nutri-6-piezas-210g-3820280/p
2026-07-07 22:05:54,Chedraui,lacteos-y-huevo,,Yoghurt Lala Coco Sin Azúcar 900g,3901835,,105.00,https://www.chedraui.com.mx/yoghurt-lala-coco-sin-azucar-900g-3901835/p
2026-07-07 22:05:54,Chedraui,lacteos-y-huevo,,Yoghurt Chamyto Natural 5 Piezas 80g,3673691,,43.00,https://www.chedraui.com.mx/yoghurt-chamyto-natural-5-piezas-80g-3673691/p
2026-07-07 22:05:54,Chedraui,lacteos-y-huevo,,Yoghurt Bebible León Sabor Fresa 236g,3014931,,8.00,https://www.chedraui.com.mx/yoghurt-bebible-leon-sabor-fresa-236g-3014931/p
2026-07-07 22:05:54,Chedraui,lacteos-y-huevo,,Yoghurt Alpura Toys Bat Fresa Ind 125 g,3839737,,26.00,https://www.chedraui.com.mx/yoghurt-alpura-toys-bat-fresa-ind-125-g-3839737/p
2026-07-07 22:05:54,Chedraui,lacteos-y-huevo,,Yoghurt Leoli Batido Almendra Fresa 150g,3767955,,27.00,https://www.chedraui.com.mx/yoghurt-leoli-batido-almendra-fresa-150g-3767955/p
2026-07-07 22:05:54,Chedraui,lacteos-y-huevo,,Yoghurt Leoli Batido Coco Natural 150g,3767957,,27.00,https://www.chedraui.com.mx/yoghurt-leoli-batido-coco-natural-150g-3767957/p
2026-07-07 22:05:54,Chedraui,lacteos-y-huevo,,Yoghurt Danone Vainilla Oreo 110g,3890554,,25.50,https://www.chedraui.com.mx/yoghurt-danone-vainilla-oreo-110g-3890554/p
2026-07-07 22:05:54,Chedraui,lacteos-y-huevo,,Pastel Americano Vainilla Colores,3874798,,119.00,https://www.chedraui.com.mx/pastel-americano-vainilla-colores-3874798/p
2026-07-07 22:05:54,Chedraui,lacteos-y-huevo,,Alimento para Niños de Corta Edad Nido Kinder 1+ Deslactosado 800g,3285316,,205.00,https://www.chedraui.com.mx/alimento-para-ninos-de-corta-edad-nido-kinder-1-deslactosado-800g-3285316/p
2026-07-07 22:05:54,Chedraui,lacteos-y-huevo,,Leche Querétaro Deslactosada 900g,3710979,,20.00,https://www.chedraui.com.mx/leche-queretaro-deslactosada-900g-3710979/p
